ts,cell_id,throughput,latency,jitter,packet_loss,cell_load,is_missing,is_anomaly
2026-08-15 15:47:00+00:00,cell_001,103.13,19.95,5.14,0.76,92.22,False,False
2026-08-15 15:48:00+00:00,cell_001,99.81,21.07,4.58,0.4,95.31,False,False
2026-08-15 15:49:00+00:00,cell_001,100.55,22.59,5.23,0.68,88.7,False,False
2026-08-15 15:50:00+00:00,cell_001,103.18,20.82,5.18,0.45,83.72,False,False
2026-08-15 15:51:00+00:00,cell_001,99.09,21.19,4.98,0.46,91.54,False,False
2026-08-15 15:52:00+00:00,cell_001,99.77,21.33,4.33,0.94,84.94,False,False
2026-08-15 15:53:00+00:00,cell_001,102.16,19.47,5.28,0.77,93.51,False,False
2026-08-15 15:54:00+00:00,cell_001,105.68,20.47,4.83,0.71,93.83,False,False
2026-08-15 15:55:00+00:00,cell_001,104.17,20.43,4.75,0.66,100.0,False,False
2026-08-15 15:56:00+00:00,cell_001,105.06,18.46,4.72,0.81,97.37,False,False
2026-08-15 15:57:00+00:00,cell_001,102.11,21.36,4.49,0.65,91.6,False,False
2026-08-15 15:58:00+00:00,cell_001,106.49,19.63,5.22,0.6,88.86,False,False
2026-08-15 15:59:00+00:00,cell_001,96.87,21.23,5.78,0.96,94.44,False,False
2026-08-15 16:00:00+00:00,cell_001,108.24,19.78,4.9,0.63,91.44,False,False
2026-08-15 16:01:00+00:00,cell_001,108.72,22.57,5.31,1.02,87.46,False,False
2026-08-15 16:02:00+00:00,cell_001,103.72,20.24,5.04,0.64,79.38,False,False
2026-08-15 16:03:00+00:00,cell_001,104.94,22.43,5.14,0.9,100.0,False,False
2026-08-15 16:04:00+00:00,cell_001,102.41,20.32,5.04,0.8,94.83,False,False
2026-08-15 16:05:00+00:00,cell_001,101.99,20.43,5.29,0.86,92.6,False,False
2026-08-15 16:06:00+00:00,cell_001,100.87,22.04,4.69,0.8,89.56,False,False
2026-08-15 16:07:00+00:00,cell_001,102.65,19.54,5.08,0.89,98.65,False,False
2026-08-15 16:08:00+00:00,cell_001,104.55,20.5,5.39,1.04,93.48,False,False
2026-08-15 16:09:00+00:00,cell_001,104.23,20.98,5.25,0.57,81.97,False,False
2026-08-15 16:10:00+00:00,cell_001,109.02,20.83,5.14,1.04,87.53,False,False
2026-08-15 16:11:00+00:00,cell_001,103.46,20.46,5.06,0.68,92.48,False,False
2026-08-15 16:12:00+00:00,cell_001,98.78,20.31,4.92,0.38,94.62,False,False
2026-08-15 16:13:00+00:00,cell_001,108.27,21.24,4.92,0.88,87.01,False,False
2026-08-15 16:14:00+00:00,cell_001,99.77,20.56,4.56,0.91,96.0,False,False
2026-08-15 16:15:00+00:00,cell_001,101.84,21.34,5.17,0.84,81.59,False,False
2026-08-15 16:16:00+00:00,cell_001,104.43,20.75,5.43,0.67,86.83,False,False
2026-08-15 16:17:00+00:00,cell_001,104.96,21.0,5.1,0.55,86.93,False,False
2026-08-15 16:18:00+00:00,cell_001,99.47,21.47,5.02,0.63,92.64,False,False
2026-08-15 16:19:00+00:00,cell_001,101.66,20.02,5.19,0.77,94.29,False,False
2026-08-15 16:20:00+00:00,cell_001,99.55,21.42,4.37,0.68,94.06,False,False
2026-08-15 16:21:00+00:00,cell_001,105.95,20.15,4.85,0.53,80.59,False,False
2026-08-15 16:22:00+00:00,cell_001,107.73,18.89,4.98,0.68,88.14,False,False
2026-08-15 16:23:00+00:00,cell_001,100.61,19.95,4.48,0.57,79.64,False,False
2026-08-15 16:24:00+00:00,cell_001,107.36,19.54,5.04,0.6,87.38,False,False
2026-08-15 16:25:00+00:00,cell_001,107.26,20.63,4.43,0.88,95.4,False,False
2026-08-15 16:26:00+00:00,cell_001,102.58,19.96,5.19,0.5,97.07,False,False
2026-08-15 16:27:00+00:00,cell_001,98.71,20.36,5.05,0.8,89.23,False,False
2026-08-15 16:28:00+00:00,cell_001,101.54,21.23,4.92,0.62,88.16,False,False
2026-08-15 16:29:00+00:00,cell_001,103.06,21.69,5.2,0.79,85.72,False,False
2026-08-15 16:30:00+00:00,cell_001,109.57,20.49,5.02,0.55,86.36,False,False
2026-08-15 16:31:00+00:00,cell_001,104.69,21.27,5.11,0.69,93.62,False,False
2026-08-15 16:32:00+00:00,cell_001,102.12,19.99,5.05,0.56,81.89,False,False
2026-08-15 16:33:00+00:00,cell_001,105.69,18.6,4.7,0.79,84.75,False,False
2026-08-15 16:34:00+00:00,cell_001,101.45,18.97,5.43,0.36,86.05,False,False
2026-08-15 16:35:00+00:00,cell_001,106.98,19.94,5.33,0.71,82.28,False,False
2026-08-15 16:36:00+00:00,cell_001,102.61,20.92,5.08,0.46,88.22,False,False
2026-08-15 16:37:00+00:00,cell_001,103.14,19.92,4.99,0.6,93.31,False,False
2026-08-15 16:38:00+00:00,cell_001,106.86,21.28,5.17,0.66,88.58,False,False
2026-08-15 16:39:00+00:00,cell_001,111.09,21.92,5.32,0.87,81.78,False,False
2026-08-15 16:40:00+00:00,cell_001,112.53,19.18,5.51,0.39,81.4,False,False
2026-08-15 16:41:00+00:00,cell_001,102.92,22.19,4.77,0.35,78.66,False,False
2026-08-15 16:42:00+00:00,cell_001,104.35,18.41,5.24,0.95,84.32,False,False
2026-08-15 16:43:00+00:00,cell_001,107.79,21.88,4.9,0.65,80.57,False,False
2026-08-15 16:44:00+00:00,cell_001,109.85,19.99,4.44,0.37,85.82,False,False
2026-08-15 16:45:00+00:00,cell_001,99.95,19.78,5.17,0.64,80.97,False,False
2026-08-15 16:46:00+00:00,cell_001,106.81,19.99,5.36,0.62,77.31,False,False
2026-08-15 16:47:00+00:00,cell_001,105.19,19.19,5.2,0.6,74.51,False,False
2026-08-15 16:48:00+00:00,cell_001,100.98,21.47,4.86,0.76,87.21,False,False
2026-08-15 16:49:00+00:00,cell_001,102.85,19.27,5.02,0.38,76.99,False,False
2026-08-15 16:50:00+00:00,cell_001,105.26,19.38,5.11,0.72,86.29,False,False
2026-08-15 16:51:00+00:00,cell_001,107.24,18.55,5.07,0.62,80.42,False,False
2026-08-15 16:52:00+00:00,cell_001,110.19,19.19,5.26,0.7,84.86,False,False
2026-08-15 16:53:00+00:00,cell_001,108.34,19.21,5.17,0.89,83.18,False,False
2026-08-15 16:54:00+00:00,cell_001,110.22,19.13,4.71,0.91,84.03,False,False
2026-08-15 16:55:00+00:00,cell_001,107.56,19.71,4.89,1.03,87.93,False,False
2026-08-15 16:56:00+00:00,cell_001,105.47,18.75,4.73,0.33,79.48,False,False
2026-08-15 16:57:00+00:00,cell_001,107.14,21.45,4.92,0.78,90.33,False,False
2026-08-15 16:58:00+00:00,cell_001,109.89,19.69,4.31,0.86,86.58,False,False
2026-08-15 16:59:00+00:00,cell_001,111.0,20.2,5.45,0.59,80.94,False,False
2026-08-15 17:00:00+00:00,cell_001,107.57,20.68,4.63,0.7,81.33,False,False
2026-08-15 17:01:00+00:00,cell_001,105.33,21.83,4.71,0.97,82.93,False,False
2026-08-15 17:02:00+00:00,cell_001,109.23,20.7,4.88,0.66,80.09,False,False
2026-08-15 17:03:00+00:00,cell_001,109.77,19.53,4.44,0.96,73.39,False,False
2026-08-15 17:04:00+00:00,cell_001,112.14,18.69,4.75,0.69,77.06,False,False
2026-08-15 17:05:00+00:00,cell_001,106.51,20.09,4.89,0.79,76.91,False,False
2026-08-15 17:06:00+00:00,cell_001,106.65,20.8,5.33,0.89,80.7,False,False
2026-08-15 17:07:00+00:00,cell_001,111.03,19.87,4.88,0.48,75.46,False,False
2026-08-15 17:08:00+00:00,cell_001,107.65,19.78,4.71,0.79,85.57,False,False
2026-08-15 17:09:00+00:00,cell_001,107.63,19.91,4.49,0.6,81.93,False,False
2026-08-15 17:10:00+00:00,cell_001,112.85,17.81,5.47,0.94,79.07,False,False
2026-08-15 17:11:00+00:00,cell_001,105.09,19.82,4.84,0.64,76.92,False,False
2026-08-15 17:12:00+00:00,cell_001,115.48,20.39,4.84,0.63,80.98,False,False
2026-08-15 17:13:00+00:00,cell_001,107.58,19.6,4.4,0.53,85.44,False,False
2026-08-15 17:14:00+00:00,cell_001,112.13,20.75,4.97,0.69,71.2,False,False
2026-08-15 17:15:00+00:00,cell_001,109.31,20.77,4.63,0.81,72.96,False,False
2026-08-15 17:16:00+00:00,cell_001,110.56,19.1,5.24,0.71,75.17,False,False
2026-08-15 17:17:00+00:00,cell_001,109.07,20.03,4.94,1.14,73.63,False,False
2026-08-15 17:18:00+00:00,cell_001,112.54,19.62,4.83,0.61,72.81,False,False
2026-08-15 17:19:00+00:00,cell_001,109.04,17.53,4.39,0.52,79.96,False,False
2026-08-15 17:20:00+00:00,cell_001,108.47,19.36,4.76,0.67,79.58,False,False
2026-08-15 17:21:00+00:00,cell_001,115.74,18.5,4.72,0.77,77.74,False,False
2026-08-15 17:22:00+00:00,cell_001,110.5,19.65,4.81,0.44,80.5,False,False
2026-08-15 17:23:00+00:00,cell_001,108.5,20.19,4.18,0.96,78.96,False,False
2026-08-15 17:24:00+00:00,cell_001,106.17,19.27,4.5,0.64,75.42,False,False
2026-08-15 17:25:00+00:00,cell_001,116.35,18.58,4.62,1.03,76.92,False,False
2026-08-15 17:26:00+00:00,cell_001,109.21,19.7,4.91,0.96,80.02,False,False
2026-08-15 17:27:00+00:00,cell_001,117.16,21.89,4.18,0.83,72.72,False,False
2026-08-15 17:28:00+00:00,cell_001,112.29,17.26,5.17,0.69,80.14,False,False
2026-08-15 17:29:00+00:00,cell_001,111.63,19.66,5.12,0.49,62.46,False,False
2026-08-15 17:30:00+00:00,cell_001,111.83,18.86,4.45,0.57,78.22,False,False
2026-08-15 17:31:00+00:00,cell_001,118.08,18.97,5.48,0.48,79.83,False,False
2026-08-15 17:32:00+00:00,cell_001,104.97,19.28,4.81,0.47,73.27,False,False
2026-08-15 17:33:00+00:00,cell_001,112.3,19.02,4.7,0.75,83.28,False,False
2026-08-15 17:34:00+00:00,cell_001,110.98,19.95,4.91,0.75,83.54,False,False
2026-08-15 17:35:00+00:00,cell_001,111.25,19.1,4.85,0.38,78.73,False,False
2026-08-15 17:36:00+00:00,cell_001,112.45,17.16,4.76,0.59,85.64,False,False
2026-08-15 17:37:00+00:00,cell_001,111.32,20.59,4.39,0.52,73.39,False,False
2026-08-15 17:38:00+00:00,cell_001,112.8,20.42,4.58,0.98,81.66,False,False
2026-08-15 17:39:00+00:00,cell_001,112.28,18.67,4.82,0.27,84.17,False,False
2026-08-15 17:40:00+00:00,cell_001,108.52,19.32,4.96,1.07,71.26,False,False
2026-08-15 17:41:00+00:00,cell_001,113.72,20.47,5.13,0.8,77.21,False,False
2026-08-15 17:42:00+00:00,cell_001,114.84,20.27,4.56,0.17,69.29,False,False
2026-08-15 17:43:00+00:00,cell_001,111.19,20.58,4.72,0.55,80.71,False,False
2026-08-15 17:44:00+00:00,cell_001,118.53,19.58,4.49,0.77,84.73,False,False
2026-08-15 17:45:00+00:00,cell_001,117.05,19.96,5.01,0.55,73.52,False,False
2026-08-15 17:46:00+00:00,cell_001,115.69,20.59,4.59,0.63,75.94,False,False
2026-08-15 17:47:00+00:00,cell_001,115.77,18.82,4.5,1.13,73.4,False,False
2026-08-15 17:48:00+00:00,cell_001,113.48,19.59,4.69,0.59,88.28,False,False
2026-08-15 17:49:00+00:00,cell_001,116.93,16.99,4.17,0.46,71.13,False,False
2026-08-15 17:50:00+00:00,cell_001,118.34,17.54,4.83,0.86,70.96,False,False
2026-08-15 17:51:00+00:00,cell_001,116.17,19.61,4.57,0.4,78.17,False,False
2026-08-15 17:52:00+00:00,cell_001,112.15,19.75,5.49,0.82,74.79,False,False
2026-08-15 17:53:00+00:00,cell_001,113.86,18.69,4.47,0.79,87.65,False,False
2026-08-15 17:54:00+00:00,cell_001,115.82,18.46,4.57,1.04,84.87,False,False
2026-08-15 17:55:00+00:00,cell_001,116.73,18.69,4.95,0.76,77.88,False,False
2026-08-15 17:56:00+00:00,cell_001,114.1,19.23,4.87,0.63,79.3,False,False
2026-08-15 17:57:00+00:00,cell_001,112.75,16.71,4.95,0.67,78.16,False,False
2026-08-15 17:58:00+00:00,cell_001,119.32,19.47,4.55,1.1,79.58,False,False
2026-08-15 17:59:00+00:00,cell_001,111.47,19.02,4.28,0.68,76.82,False,False
2026-08-15 18:00:00+00:00,cell_001,111.98,19.22,5.42,0.63,69.01,False,False
2026-08-15 18:01:00+00:00,cell_001,110.95,18.84,4.77,0.66,69.8,False,False
2026-08-15 18:02:00+00:00,cell_001,112.22,17.56,4.68,0.76,78.62,False,False
2026-08-15 18:03:00+00:00,cell_001,118.91,17.83,4.85,0.59,71.11,False,False
2026-08-15 18:04:00+00:00,cell_001,119.13,20.44,4.21,0.46,80.18,False,False
2026-08-15 18:05:00+00:00,cell_001,115.18,18.26,4.46,0.53,76.95,False,False
2026-08-15 18:06:00+00:00,cell_001,117.01,19.7,4.28,0.49,67.24,False,False
2026-08-15 18:07:00+00:00,cell_001,115.61,17.79,4.64,0.63,67.28,False,False
2026-08-15 18:08:00+00:00,cell_001,112.19,18.84,4.17,0.54,66.34,False,False
2026-08-15 18:09:00+00:00,cell_001,122.54,18.4,4.79,0.63,76.65,False,False
2026-08-15 18:10:00+00:00,cell_001,120.13,18.54,4.93,0.63,78.39,False,False
2026-08-15 18:11:00+00:00,cell_001,117.19,18.47,4.92,0.71,70.48,False,False
2026-08-15 18:12:00+00:00,cell_001,113.67,20.24,4.7,0.47,72.25,False,False
2026-08-15 18:13:00+00:00,cell_001,115.69,20.71,4.62,1.0,73.73,False,False
2026-08-15 18:14:00+00:00,cell_001,114.41,19.01,4.44,0.91,76.36,False,False
2026-08-15 18:15:00+00:00,cell_001,116.9,18.34,4.69,0.77,70.08,False,False
2026-08-15 18:16:00+00:00,cell_001,117.65,17.41,4.52,0.81,73.85,False,False
2026-08-15 18:17:00+00:00,cell_001,115.82,17.33,3.99,0.43,71.16,False,False
2026-08-15 18:18:00+00:00,cell_001,112.6,20.16,4.36,0.54,63.58,False,False
2026-08-15 18:19:00+00:00,cell_001,123.48,17.23,4.78,0.56,78.07,False,False
2026-08-15 18:20:00+00:00,cell_001,117.92,18.24,4.2,0.37,72.66,False,False
2026-08-15 18:21:00+00:00,cell_001,118.7,18.82,4.19,0.58,69.97,False,False
2026-08-15 18:22:00+00:00,cell_001,116.18,16.05,4.47,1.11,66.99,False,False
2026-08-15 18:23:00+00:00,cell_001,112.89,17.38,3.87,0.67,67.09,False,False
2026-08-15 18:24:00+00:00,cell_001,117.44,17.28,4.74,0.96,63.24,False,False
2026-08-15 18:25:00+00:00,cell_001,116.84,17.94,4.71,0.94,64.71,False,False
2026-08-15 18:26:00+00:00,cell_001,120.06,18.85,4.79,0.46,65.48,False,False
2026-08-15 18:27:00+00:00,cell_001,120.78,19.6,4.57,0.66,67.25,False,False
2026-08-15 18:28:00+00:00,cell_001,120.47,17.9,4.25,0.57,76.48,False,False
2026-08-15 18:29:00+00:00,cell_001,121.27,18.08,4.13,0.83,72.7,False,False
2026-08-15 18:30:00+00:00,cell_001,123.83,18.41,4.66,0.74,64.97,False,False
2026-08-15 18:31:00+00:00,cell_001,119.71,17.71,4.7,0.98,61.45,False,False
2026-08-15 18:32:00+00:00,cell_001,121.96,18.92,4.15,0.69,64.68,False,False
2026-08-15 18:33:00+00:00,cell_001,120.27,18.93,4.1,0.81,76.34,False,False
2026-08-15 18:34:00+00:00,cell_001,113.21,15.75,4.47,0.52,72.28,False,False
2026-08-15 18:35:00+00:00,cell_001,118.57,19.09,4.51,0.35,67.91,False,False
2026-08-15 18:36:00+00:00,cell_001,116.55,18.57,4.75,0.78,68.57,False,False
2026-08-15 18:37:00+00:00,cell_001,119.97,18.68,4.66,0.67,74.23,False,False
2026-08-15 18:38:00+00:00,cell_001,117.03,19.59,4.43,0.75,68.24,False,False
2026-08-15 18:39:00+00:00,cell_001,121.34,16.61,4.76,0.92,79.53,False,False
2026-08-15 18:40:00+00:00,cell_001,122.59,17.12,4.34,0.71,68.46,False,False
2026-08-15 18:41:00+00:00,cell_001,123.38,18.29,4.35,0.81,63.24,False,False
2026-08-15 18:42:00+00:00,cell_001,124.75,16.03,4.7,0.84,57.64,False,False
2026-08-15 18:43:00+00:00,cell_001,114.98,18.12,4.72,0.61,69.8,False,False
2026-08-15 18:44:00+00:00,cell_001,116.54,19.16,4.73,0.52,66.39,False,False
2026-08-15 18:45:00+00:00,cell_001,129.04,18.7,4.37,1.03,62.6,False,False
2026-08-15 18:46:00+00:00,cell_001,123.41,18.37,4.45,0.71,70.6,False,False
2026-08-15 18:47:00+00:00,cell_001,121.18,18.04,4.16,0.69,68.33,False,False
2026-08-15 18:48:00+00:00,cell_001,120.72,17.83,4.68,0.44,64.53,False,False
2026-08-15 18:49:00+00:00,cell_001,120.58,17.76,4.23,0.68,68.21,False,False
2026-08-15 18:50:00+00:00,cell_001,115.07,18.46,3.81,0.7,65.84,False,False
2026-08-15 18:51:00+00:00,cell_001,118.68,16.66,4.27,0.44,71.0,False,False
2026-08-15 18:52:00+00:00,cell_001,120.78,19.66,4.14,0.78,66.67,False,False
2026-08-15 18:53:00+00:00,cell_001,119.09,17.44,3.58,0.58,64.16,False,False
2026-08-15 18:54:00+00:00,cell_001,119.61,18.72,4.22,0.19,72.14,False,False
2026-08-15 18:55:00+00:00,cell_001,129.16,18.23,4.62,0.52,60.42,False,False
2026-08-15 18:56:00+00:00,cell_001,120.85,16.98,4.5,0.82,58.57,False,False
2026-08-15 18:57:00+00:00,cell_001,122.57,19.41,4.5,0.45,62.47,False,False
2026-08-15 18:58:00+00:00,cell_001,122.58,19.19,4.8,1.11,56.38,False,False
2026-08-15 18:59:00+00:00,cell_001,123.75,16.52,4.19,0.72,57.47,False,False
2026-08-15 19:00:00+00:00,cell_001,120.67,18.0,4.02,1.07,63.81,False,False
2026-08-15 19:01:00+00:00,cell_001,125.96,18.27,4.51,0.4,65.15,False,False
2026-08-15 19:02:00+00:00,cell_001,123.68,15.97,4.46,0.38,63.37,False,False
2026-08-15 19:03:00+00:00,cell_001,118.61,15.91,3.97,0.57,67.06,False,False
2026-08-15 19:04:00+00:00,cell_001,122.27,17.18,4.29,0.37,62.05,False,False
2026-08-15 19:05:00+00:00,cell_001,122.2,16.69,4.5,0.53,54.75,False,False
2026-08-15 19:06:00+00:00,cell_001,122.18,16.94,4.42,0.94,67.82,False,False
2026-08-15 19:07:00+00:00,cell_001,124.49,16.66,4.55,0.56,63.52,False,False
2026-08-15 19:08:00+00:00,cell_001,124.99,17.83,4.13,0.3,67.26,False,False
2026-08-15 19:09:00+00:00,cell_001,124.76,17.05,3.9,0.68,66.75,False,False
2026-08-15 19:10:00+00:00,cell_001,124.35,19.04,4.04,0.88,68.88,False,False
2026-08-15 19:11:00+00:00,cell_001,123.71,18.09,4.57,0.24,58.89,False,False
2026-08-15 19:12:00+00:00,cell_001,117.12,18.69,4.62,0.35,57.23,False,False
2026-08-15 19:13:00+00:00,cell_001,126.03,16.19,4.26,0.63,62.56,False,False
2026-08-15 19:14:00+00:00,cell_001,125.29,17.23,4.76,0.37,62.12,False,False
2026-08-15 19:15:00+00:00,cell_001,120.99,17.98,4.25,0.58,68.95,False,False
2026-08-15 19:16:00+00:00,cell_001,124.91,18.29,4.14,0.9,65.11,False,False
2026-08-15 19:17:00+00:00,cell_001,126.13,17.17,3.86,0.54,63.15,False,False
2026-08-15 19:18:00+00:00,cell_001,127.83,17.3,4.26,0.7,56.18,False,False
2026-08-15 19:19:00+00:00,cell_001,125.97,17.4,4.6,0.72,58.57,False,False
2026-08-15 19:20:00+00:00,cell_001,125.52,17.47,4.66,0.45,53.87,False,False
2026-08-15 19:21:00+00:00,cell_001,127.52,19.92,4.59,0.4,57.71,False,False
2026-08-15 19:22:00+00:00,cell_001,123.88,18.06,4.42,0.81,62.56,False,False
2026-08-15 19:23:00+00:00,cell_001,126.16,17.77,4.74,0.62,63.75,False,False
2026-08-15 19:24:00+00:00,cell_001,123.18,16.45,3.97,0.65,64.55,False,False
2026-08-15 19:25:00+00:00,cell_001,128.5,16.46,4.61,0.6,65.02,False,False
2026-08-15 19:26:00+00:00,cell_001,120.46,17.47,4.33,0.58,63.89,False,False
2026-08-15 19:27:00+00:00,cell_001,127.86,18.8,4.31,0.64,57.88,False,False
2026-08-15 19:28:00+00:00,cell_001,125.59,17.45,3.81,0.38,56.92,False,False
2026-08-15 19:29:00+00:00,cell_001,128.55,17.48,4.34,0.68,67.08,False,False
2026-08-15 19:30:00+00:00,cell_001,123.44,16.88,4.58,0.4,58.48,False,False
2026-08-15 19:31:00+00:00,cell_001,126.17,15.86,3.59,1.07,58.56,False,False
2026-08-15 19:32:00+00:00,cell_001,126.2,18.03,4.46,0.72,59.54,False,False
2026-08-15 19:33:00+00:00,cell_001,127.45,17.32,3.53,0.66,52.52,False,False
2026-08-15 19:34:00+00:00,cell_001,123.12,18.01,3.79,0.39,58.91,False,False
2026-08-15 19:35:00+00:00,cell_001,128.3,17.7,4.18,0.82,51.86,False,False
2026-08-15 19:36:00+00:00,cell_001,120.97,16.57,4.68,0.5,62.67,False,False
2026-08-15 19:37:00+00:00,cell_001,124.63,17.74,4.16,0.72,57.16,False,False
2026-08-15 19:38:00+00:00,cell_001,122.06,16.21,4.34,0.46,56.31,False,False
2026-08-15 19:39:00+00:00,cell_001,129.36,17.7,3.92,0.21,49.48,False,False
2026-08-15 19:40:00+00:00,cell_001,128.19,17.41,4.13,0.9,60.53,False,False
2026-08-15 19:41:00+00:00,cell_001,128.48,19.0,4.17,0.71,70.74,False,False
2026-08-15 19:42:00+00:00,cell_001,131.66,16.57,4.67,0.51,55.76,False,False
2026-08-15 19:43:00+00:00,cell_001,126.41,16.1,3.95,0.99,58.23,False,False
2026-08-15 19:44:00+00:00,cell_001,129.31,17.0,3.97,0.59,66.22,False,False
2026-08-15 19:45:00+00:00,cell_001,127.8,18.01,4.49,0.83,70.02,False,False
2026-08-15 19:46:00+00:00,cell_001,127.46,14.58,4.09,0.26,51.98,False,False
2026-08-15 19:47:00+00:00,cell_001,131.76,18.24,4.19,0.52,63.93,False,False
2026-08-15 19:48:00+00:00,cell_001,134.2,17.14,4.28,0.53,43.85,False,False
2026-08-15 19:49:00+00:00,cell_001,126.79,16.19,3.96,0.39,41.83,False,False
2026-08-15 19:50:00+00:00,cell_001,130.7,16.95,3.53,0.41,48.48,False,False
2026-08-15 19:51:00+00:00,cell_001,129.28,16.57,4.46,0.62,55.42,False,False
2026-08-15 19:52:00+00:00,cell_001,129.43,16.07,4.17,0.55,47.14,False,False
2026-08-15 19:53:00+00:00,cell_001,129.3,15.34,3.75,0.55,63.53,False,False
2026-08-15 19:54:00+00:00,cell_001,127.68,17.99,4.36,0.48,57.04,False,False
2026-08-15 19:55:00+00:00,cell_001,118.04,16.69,4.73,0.79,59.78,False,False
2026-08-15 19:56:00+00:00,cell_001,133.52,16.84,4.48,0.33,54.8,False,False
2026-08-15 19:57:00+00:00,cell_001,126.95,18.06,4.74,0.59,53.42,False,False
2026-08-15 19:58:00+00:00,cell_001,128.43,17.26,3.74,0.49,55.82,False,False
2026-08-15 19:59:00+00:00,cell_001,128.61,15.63,4.18,0.47,65.83,False,False
2026-08-15 20:00:00+00:00,cell_001,127.04,17.85,4.21,0.14,56.94,False,False
2026-08-15 20:01:00+00:00,cell_001,130.23,18.64,4.06,0.57,56.6,False,False
2026-08-15 20:02:00+00:00,cell_001,129.5,17.65,4.0,0.46,50.38,False,False
2026-08-15 20:03:00+00:00,cell_001,127.6,16.27,3.2,0.63,50.48,False,False
2026-08-15 20:04:00+00:00,cell_001,130.32,15.64,4.59,1.19,51.96,False,False
2026-08-15 20:05:00+00:00,cell_001,129.89,16.2,3.6,0.61,58.28,False,False
2026-08-15 20:06:00+00:00,cell_001,132.89,17.19,4.35,0.67,56.69,False,False
2026-08-15 20:07:00+00:00,cell_001,126.2,18.5,4.08,0.42,45.03,False,False
2026-08-15 20:08:00+00:00,cell_001,127.92,16.3,4.06,0.61,57.01,False,False
2026-08-15 20:09:00+00:00,cell_001,132.63,16.39,4.0,0.55,58.22,False,False
2026-08-15 20:10:00+00:00,cell_001,128.65,18.05,4.12,0.41,57.42,False,False
2026-08-15 20:11:00+00:00,cell_001,127.98,16.58,4.25,0.39,57.18,False,False
2026-08-15 20:12:00+00:00,cell_001,129.04,18.71,4.34,0.67,57.16,False,False
2026-08-15 20:13:00+00:00,cell_001,130.62,16.84,4.01,0.44,55.87,False,False
2026-08-15 20:14:00+00:00,cell_001,130.75,18.14,3.68,0.38,47.22,False,False
2026-08-15 20:15:00+00:00,cell_001,130.53,17.34,3.67,0.83,58.59,False,False
2026-08-15 20:16:00+00:00,cell_001,128.19,17.65,4.35,0.87,62.22,False,False
2026-08-15 20:17:00+00:00,cell_001,133.71,16.75,3.95,0.38,59.79,False,False
2026-08-15 20:18:00+00:00,cell_001,135.49,16.8,3.72,0.78,54.69,False,False
2026-08-15 20:19:00+00:00,cell_001,125.89,17.32,3.8,0.24,52.8,False,False
2026-08-15 20:20:00+00:00,cell_001,127.08,17.68,3.99,0.37,49.89,False,False
2026-08-15 20:21:00+00:00,cell_001,134.86,17.4,3.63,0.32,43.52,False,False
2026-08-15 20:22:00+00:00,cell_001,136.68,15.09,4.0,0.46,57.58,False,False
2026-08-15 20:23:00+00:00,cell_001,125.7,17.1,4.38,0.56,45.19,False,False
2026-08-15 20:24:00+00:00,cell_001,134.65,16.17,3.97,0.31,50.66,False,False
2026-08-15 20:25:00+00:00,cell_001,137.23,16.27,3.47,0.47,50.41,False,False
2026-08-15 20:26:00+00:00,cell_001,129.84,17.26,4.26,0.37,58.45,False,False
2026-08-15 20:27:00+00:00,cell_001,137.28,18.48,4.32,0.61,55.35,False,False
2026-08-15 20:28:00+00:00,cell_001,132.12,16.54,4.34,0.58,48.82,False,False
2026-08-15 20:29:00+00:00,cell_001,133.71,18.73,4.0,0.84,51.18,False,False
2026-08-15 20:30:00+00:00,cell_001,130.73,15.65,4.68,0.21,50.57,False,False
2026-08-15 20:31:00+00:00,cell_001,136.0,17.96,4.2,0.78,54.58,False,False
2026-08-15 20:32:00+00:00,cell_001,135.61,17.15,4.87,0.78,46.27,False,False
2026-08-15 20:33:00+00:00,cell_001,138.4,16.91,4.37,0.45,52.66,False,False
2026-08-15 20:34:00+00:00,cell_001,137.66,18.07,4.32,0.48,50.03,False,False
2026-08-15 20:35:00+00:00,cell_001,133.42,16.04,3.77,0.62,63.16,False,False
2026-08-15 20:36:00+00:00,cell_001,142.89,17.94,3.67,0.75,46.82,False,False
2026-08-15 20:37:00+00:00,cell_001,137.73,16.44,3.99,0.14,56.75,False,False
2026-08-15 20:38:00+00:00,cell_001,135.41,15.99,3.89,0.46,48.37,False,False
2026-08-15 20:39:00+00:00,cell_001,130.91,15.29,3.78,0.64,49.9,False,False
2026-08-15 20:40:00+00:00,cell_001,129.42,18.19,3.9,0.56,56.99,False,False
2026-08-15 20:41:00+00:00,cell_001,129.79,17.73,3.88,0.55,52.82,False,False
2026-08-15 20:42:00+00:00,cell_001,131.43,16.1,3.74,0.22,49.39,False,False
2026-08-15 20:43:00+00:00,cell_001,138.47,17.11,4.12,0.45,48.04,False,False
2026-08-15 20:44:00+00:00,cell_001,135.91,16.68,3.7,0.47,56.62,False,False
2026-08-15 20:45:00+00:00,cell_001,132.72,16.18,3.91,0.37,47.75,False,False
2026-08-15 20:46:00+00:00,cell_001,134.27,17.49,3.55,0.77,47.6,False,False
2026-08-15 20:47:00+00:00,cell_001,134.01,15.88,3.94,0.47,45.86,False,False
2026-08-15 20:48:00+00:00,cell_001,137.29,14.3,3.97,0.37,58.16,False,False
2026-08-15 20:49:00+00:00,cell_001,132.37,16.74,3.62,0.94,42.7,False,False
2026-08-15 20:50:00+00:00,cell_001,136.16,16.53,3.92,0.63,50.28,False,False
2026-08-15 20:51:00+00:00,cell_001,136.12,15.86,3.87,0.58,50.38,False,False
2026-08-15 20:52:00+00:00,cell_001,132.78,15.55,3.75,0.52,42.58,False,False
2026-08-15 20:53:00+00:00,cell_001,140.2,14.87,3.75,0.41,47.08,False,False
2026-08-15 20:54:00+00:00,cell_001,134.66,16.05,4.02,0.37,46.44,False,False
2026-08-15 20:55:00+00:00,cell_001,132.68,15.53,3.89,0.31,45.15,False,False
2026-08-15 20:56:00+00:00,cell_001,138.32,17.35,4.16,0.47,48.57,False,False
2026-08-15 20:57:00+00:00,cell_001,136.03,16.89,3.56,0.24,49.47,False,False
2026-08-15 20:58:00+00:00,cell_001,137.2,15.88,3.81,0.72,46.33,False,False
2026-08-15 20:59:00+00:00,cell_001,132.53,16.87,3.68,0.4,57.67,False,False
2026-08-15 21:00:00+00:00,cell_001,138.63,16.23,3.88,0.71,44.21,False,False
2026-08-15 21:01:00+00:00,cell_001,142.81,16.05,3.94,0.37,48.67,False,False
2026-08-15 21:02:00+00:00,cell_001,132.61,16.25,3.5,0.61,47.85,False,False
2026-08-15 21:03:00+00:00,cell_001,137.57,18.07,4.03,0.25,50.16,False,False
2026-08-15 21:04:00+00:00,cell_001,134.26,16.93,4.5,0.41,48.04,False,False
2026-08-15 21:05:00+00:00,cell_001,144.79,15.97,3.89,0.43,42.66,False,False
2026-08-15 21:06:00+00:00,cell_001,140.54,17.15,3.58,0.58,49.98,False,False
2026-08-15 21:07:00+00:00,cell_001,137.77,17.1,3.75,0.28,46.69,False,False
2026-08-15 21:08:00+00:00,cell_001,133.35,16.49,3.73,0.82,51.37,False,False
2026-08-15 21:09:00+00:00,cell_001,134.18,15.89,3.63,0.53,50.26,False,False
2026-08-15 21:10:00+00:00,cell_001,139.48,15.81,4.04,0.52,49.22,False,False
2026-08-15 21:11:00+00:00,cell_001,133.26,15.12,3.27,0.24,50.74,False,False
2026-08-15 21:12:00+00:00,cell_001,133.45,16.36,3.9,0.59,43.12,False,False
2026-08-15 21:13:00+00:00,cell_001,137.58,15.56,4.2,0.75,46.29,False,False
2026-08-15 21:14:00+00:00,cell_001,138.05,15.72,4.18,0.34,51.25,False,False
2026-08-15 21:15:00+00:00,cell_001,138.9,16.76,4.11,0.41,46.75,False,False
2026-08-15 21:16:00+00:00,cell_001,136.54,17.82,3.6,0.47,41.59,False,False
2026-08-15 21:17:00+00:00,cell_001,140.72,16.49,4.24,0.46,40.13,False,False
2026-08-15 21:18:00+00:00,cell_001,135.48,16.0,3.91,0.33,49.05,False,False
2026-08-15 21:19:00+00:00,cell_001,140.04,16.07,4.22,0.6,42.3,False,False
2026-08-15 21:20:00+00:00,cell_001,138.91,17.22,4.11,0.76,44.67,False,False
2026-08-15 21:21:00+00:00,cell_001,140.17,16.45,3.88,0.51,51.85,False,False
2026-08-15 21:22:00+00:00,cell_001,142.01,16.25,3.71,0.34,40.48,False,False
2026-08-15 21:23:00+00:00,cell_001,137.2,16.31,4.49,0.3,50.48,False,False
2026-08-15 21:24:00+00:00,cell_001,136.68,14.6,3.24,1.01,39.43,False,False
2026-08-15 21:25:00+00:00,cell_001,133.7,16.41,3.72,0.43,50.3,False,False
2026-08-15 21:26:00+00:00,cell_001,132.8,15.13,3.35,0.62,45.04,False,False
2026-08-15 21:27:00+00:00,cell_001,138.43,16.39,3.8,0.19,35.52,False,False
2026-08-15 21:28:00+00:00,cell_001,138.74,15.24,3.87,0.37,37.85,False,False
2026-08-15 21:29:00+00:00,cell_001,135.9,16.56,3.56,0.73,39.52,False,False
2026-08-15 21:30:00+00:00,cell_001,136.64,15.8,3.58,0.34,44.36,False,False
2026-08-15 21:31:00+00:00,cell_001,143.92,14.8,3.35,0.35,49.2,False,False
2026-08-15 21:32:00+00:00,cell_001,142.08,15.64,3.88,0.59,45.4,False,False
2026-08-15 21:33:00+00:00,cell_001,135.76,18.13,3.6,0.38,39.03,False,False
2026-08-15 21:34:00+00:00,cell_001,138.31,13.63,3.87,0.62,50.44,False,False
2026-08-15 21:35:00+00:00,cell_001,140.96,16.06,3.58,0.38,42.79,False,False
2026-08-15 21:36:00+00:00,cell_001,137.95,14.87,3.81,0.49,38.4,False,False
2026-08-15 21:37:00+00:00,cell_001,137.5,17.25,3.95,0.64,42.28,False,False
2026-08-15 21:38:00+00:00,cell_001,139.01,16.68,3.87,0.42,42.79,False,False
2026-08-15 21:39:00+00:00,cell_001,143.39,16.03,3.79,0.26,38.35,False,False
2026-08-15 21:40:00+00:00,cell_001,143.76,16.75,3.69,0.42,47.26,False,False
2026-08-15 21:41:00+00:00,cell_001,138.1,16.07,3.86,0.31,40.58,False,False
2026-08-15 21:42:00+00:00,cell_001,141.78,15.82,3.53,0.41,38.12,False,False
2026-08-15 21:43:00+00:00,cell_001,140.47,15.2,3.65,0.51,45.21,False,False
2026-08-15 21:44:00+00:00,cell_001,137.56,15.43,3.81,0.51,44.02,False,False
2026-08-15 21:45:00+00:00,cell_001,139.79,15.32,4.16,0.69,45.86,False,False
2026-08-15 21:46:00+00:00,cell_001,136.98,15.78,3.52,0.35,45.63,False,False
2026-08-15 21:47:00+00:00,cell_001,144.35,13.86,3.43,0.5,38.39,False,False
2026-08-15 21:48:00+00:00,cell_001,145.61,16.78,3.78,0.78,41.0,False,False
2026-08-15 21:49:00+00:00,cell_001,139.81,17.68,4.05,0.57,30.23,False,False
2026-08-15 21:50:00+00:00,cell_001,139.19,15.29,3.93,0.7,42.03,False,False
2026-08-15 21:51:00+00:00,cell_001,144.39,16.89,3.69,0.49,42.44,False,False
2026-08-15 21:52:00+00:00,cell_001,144.97,15.57,4.05,0.67,40.12,False,False
2026-08-15 21:53:00+00:00,cell_001,138.06,15.09,3.13,0.47,36.22,False,False
2026-08-15 21:54:00+00:00,cell_001,141.05,15.3,3.98,0.22,46.19,False,False
2026-08-15 21:55:00+00:00,cell_001,141.41,15.75,3.58,0.63,34.75,False,False
2026-08-15 21:56:00+00:00,cell_001,139.36,14.94,3.86,0.58,48.2,False,False
2026-08-15 21:57:00+00:00,cell_001,142.92,16.25,3.97,0.51,32.98,False,True
2026-08-15 21:58:00+00:00,cell_001,139.75,16.79,3.72,0.35,39.14,False,True
2026-08-15 21:59:00+00:00,cell_001,140.32,17.77,3.68,0.99,28.96,False,True
2026-08-15 22:00:00+00:00,cell_001,141.72,20.78,3.54,0.88,36.47,False,True
2026-08-15 22:01:00+00:00,cell_001,137.64,21.52,4.16,0.54,41.35,False,True
2026-08-15 22:02:00+00:00,cell_001,136.03,23.72,3.75,1.22,41.61,False,True
2026-08-15 22:03:00+00:00,cell_001,145.04,25.85,3.71,1.29,38.72,False,True
2026-08-15 22:04:00+00:00,cell_001,140.15,25.27,4.1,0.81,37.31,False,True
2026-08-15 22:05:00+00:00,cell_001,148.86,32.1,3.49,0.62,51.52,False,True
2026-08-15 22:06:00+00:00,cell_001,148.46,32.68,3.56,1.18,39.2,False,True
2026-08-15 22:07:00+00:00,cell_001,141.1,31.43,3.91,0.97,53.68,False,True
2026-08-15 22:08:00+00:00,cell_001,149.73,34.41,4.16,2.3,47.07,False,True
2026-08-15 22:09:00+00:00,cell_001,145.6,37.63,3.64,0.68,35.95,False,True
2026-08-15 22:10:00+00:00,cell_001,140.94,38.35,3.74,1.97,36.77,False,True
2026-08-15 22:11:00+00:00,cell_001,135.21,44.33,3.14,1.06,47.18,False,True
2026-08-15 22:12:00+00:00,cell_001,145.11,40.59,4.0,1.19,32.03,False,True
2026-08-15 22:13:00+00:00,cell_001,143.22,46.21,3.29,0.9,45.9,False,True
2026-08-15 22:14:00+00:00,cell_001,144.5,40.75,3.45,1.49,38.22,False,True
2026-08-15 22:15:00+00:00,cell_001,142.6,42.75,3.67,0.95,26.27,False,True
2026-08-15 22:16:00+00:00,cell_001,139.93,53.2,3.41,1.39,32.92,False,True
2026-08-15 22:17:00+00:00,cell_001,142.17,48.26,3.02,0.77,37.29,False,True
2026-08-15 22:18:00+00:00,cell_001,145.65,47.44,3.23,0.31,35.81,False,True
2026-08-15 22:19:00+00:00,cell_001,142.54,52.83,3.63,1.53,34.69,False,True
2026-08-15 22:20:00+00:00,cell_001,142.6,59.16,4.04,2.67,30.78,False,True
2026-08-15 22:21:00+00:00,cell_001,139.21,53.55,4.02,1.97,37.91,False,True
2026-08-15 22:22:00+00:00,cell_001,144.12,57.86,3.7,1.71,45.63,False,True
2026-08-15 22:23:00+00:00,cell_001,140.59,52.48,3.63,3.92,45.41,False,True
2026-08-15 22:24:00+00:00,cell_001,146.75,14.9,3.82,0.02,43.84,False,False
2026-08-15 22:25:00+00:00,cell_001,141.87,16.36,3.98,0.54,36.82,False,False
2026-08-15 22:26:00+00:00,cell_001,143.27,14.57,3.61,0.31,43.69,False,False
2026-08-15 22:27:00+00:00,cell_001,150.72,14.07,3.62,0.49,29.63,False,False
2026-08-15 22:28:00+00:00,cell_001,143.39,14.56,3.63,0.33,40.49,False,False
2026-08-15 22:29:00+00:00,cell_001,143.06,14.71,3.87,0.35,45.29,False,False
2026-08-15 22:30:00+00:00,cell_001,146.21,16.08,3.16,0.54,40.94,False,False
2026-08-15 22:31:00+00:00,cell_001,139.17,15.68,3.57,0.45,29.03,False,False
2026-08-15 22:32:00+00:00,cell_001,148.36,15.87,3.68,0.34,32.57,False,False
2026-08-15 22:33:00+00:00,cell_001,147.66,15.31,2.99,0.21,33.7,False,False
2026-08-15 22:34:00+00:00,cell_001,146.32,14.66,3.83,0.64,31.46,False,False
2026-08-15 22:35:00+00:00,cell_001,134.69,14.49,3.88,0.43,35.13,False,False
2026-08-15 22:36:00+00:00,cell_001,144.12,15.69,2.97,0.24,36.18,False,False
2026-08-15 22:37:00+00:00,cell_001,141.15,16.84,3.43,0.14,35.44,False,False
2026-08-15 22:38:00+00:00,cell_001,148.41,14.3,3.43,0.54,31.99,False,False
2026-08-15 22:39:00+00:00,cell_001,148.27,14.21,3.28,0.42,41.95,False,False
2026-08-15 22:40:00+00:00,cell_001,146.35,14.09,3.32,0.51,35.41,False,False
2026-08-15 22:41:00+00:00,cell_001,141.64,16.05,3.38,0.99,29.11,False,False
2026-08-15 22:42:00+00:00,cell_001,149.81,15.16,3.72,0.64,33.92,False,False
2026-08-15 22:43:00+00:00,cell_001,144.61,15.75,3.91,0.47,33.26,False,False
2026-08-15 22:44:00+00:00,cell_001,150.88,14.68,3.7,0.14,26.87,False,False
2026-08-15 22:45:00+00:00,cell_001,146.33,15.8,3.26,0.8,33.97,False,False
2026-08-15 22:46:00+00:00,cell_001,147.12,14.88,3.76,0.49,42.23,False,False
2026-08-15 22:47:00+00:00,cell_001,144.28,13.62,3.71,0.97,34.46,False,False
2026-08-15 22:48:00+00:00,cell_001,149.95,16.08,2.64,0.31,34.71,False,False
2026-08-15 22:49:00+00:00,cell_001,147.62,15.11,3.89,0.22,38.31,False,False
2026-08-15 22:50:00+00:00,cell_001,150.19,14.83,3.56,0.76,32.5,False,False
2026-08-15 22:51:00+00:00,cell_001,146.46,15.41,3.57,0.53,29.94,False,False
2026-08-15 22:52:00+00:00,cell_001,145.86,13.68,2.99,0.72,38.82,False,False
2026-08-15 22:53:00+00:00,cell_001,147.85,15.55,4.0,0.23,35.13,False,False
2026-08-15 22:54:00+00:00,cell_001,150.45,14.51,3.61,0.23,26.58,False,False
2026-08-15 22:55:00+00:00,cell_001,149.24,14.94,3.74,0.27,37.12,False,False
2026-08-15 22:56:00+00:00,cell_001,146.67,16.23,3.11,0.0,36.58,False,False
2026-08-15 22:57:00+00:00,cell_001,140.74,15.73,3.66,0.37,26.17,False,False
2026-08-15 22:58:00+00:00,cell_001,148.81,14.9,3.66,0.1,22.88,False,False
2026-08-15 22:59:00+00:00,cell_001,142.13,14.97,3.45,0.49,31.42,False,False
2026-08-15 23:00:00+00:00,cell_001,146.61,12.5,3.11,0.45,47.4,False,False
2026-08-15 23:01:00+00:00,cell_001,146.22,14.23,3.47,0.29,46.49,False,False
2026-08-15 23:02:00+00:00,cell_001,142.37,15.21,3.2,0.57,42.1,False,False
2026-08-15 23:03:00+00:00,cell_001,147.8,14.27,3.28,0.5,30.68,False,False
2026-08-15 23:04:00+00:00,cell_001,153.21,13.7,3.83,0.74,30.23,False,False
2026-08-15 23:05:00+00:00,cell_001,145.87,15.5,3.51,0.84,27.82,False,False
2026-08-15 23:06:00+00:00,cell_001,149.16,16.32,3.46,0.5,28.06,False,False
2026-08-15 23:07:00+00:00,cell_001,153.99,14.29,3.13,0.56,37.27,False,False
2026-08-15 23:08:00+00:00,cell_001,149.57,15.88,3.46,0.59,42.77,False,False
2026-08-15 23:09:00+00:00,cell_001,145.1,15.72,3.43,0.86,32.76,False,False
2026-08-15 23:10:00+00:00,cell_001,147.81,14.01,3.18,0.19,31.21,False,False
2026-08-15 23:11:00+00:00,cell_001,148.59,14.25,3.8,0.36,29.26,False,False
2026-08-15 23:12:00+00:00,cell_001,151.51,16.78,3.78,0.19,32.73,False,False
2026-08-15 23:13:00+00:00,cell_001,150.9,13.85,3.24,0.34,29.44,False,False
2026-08-15 23:14:00+00:00,cell_001,139.01,14.35,3.59,0.39,26.63,False,False
2026-08-15 23:15:00+00:00,cell_001,144.8,16.92,2.91,0.29,34.51,False,False
2026-08-15 23:16:00+00:00,cell_001,147.22,14.38,3.56,0.55,29.52,False,False
2026-08-15 23:17:00+00:00,cell_001,144.43,16.29,3.7,0.57,30.85,False,False
2026-08-15 23:18:00+00:00,cell_001,136.43,13.91,3.12,0.47,33.48,False,False
2026-08-15 23:19:00+00:00,cell_001,145.41,15.06,3.46,0.53,22.99,False,False
2026-08-15 23:20:00+00:00,cell_001,147.63,16.01,3.49,0.82,25.62,False,False
2026-08-15 23:21:00+00:00,cell_001,146.11,14.45,4.32,0.54,33.87,False,False
2026-08-15 23:22:00+00:00,cell_001,144.75,15.01,4.23,0.2,27.33,False,False
2026-08-15 23:23:00+00:00,cell_001,147.92,15.64,3.55,0.31,33.33,False,False
2026-08-15 23:24:00+00:00,cell_001,148.87,13.99,3.25,0.29,29.36,False,False
2026-08-15 23:25:00+00:00,cell_001,146.49,17.13,3.52,0.75,34.36,False,False
2026-08-15 23:26:00+00:00,cell_001,152.06,15.92,3.78,0.36,24.9,False,False
2026-08-15 23:27:00+00:00,cell_001,148.16,14.52,2.94,0.26,28.69,False,False
2026-08-15 23:28:00+00:00,cell_001,145.42,14.64,2.81,0.24,40.8,False,False
2026-08-15 23:29:00+00:00,cell_001,144.71,16.78,3.1,0.35,34.57,False,False
2026-08-15 23:30:00+00:00,cell_001,147.49,14.5,3.67,0.34,37.3,False,False
2026-08-15 23:31:00+00:00,cell_001,151.52,14.38,3.68,0.31,32.65,False,False
2026-08-15 23:32:00+00:00,cell_001,145.76,15.99,3.57,0.64,26.19,False,False
2026-08-15 23:33:00+00:00,cell_001,150.06,13.44,3.77,0.4,28.79,False,False
2026-08-15 23:34:00+00:00,cell_001,148.6,14.76,3.38,0.45,29.16,False,False
2026-08-15 23:35:00+00:00,cell_001,154.34,14.91,3.35,0.61,29.12,False,False
2026-08-15 23:36:00+00:00,cell_001,149.58,14.12,3.54,0.63,38.87,False,False
2026-08-15 23:37:00+00:00,cell_001,146.36,13.25,3.94,0.34,31.13,False,False
2026-08-15 23:38:00+00:00,cell_001,150.7,14.88,3.55,0.7,25.25,False,False
2026-08-15 23:39:00+00:00,cell_001,150.85,15.5,3.39,0.46,28.75,False,False
2026-08-15 23:40:00+00:00,cell_001,147.39,14.12,3.54,0.34,34.13,False,False
2026-08-15 23:41:00+00:00,cell_001,145.13,13.62,3.85,0.64,24.48,False,False
2026-08-15 23:42:00+00:00,cell_001,150.27,16.05,3.31,0.54,37.45,False,False
2026-08-15 23:43:00+00:00,cell_001,148.89,15.32,3.28,0.52,39.22,False,False
2026-08-15 23:44:00+00:00,cell_001,144.19,14.42,3.27,0.39,27.68,False,False
2026-08-15 23:45:00+00:00,cell_001,149.55,15.7,3.66,0.46,34.49,False,False
2026-08-15 23:46:00+00:00,cell_001,146.91,15.01,3.18,0.31,36.53,False,False
2026-08-15 23:47:00+00:00,cell_001,144.31,16.56,3.6,0.42,26.65,False,False
2026-08-15 23:48:00+00:00,cell_001,147.84,15.43,2.97,0.37,29.6,False,False
2026-08-15 23:49:00+00:00,cell_001,152.79,13.37,3.33,0.51,30.28,False,False
2026-08-15 23:50:00+00:00,cell_001,152.6,14.1,3.39,0.77,33.47,False,False
2026-08-15 23:51:00+00:00,cell_001,151.85,14.14,3.94,0.42,38.86,False,False
2026-08-15 23:52:00+00:00,cell_001,149.85,15.05,3.7,0.61,30.19,False,False
2026-08-15 23:53:00+00:00,cell_001,150.87,14.44,3.3,0.48,23.82,False,False
2026-08-15 23:54:00+00:00,cell_001,149.41,13.61,3.25,0.69,22.55,False,False
2026-08-15 23:55:00+00:00,cell_001,145.84,15.32,3.2,0.8,27.49,False,False
2026-08-15 23:56:00+00:00,cell_001,146.47,15.73,3.06,0.35,29.85,False,False
2026-08-15 23:57:00+00:00,cell_001,147.4,14.62,3.88,0.12,37.21,False,False
2026-08-15 23:58:00+00:00,cell_001,153.46,14.93,3.17,0.21,22.49,False,False
2026-08-15 23:59:00+00:00,cell_001,152.52,13.75,3.91,0.65,30.22,False,False
2026-08-16 00:00:00+00:00,cell_001,146.08,14.19,3.43,0.52,38.5,False,False
2026-08-16 00:01:00+00:00,cell_001,149.51,14.23,3.37,0.26,33.03,False,False
2026-08-16 00:02:00+00:00,cell_001,148.17,15.26,3.42,0.78,24.81,False,False
2026-08-16 00:03:00+00:00,cell_001,148.95,14.96,3.76,0.39,31.82,False,False
2026-08-16 00:04:00+00:00,cell_001,147.83,14.37,3.13,0.38,30.64,False,False
2026-08-16 00:05:00+00:00,cell_001,153.69,14.32,3.54,0.4,37.07,False,False
2026-08-16 00:06:00+00:00,cell_001,149.44,12.72,3.38,0.71,34.42,False,False
2026-08-16 00:07:00+00:00,cell_001,150.18,16.29,3.51,0.3,32.1,False,False
2026-08-16 00:08:00+00:00,cell_001,150.23,12.6,3.33,0.71,33.46,False,False
2026-08-16 00:09:00+00:00,cell_001,146.5,15.1,3.28,0.57,30.82,False,False
2026-08-16 00:10:00+00:00,cell_001,149.94,14.71,3.54,0.73,26.74,False,False
2026-08-16 00:11:00+00:00,cell_001,152.82,14.41,2.97,0.61,34.15,False,False
2026-08-16 00:12:00+00:00,cell_001,154.08,14.66,3.8,0.52,27.13,False,False
2026-08-16 00:13:00+00:00,cell_001,146.24,14.0,3.41,0.59,32.27,False,False
2026-08-16 00:14:00+00:00,cell_001,145.16,15.32,3.22,0.47,33.93,False,False
2026-08-16 00:15:00+00:00,cell_001,149.92,13.35,3.49,0.31,24.13,False,False
2026-08-16 00:16:00+00:00,cell_001,153.09,14.98,3.17,0.59,29.24,False,False
2026-08-16 00:17:00+00:00,cell_001,150.86,13.98,3.4,0.44,38.11,False,False
2026-08-16 00:18:00+00:00,cell_001,151.85,14.22,3.4,0.71,36.97,False,False
2026-08-16 00:19:00+00:00,cell_001,145.75,14.25,3.75,0.7,32.42,False,False
2026-08-16 00:20:00+00:00,cell_001,148.13,14.48,3.46,0.57,29.34,False,False
2026-08-16 00:21:00+00:00,cell_001,143.28,15.15,3.04,0.65,28.85,False,False
2026-08-16 00:22:00+00:00,cell_001,149.46,14.61,3.55,0.55,26.83,False,False
2026-08-16 00:23:00+00:00,cell_001,143.42,15.57,3.59,0.55,29.8,False,False
2026-08-16 00:24:00+00:00,cell_001,153.93,15.68,2.89,0.33,36.58,False,False
2026-08-16 00:25:00+00:00,cell_001,154.61,14.94,3.02,0.5,26.95,False,False
2026-08-16 00:26:00+00:00,cell_001,150.39,15.31,3.98,0.54,23.71,False,False
2026-08-16 00:27:00+00:00,cell_001,145.45,16.65,3.27,0.53,34.94,False,False
2026-08-16 00:28:00+00:00,cell_001,151.13,13.21,3.28,0.51,28.19,False,False
2026-08-16 00:29:00+00:00,cell_001,155.6,15.7,3.36,0.49,25.07,False,False
2026-08-16 00:30:00+00:00,cell_001,151.46,16.17,3.18,0.87,30.14,False,False
2026-08-16 00:31:00+00:00,cell_001,153.61,15.05,2.84,0.48,28.28,False,False
2026-08-16 00:32:00+00:00,cell_001,148.61,16.52,3.03,0.6,30.19,False,False
2026-08-16 00:33:00+00:00,cell_001,147.47,16.39,3.18,0.46,32.36,False,False
2026-08-16 00:34:00+00:00,cell_001,149.88,14.28,3.22,0.52,31.66,False,False
2026-08-16 00:35:00+00:00,cell_001,144.33,14.35,3.14,0.28,32.11,False,False
2026-08-16 00:36:00+00:00,cell_001,156.92,15.14,2.92,0.34,30.48,False,False
2026-08-16 00:37:00+00:00,cell_001,150.56,13.99,3.2,0.36,20.87,False,False
2026-08-16 00:38:00+00:00,cell_001,152.75,17.32,3.7,0.17,30.16,False,False
2026-08-16 00:39:00+00:00,cell_001,148.78,15.4,3.16,0.48,23.28,False,False
2026-08-16 00:40:00+00:00,cell_001,145.54,14.65,3.31,0.28,26.11,False,False
2026-08-16 00:41:00+00:00,cell_001,154.46,13.19,3.8,0.24,26.17,False,False
2026-08-16 00:42:00+00:00,cell_001,146.82,14.86,3.16,0.89,32.54,False,False
2026-08-16 00:43:00+00:00,cell_001,151.25,13.42,4.28,0.69,20.73,False,False
2026-08-16 00:44:00+00:00,cell_001,151.54,15.36,3.63,0.87,28.66,False,False
2026-08-16 00:45:00+00:00,cell_001,150.44,12.1,3.39,0.44,29.17,False,False
2026-08-16 00:46:00+00:00,cell_001,147.87,15.98,3.29,0.4,33.51,False,False
2026-08-16 00:47:00+00:00,cell_001,149.78,14.17,3.77,0.54,30.12,False,False
2026-08-16 00:48:00+00:00,cell_001,147.39,12.91,3.15,0.54,32.34,False,False
2026-08-16 00:49:00+00:00,cell_001,152.67,14.58,3.23,0.39,30.18,False,False
2026-08-16 00:50:00+00:00,cell_001,151.97,14.61,3.84,0.31,38.15,False,False
2026-08-16 00:51:00+00:00,cell_001,150.19,14.53,3.25,0.58,27.43,False,False
2026-08-16 00:52:00+00:00,cell_001,148.56,15.98,3.22,0.15,41.25,False,False
2026-08-16 00:53:00+00:00,cell_001,156.59,14.98,3.16,0.58,26.82,False,False
2026-08-16 00:54:00+00:00,cell_001,146.36,15.39,2.78,0.4,33.5,False,False
2026-08-16 00:55:00+00:00,cell_001,145.64,14.35,3.67,0.62,37.23,False,False
2026-08-16 00:56:00+00:00,cell_001,150.03,15.02,3.35,0.68,28.67,False,False
2026-08-16 00:57:00+00:00,cell_001,149.5,13.29,3.68,0.58,29.24,False,False
2026-08-16 00:58:00+00:00,cell_001,153.57,14.85,3.31,0.23,22.89,False,False
2026-08-16 00:59:00+00:00,cell_001,152.22,13.84,3.23,0.16,46.57,False,False
2026-08-16 01:00:00+00:00,cell_001,150.37,15.91,3.16,0.15,28.59,False,False
2026-08-16 01:01:00+00:00,cell_001,151.78,14.67,3.57,0.36,36.78,False,False
2026-08-16 01:02:00+00:00,cell_001,151.72,15.26,3.12,0.16,26.16,False,False
2026-08-16 01:03:00+00:00,cell_001,156.59,14.86,3.48,0.45,22.72,False,False
2026-08-16 01:04:00+00:00,cell_001,151.03,16.4,3.37,0.28,26.57,False,False
2026-08-16 01:05:00+00:00,cell_001,148.23,13.03,3.05,0.34,30.67,False,False
2026-08-16 01:06:00+00:00,cell_001,150.86,14.48,3.23,0.45,30.38,False,False
2026-08-16 01:07:00+00:00,cell_001,142.41,13.63,3.36,0.53,26.52,False,False
2026-08-16 01:08:00+00:00,cell_001,150.16,12.55,3.27,0.29,27.55,False,False
2026-08-16 01:09:00+00:00,cell_001,153.54,13.57,3.93,0.37,30.55,False,False
2026-08-16 01:10:00+00:00,cell_001,152.06,15.77,3.43,0.52,25.91,False,False
2026-08-16 01:11:00+00:00,cell_001,151.14,14.57,3.3,0.43,27.51,False,False
2026-08-16 01:12:00+00:00,cell_001,152.19,14.38,3.25,0.42,24.45,False,False
2026-08-16 01:13:00+00:00,cell_001,153.54,15.37,3.29,0.59,33.84,False,False
2026-08-16 01:14:00+00:00,cell_001,154.5,14.72,3.18,0.27,23.33,False,False
2026-08-16 01:15:00+00:00,cell_001,151.56,15.21,3.12,0.62,28.4,False,False
2026-08-16 01:16:00+00:00,cell_001,149.26,14.92,3.54,0.91,32.63,False,False
2026-08-16 01:17:00+00:00,cell_001,143.26,15.15,3.83,0.51,33.02,False,False
2026-08-16 01:18:00+00:00,cell_001,153.13,14.15,3.23,0.36,24.31,False,False
2026-08-16 01:19:00+00:00,cell_001,151.73,15.65,3.49,0.16,33.94,False,False
2026-08-16 01:20:00+00:00,cell_001,150.63,13.39,3.17,0.35,32.4,False,False
2026-08-16 01:21:00+00:00,cell_001,148.1,14.52,3.4,0.52,33.41,False,False
2026-08-16 01:22:00+00:00,cell_001,153.04,15.71,2.97,0.43,29.54,False,False
2026-08-16 01:23:00+00:00,cell_001,149.36,14.46,3.11,0.44,32.37,False,False
2026-08-16 01:24:00+00:00,cell_001,150.02,14.18,3.1,0.43,33.16,False,False
2026-08-16 01:25:00+00:00,cell_001,149.94,16.9,3.32,0.35,42.59,False,False
2026-08-16 01:26:00+00:00,cell_001,151.45,16.03,3.02,0.44,21.61,False,False
2026-08-16 01:27:00+00:00,cell_001,146.64,14.76,2.7,0.29,32.29,False,False
2026-08-16 01:28:00+00:00,cell_001,151.76,13.65,2.96,0.47,33.89,False,False
2026-08-16 01:29:00+00:00,cell_001,147.89,12.59,3.32,0.48,31.76,False,False
2026-08-16 01:30:00+00:00,cell_001,147.98,15.33,3.13,0.73,35.36,False,False
2026-08-16 01:31:00+00:00,cell_001,152.68,15.89,3.2,0.3,35.11,False,False
2026-08-16 01:32:00+00:00,cell_001,147.02,15.02,3.45,0.6,32.13,False,False
2026-08-16 01:33:00+00:00,cell_001,152.64,12.92,3.13,0.62,29.86,False,False
2026-08-16 01:34:00+00:00,cell_001,150.27,14.79,3.35,0.4,20.09,False,False
2026-08-16 01:35:00+00:00,cell_001,145.01,14.15,4.01,0.32,41.27,False,False
2026-08-16 01:36:00+00:00,cell_001,154.02,14.8,3.26,0.72,18.91,False,False
2026-08-16 01:37:00+00:00,cell_001,150.84,16.58,3.31,0.19,33.79,False,False
2026-08-16 01:38:00+00:00,cell_001,151.07,15.43,3.49,0.29,32.46,False,False
2026-08-16 01:39:00+00:00,cell_001,152.89,15.22,3.13,0.24,24.15,False,False
2026-08-16 01:40:00+00:00,cell_001,154.35,14.6,3.2,0.32,42.12,False,False
2026-08-16 01:41:00+00:00,cell_001,150.43,15.06,3.35,0.41,35.37,False,False
2026-08-16 01:42:00+00:00,cell_001,151.66,13.93,3.44,0.75,32.41,False,False
2026-08-16 01:43:00+00:00,cell_001,150.9,15.21,3.1,0.37,24.43,False,False
2026-08-16 01:44:00+00:00,cell_001,148.73,14.46,3.55,0.87,38.67,False,False
2026-08-16 01:45:00+00:00,cell_001,144.99,13.84,3.84,0.63,39.04,False,False
2026-08-16 01:46:00+00:00,cell_001,150.36,15.48,2.81,0.35,31.85,False,False
2026-08-16 01:47:00+00:00,cell_001,153.82,12.43,3.5,0.36,40.3,False,False
2026-08-16 01:48:00+00:00,cell_001,151.41,14.12,3.36,0.49,32.2,False,False
2026-08-16 01:49:00+00:00,cell_001,146.43,15.29,3.29,0.47,33.1,False,False
2026-08-16 01:50:00+00:00,cell_001,152.9,15.9,3.48,0.22,30.86,False,False
2026-08-16 01:51:00+00:00,cell_001,148.65,15.15,3.8,0.31,34.95,False,False
2026-08-16 01:52:00+00:00,cell_001,143.28,14.01,3.46,0.15,34.0,False,False
2026-08-16 01:53:00+00:00,cell_001,152.58,14.63,3.68,0.81,28.54,False,False
2026-08-16 01:54:00+00:00,cell_001,146.66,14.98,3.38,0.48,25.49,False,False
2026-08-16 01:55:00+00:00,cell_001,154.81,16.25,3.5,0.39,30.21,False,False
2026-08-16 01:56:00+00:00,cell_001,152.88,15.62,3.23,0.32,34.86,False,False
2026-08-16 01:57:00+00:00,cell_001,148.73,15.63,3.4,0.34,30.36,False,False
2026-08-16 01:58:00+00:00,cell_001,150.76,14.77,3.31,0.16,26.59,False,False
2026-08-16 01:59:00+00:00,cell_001,156.62,13.64,3.43,0.49,30.92,False,False
2026-08-16 02:00:00+00:00,cell_001,152.32,13.31,2.9,0.61,25.44,False,False
2026-08-16 02:01:00+00:00,cell_001,150.0,14.41,3.06,0.77,28.58,False,False
2026-08-16 02:02:00+00:00,cell_001,157.92,15.42,3.75,0.61,22.29,False,False
2026-08-16 02:03:00+00:00,cell_001,149.57,14.22,3.82,0.61,32.02,False,False
2026-08-16 02:04:00+00:00,cell_001,150.93,15.3,2.88,0.69,35.38,False,False
2026-08-16 02:05:00+00:00,cell_001,146.34,13.94,3.23,0.43,31.65,False,False
2026-08-16 02:06:00+00:00,cell_001,144.09,14.1,3.18,0.19,33.52,False,False
2026-08-16 02:07:00+00:00,cell_001,148.22,16.15,3.48,0.61,32.36,False,False
2026-08-16 02:08:00+00:00,cell_001,149.16,15.51,3.38,0.31,33.98,False,False
2026-08-16 02:09:00+00:00,cell_001,150.0,14.44,3.61,0.44,34.63,False,False
2026-08-16 02:10:00+00:00,cell_001,144.71,13.92,3.0,0.26,34.78,False,False
2026-08-16 02:11:00+00:00,cell_001,150.92,15.71,3.51,0.69,37.48,False,False
2026-08-16 02:12:00+00:00,cell_001,146.41,15.64,3.31,0.63,23.68,False,False
2026-08-16 02:13:00+00:00,cell_001,150.69,15.41,3.19,0.18,35.69,False,False
2026-08-16 02:14:00+00:00,cell_001,151.63,14.6,3.55,0.48,30.72,False,False
2026-08-16 02:15:00+00:00,cell_001,147.6,13.68,3.34,0.67,29.48,False,False
2026-08-16 02:16:00+00:00,cell_001,145.85,14.77,3.39,0.43,22.24,False,False
2026-08-16 02:17:00+00:00,cell_001,153.33,16.2,3.82,0.46,24.03,False,False
2026-08-16 02:18:00+00:00,cell_001,151.28,13.88,3.44,0.65,29.5,False,False
2026-08-16 02:19:00+00:00,cell_001,149.08,14.85,4.0,0.41,27.9,False,False
2026-08-16 02:20:00+00:00,cell_001,152.98,16.44,2.72,0.44,37.09,False,False
2026-08-16 02:21:00+00:00,cell_001,148.79,14.5,3.42,0.62,35.85,False,False
2026-08-16 02:22:00+00:00,cell_001,146.63,14.69,3.09,0.26,39.73,False,False
2026-08-16 02:23:00+00:00,cell_001,145.45,13.47,3.15,0.32,31.5,False,False
2026-08-16 02:24:00+00:00,cell_001,148.08,15.45,3.23,0.12,35.6,False,False
2026-08-16 02:25:00+00:00,cell_001,150.68,14.09,3.71,0.86,24.51,False,False
2026-08-16 02:26:00+00:00,cell_001,152.49,13.28,3.31,0.49,44.39,False,False
2026-08-16 02:27:00+00:00,cell_001,148.34,13.89,3.09,0.67,41.47,False,False
2026-08-16 02:28:00+00:00,cell_001,151.87,15.06,3.63,0.22,28.41,False,False
2026-08-16 02:29:00+00:00,cell_001,147.54,13.27,3.08,0.71,40.61,False,False
2026-08-16 02:30:00+00:00,cell_001,145.79,13.47,3.94,0.4,26.91,False,False
2026-08-16 02:31:00+00:00,cell_001,144.17,15.42,3.05,0.74,29.35,False,False
2026-08-16 02:32:00+00:00,cell_001,146.52,14.8,3.35,0.42,32.83,False,False
2026-08-16 02:33:00+00:00,cell_001,144.18,13.96,4.02,0.25,28.46,False,False
2026-08-16 02:34:00+00:00,cell_001,153.97,14.56,3.35,0.68,35.93,False,False
2026-08-16 02:35:00+00:00,cell_001,149.21,16.63,3.57,0.48,38.65,False,False
2026-08-16 02:36:00+00:00,cell_001,147.56,16.18,3.41,0.23,25.93,False,False
2026-08-16 02:37:00+00:00,cell_001,152.96,14.79,3.45,0.14,33.68,False,False
2026-08-16 02:38:00+00:00,cell_001,143.83,15.72,3.21,0.55,28.2,False,False
2026-08-16 02:39:00+00:00,cell_001,147.28,15.03,3.59,0.46,34.59,False,False
2026-08-16 02:40:00+00:00,cell_001,153.64,13.15,3.85,0.51,34.77,False,False
2026-08-16 02:41:00+00:00,cell_001,147.15,12.97,2.87,0.51,30.16,False,False
2026-08-16 02:42:00+00:00,cell_001,154.87,14.02,3.18,0.44,32.59,False,False
2026-08-16 02:43:00+00:00,cell_001,149.84,13.36,3.29,0.54,33.99,False,False
2026-08-16 02:44:00+00:00,cell_001,151.34,15.22,3.2,0.61,30.12,False,False
2026-08-16 02:45:00+00:00,cell_001,151.38,14.4,3.66,0.44,25.24,False,False
2026-08-16 02:46:00+00:00,cell_001,147.32,15.38,3.28,0.57,37.56,False,False
2026-08-16 02:47:00+00:00,cell_001,145.8,15.41,3.49,0.58,37.59,False,False
2026-08-16 02:48:00+00:00,cell_001,146.86,15.66,3.92,0.68,37.43,False,False
2026-08-16 02:49:00+00:00,cell_001,144.19,14.05,2.93,0.02,28.92,False,False
2026-08-16 02:50:00+00:00,cell_001,146.9,15.5,3.57,0.38,32.79,False,False
2026-08-16 02:51:00+00:00,cell_001,147.02,14.04,3.44,0.58,25.87,False,False
2026-08-16 02:52:00+00:00,cell_001,152.05,15.71,3.44,0.89,44.53,False,False
2026-08-16 02:53:00+00:00,cell_001,148.7,16.23,3.21,0.71,27.53,False,False
2026-08-16 02:54:00+00:00,cell_001,153.95,15.74,3.37,0.71,40.5,False,False
2026-08-16 02:55:00+00:00,cell_001,140.33,14.85,3.48,1.0,30.43,False,False
2026-08-16 02:56:00+00:00,cell_001,143.09,15.6,3.43,0.45,35.9,False,False
2026-08-16 02:57:00+00:00,cell_001,145.62,13.5,3.7,0.89,33.18,False,False
2026-08-16 02:58:00+00:00,cell_001,151.1,13.29,3.16,0.61,32.61,False,False
2026-08-16 02:59:00+00:00,cell_001,146.24,15.52,3.07,0.28,36.65,False,False
2026-08-16 03:00:00+00:00,cell_001,142.1,16.37,2.89,0.13,31.93,False,False
2026-08-16 03:01:00+00:00,cell_001,145.71,13.84,3.54,0.43,26.7,False,False
2026-08-16 03:02:00+00:00,cell_001,142.79,15.09,3.73,0.61,34.01,False,False
2026-08-16 03:03:00+00:00,cell_001,142.14,15.52,3.15,0.42,40.49,False,False
2026-08-16 03:04:00+00:00,cell_001,152.25,14.48,3.13,0.5,35.08,False,False
2026-08-16 03:05:00+00:00,cell_001,145.14,14.76,4.07,0.86,30.38,False,False
2026-08-16 03:06:00+00:00,cell_001,146.65,15.72,3.89,0.48,48.98,False,False
2026-08-16 03:07:00+00:00,cell_001,145.78,15.22,3.91,0.87,35.28,False,False
2026-08-16 03:08:00+00:00,cell_001,145.24,15.23,3.62,0.63,31.07,False,False
2026-08-16 03:09:00+00:00,cell_001,143.41,14.15,3.73,0.69,46.14,False,False
2026-08-16 03:10:00+00:00,cell_001,144.93,15.11,3.43,0.43,26.82,False,False
2026-08-16 03:11:00+00:00,cell_001,146.81,14.75,3.09,0.46,30.9,False,False
2026-08-16 03:12:00+00:00,cell_001,149.99,14.81,3.11,0.48,40.75,False,False
2026-08-16 03:13:00+00:00,cell_001,148.51,14.62,3.53,0.46,30.99,False,False
2026-08-16 03:14:00+00:00,cell_001,141.94,15.14,3.81,0.61,39.47,False,False
2026-08-16 03:15:00+00:00,cell_001,148.5,14.31,3.48,0.74,40.19,False,False
2026-08-16 03:16:00+00:00,cell_001,146.89,15.2,3.72,0.97,46.33,False,False
2026-08-16 03:17:00+00:00,cell_001,143.52,14.83,3.51,0.34,41.38,False,False
2026-08-16 03:18:00+00:00,cell_001,145.87,14.27,3.63,0.48,33.87,False,False
2026-08-16 03:19:00+00:00,cell_001,146.97,13.27,3.77,0.68,32.56,False,False
2026-08-16 03:20:00+00:00,cell_001,145.32,16.17,3.94,0.49,31.05,False,False
2026-08-16 03:21:00+00:00,cell_001,146.55,15.98,3.63,0.22,30.84,False,False
2026-08-16 03:22:00+00:00,cell_001,142.45,14.44,4.13,0.64,38.48,False,False
2026-08-16 03:23:00+00:00,cell_001,150.95,15.93,3.48,0.32,27.71,False,False
2026-08-16 03:24:00+00:00,cell_001,139.11,14.23,3.95,0.52,37.49,False,False
2026-08-16 03:25:00+00:00,cell_001,146.56,14.96,3.73,0.83,27.13,False,False
2026-08-16 03:26:00+00:00,cell_001,145.85,14.75,3.01,0.63,38.15,False,False
2026-08-16 03:27:00+00:00,cell_001,146.61,15.01,3.98,0.61,34.22,False,False
2026-08-16 03:28:00+00:00,cell_001,142.48,15.94,3.29,0.78,40.21,False,False
2026-08-16 03:29:00+00:00,cell_001,148.04,14.9,3.49,0.46,23.63,False,False
2026-08-16 03:30:00+00:00,cell_001,144.13,14.97,3.83,0.55,41.97,False,False
2026-08-16 03:31:00+00:00,cell_001,140.82,16.07,3.35,0.45,37.38,False,False
2026-08-16 03:32:00+00:00,cell_001,141.02,15.39,3.55,0.64,35.08,False,False
2026-08-16 03:33:00+00:00,cell_001,144.6,14.75,3.77,0.22,40.13,False,False
2026-08-16 03:34:00+00:00,cell_001,139.36,15.59,3.33,0.31,39.84,False,False
2026-08-16 03:35:00+00:00,cell_001,149.48,16.35,3.51,0.5,30.82,False,False
2026-08-16 03:36:00+00:00,cell_001,147.15,16.43,3.48,0.61,38.59,False,False
2026-08-16 03:37:00+00:00,cell_001,149.4,14.05,3.88,0.87,41.56,False,False
2026-08-16 03:38:00+00:00,cell_001,149.01,14.11,4.06,0.31,30.03,False,False
2026-08-16 03:39:00+00:00,cell_001,142.71,16.4,3.26,0.48,39.11,False,False
2026-08-16 03:40:00+00:00,cell_001,141.08,15.12,3.62,0.54,44.21,False,False
2026-08-16 03:41:00+00:00,cell_001,135.57,13.22,3.44,0.26,39.14,False,False
2026-08-16 03:42:00+00:00,cell_001,142.31,14.7,3.61,0.34,36.03,False,False
2026-08-16 03:43:00+00:00,cell_001,148.74,15.0,4.13,0.13,31.64,False,False
2026-08-16 03:44:00+00:00,cell_001,140.88,15.13,3.72,0.6,33.09,False,False
2026-08-16 03:45:00+00:00,cell_001,142.66,16.22,3.44,0.33,36.66,False,False
2026-08-16 03:46:00+00:00,cell_001,141.54,14.54,3.2,0.74,42.67,False,False
2026-08-16 03:47:00+00:00,cell_001,144.25,16.41,3.92,0.58,41.85,False,False
2026-08-16 03:48:00+00:00,cell_001,146.9,15.77,3.48,0.46,36.99,False,False
2026-08-16 03:49:00+00:00,cell_001,138.34,14.21,3.39,0.35,34.96,False,False
2026-08-16 03:50:00+00:00,cell_001,138.83,15.19,3.72,0.57,36.14,False,False
2026-08-16 03:51:00+00:00,cell_001,147.25,16.01,3.8,0.45,45.07,False,False
2026-08-16 03:52:00+00:00,cell_001,144.91,15.57,3.52,0.6,31.77,False,False
2026-08-16 03:53:00+00:00,cell_001,141.85,15.92,3.35,0.73,39.59,False,False
2026-08-16 03:54:00+00:00,cell_001,147.66,14.96,4.05,0.35,36.88,False,False
2026-08-16 03:55:00+00:00,cell_001,138.36,16.11,3.84,0.41,42.9,False,False
2026-08-16 03:56:00+00:00,cell_001,145.16,15.17,3.94,0.75,38.59,False,False
2026-08-16 03:57:00+00:00,cell_001,142.08,18.13,3.54,0.78,33.44,False,False
2026-08-16 03:58:00+00:00,cell_001,144.02,14.27,3.4,0.31,47.72,False,False
2026-08-16 03:59:00+00:00,cell_001,134.95,18.3,3.49,0.33,41.01,False,False
2026-08-16 04:00:00+00:00,cell_001,141.24,14.66,3.2,0.33,40.83,False,False
2026-08-16 04:01:00+00:00,cell_001,144.15,16.9,3.56,0.55,33.14,False,False
2026-08-16 04:02:00+00:00,cell_001,141.66,16.46,3.46,0.22,38.59,False,False
2026-08-16 04:03:00+00:00,cell_001,145.53,14.74,3.64,0.51,36.66,False,False
2026-08-16 04:04:00+00:00,cell_001,145.34,16.26,3.68,0.5,39.99,False,False
2026-08-16 04:05:00+00:00,cell_001,138.71,15.17,3.7,0.38,31.15,False,False
2026-08-16 04:06:00+00:00,cell_001,143.97,15.95,3.5,0.52,41.29,False,False
2026-08-16 04:07:00+00:00,cell_001,138.43,15.84,3.32,0.52,44.92,False,False
2026-08-16 04:08:00+00:00,cell_001,141.48,15.35,3.25,0.43,38.13,False,False
2026-08-16 04:09:00+00:00,cell_001,143.2,15.28,3.74,0.84,42.35,False,False
2026-08-16 04:10:00+00:00,cell_001,138.63,16.06,3.73,0.43,35.91,False,False
2026-08-16 04:11:00+00:00,cell_001,143.41,14.83,3.27,0.52,49.63,False,False
2026-08-16 04:12:00+00:00,cell_001,139.44,14.88,4.12,0.39,36.22,False,False
2026-08-16 04:13:00+00:00,cell_001,139.12,16.71,3.95,0.7,40.5,False,False
2026-08-16 04:14:00+00:00,cell_001,142.89,16.2,3.39,0.28,37.54,False,False
2026-08-16 04:15:00+00:00,cell_001,138.17,14.47,3.78,0.54,37.0,False,False
2026-08-16 04:16:00+00:00,cell_001,137.93,14.79,3.66,0.33,49.73,False,False
2026-08-16 04:17:00+00:00,cell_001,143.62,13.67,3.79,0.17,49.31,False,False
2026-08-16 04:18:00+00:00,cell_001,140.73,16.72,3.76,0.38,39.59,False,False
2026-08-16 04:19:00+00:00,cell_001,135.94,16.51,3.92,0.38,59.33,False,False
2026-08-16 04:20:00+00:00,cell_001,142.78,14.75,4.16,0.62,47.89,False,False
2026-08-16 04:21:00+00:00,cell_001,138.9,16.5,3.81,0.34,47.58,False,False
2026-08-16 04:22:00+00:00,cell_001,135.81,17.85,3.89,0.1,42.67,False,False
2026-08-16 04:23:00+00:00,cell_001,132.41,14.33,4.17,0.12,48.71,False,False
2026-08-16 04:24:00+00:00,cell_001,142.54,15.27,3.57,0.55,43.5,False,False
2026-08-16 04:25:00+00:00,cell_001,137.16,14.33,3.46,0.61,38.07,False,False
2026-08-16 04:26:00+00:00,cell_001,135.91,16.86,3.94,0.55,43.01,False,False
2026-08-16 04:27:00+00:00,cell_001,141.46,15.82,3.38,0.43,41.02,False,False
2026-08-16 04:28:00+00:00,cell_001,141.87,15.53,3.5,0.58,37.2,False,False
2026-08-16 04:29:00+00:00,cell_001,136.99,16.17,4.2,0.15,48.55,False,False
2026-08-16 04:30:00+00:00,cell_001,141.99,15.4,3.24,0.12,44.49,False,False
2026-08-16 04:31:00+00:00,cell_001,145.32,15.57,3.85,0.23,43.4,False,False
2026-08-16 04:32:00+00:00,cell_001,143.1,16.25,3.33,0.48,52.63,False,False
2026-08-16 04:33:00+00:00,cell_001,142.53,15.38,3.89,0.68,44.85,False,False
2026-08-16 04:34:00+00:00,cell_001,139.8,15.54,4.32,0.32,50.33,False,False
2026-08-16 04:35:00+00:00,cell_001,137.43,15.86,3.47,0.34,39.01,False,False
2026-08-16 04:36:00+00:00,cell_001,138.5,16.12,3.14,0.65,40.47,False,False
2026-08-16 04:37:00+00:00,cell_001,139.89,16.64,3.88,0.44,44.54,False,False
2026-08-16 04:38:00+00:00,cell_001,134.69,16.64,3.59,0.56,45.15,False,False
2026-08-16 04:39:00+00:00,cell_001,136.06,14.57,3.73,0.54,46.28,False,False
2026-08-16 04:40:00+00:00,cell_001,133.98,17.49,3.9,0.28,49.93,False,False
2026-08-16 04:41:00+00:00,cell_001,138.87,16.15,3.96,0.88,63.14,False,False
2026-08-16 04:42:00+00:00,cell_001,138.31,15.77,3.97,0.35,37.11,False,False
2026-08-16 04:43:00+00:00,cell_001,136.0,15.21,3.79,0.91,42.24,False,False
2026-08-16 04:44:00+00:00,cell_001,140.32,18.12,3.93,0.64,47.43,False,False
2026-08-16 04:45:00+00:00,cell_001,134.62,18.5,3.75,0.58,55.32,False,False
2026-08-16 04:46:00+00:00,cell_001,135.58,18.02,3.71,0.23,44.55,False,False
2026-08-16 04:47:00+00:00,cell_001,139.89,16.29,3.81,0.6,45.7,False,False
2026-08-16 04:48:00+00:00,cell_001,140.23,16.52,3.99,0.51,43.88,False,False
2026-08-16 04:49:00+00:00,cell_001,134.96,17.68,3.63,0.48,48.7,False,False
2026-08-16 04:50:00+00:00,cell_001,137.94,15.96,3.89,0.27,46.04,False,False
2026-08-16 04:51:00+00:00,cell_001,134.8,16.76,3.69,0.71,50.4,False,False
2026-08-16 04:52:00+00:00,cell_001,136.44,16.46,3.61,0.72,52.57,False,False
2026-08-16 04:53:00+00:00,cell_001,137.36,18.16,4.15,0.19,44.67,False,False
2026-08-16 04:54:00+00:00,cell_001,138.5,17.69,3.95,0.41,51.48,False,False
2026-08-16 04:55:00+00:00,cell_001,137.67,16.13,3.96,0.48,43.07,False,False
2026-08-16 04:56:00+00:00,cell_001,137.43,17.81,3.56,0.6,48.06,False,False
2026-08-16 04:57:00+00:00,cell_001,133.27,16.29,3.78,0.56,43.73,False,False
2026-08-16 04:58:00+00:00,cell_001,137.57,15.76,4.03,0.52,38.92,False,False
2026-08-16 04:59:00+00:00,cell_001,137.95,16.04,3.97,0.63,51.95,False,False
2026-08-16 05:00:00+00:00,cell_001,138.26,16.48,4.63,0.91,42.36,False,False
2026-08-16 05:01:00+00:00,cell_001,133.92,15.56,3.93,0.48,43.92,False,False
2026-08-16 05:02:00+00:00,cell_001,138.72,15.84,3.67,0.75,45.95,False,False
2026-08-16 05:03:00+00:00,cell_001,131.92,14.93,3.74,0.89,57.39,False,False
2026-08-16 05:04:00+00:00,cell_001,134.47,15.56,3.62,0.85,56.15,False,False
2026-08-16 05:05:00+00:00,cell_001,134.83,16.64,3.69,0.67,39.76,False,False
2026-08-16 05:06:00+00:00,cell_001,131.76,17.46,3.91,0.67,42.11,False,False
2026-08-16 05:07:00+00:00,cell_001,134.57,17.34,3.75,0.63,57.81,False,False
2026-08-16 05:08:00+00:00,cell_001,135.99,16.87,4.29,0.88,59.5,False,False
2026-08-16 05:09:00+00:00,cell_001,129.74,14.92,4.16,0.47,51.1,False,False
2026-08-16 05:10:00+00:00,cell_001,133.93,15.61,4.16,0.47,49.52,False,False
2026-08-16 05:11:00+00:00,cell_001,129.76,16.28,3.83,0.41,48.66,False,False
2026-08-16 05:12:00+00:00,cell_001,141.02,17.46,4.18,1.03,48.01,False,False
2026-08-16 05:13:00+00:00,cell_001,135.42,15.95,4.22,0.85,43.01,False,False
2026-08-16 05:14:00+00:00,cell_001,135.05,15.3,4.39,0.43,53.52,False,False
2026-08-16 05:15:00+00:00,cell_001,135.26,17.98,3.76,0.31,44.81,False,False
2026-08-16 05:16:00+00:00,cell_001,136.27,15.81,3.93,0.51,52.92,False,False
2026-08-16 05:17:00+00:00,cell_001,137.28,15.43,3.7,0.56,49.97,False,False
2026-08-16 05:18:00+00:00,cell_001,129.54,16.8,4.72,0.6,55.41,False,False
2026-08-16 05:19:00+00:00,cell_001,138.05,16.54,3.87,0.24,46.64,False,False
2026-08-16 05:20:00+00:00,cell_001,137.75,16.1,4.32,0.4,43.83,False,False
2026-08-16 05:21:00+00:00,cell_001,133.7,16.62,3.99,0.79,45.29,False,False
2026-08-16 05:22:00+00:00,cell_001,133.43,15.71,4.21,0.67,50.38,False,False
2026-08-16 05:23:00+00:00,cell_001,124.37,16.13,3.95,0.41,49.85,False,False
2026-08-16 05:24:00+00:00,cell_001,129.83,16.62,4.23,0.75,44.35,False,False
2026-08-16 05:25:00+00:00,cell_001,135.01,14.64,4.04,0.75,48.24,False,False
2026-08-16 05:26:00+00:00,cell_001,136.94,17.64,4.47,1.0,51.44,False,False
2026-08-16 05:27:00+00:00,cell_001,135.41,15.33,4.06,0.51,54.72,False,False
2026-08-16 05:28:00+00:00,cell_001,132.88,15.78,3.75,0.42,51.21,False,False
2026-08-16 05:29:00+00:00,cell_001,138.78,17.73,4.13,0.53,54.97,False,False
2026-08-16 05:30:00+00:00,cell_001,135.9,17.31,3.98,0.74,51.82,False,False
2026-08-16 05:31:00+00:00,cell_001,131.59,16.84,3.69,0.31,51.99,False,False
2026-08-16 05:32:00+00:00,cell_001,139.2,15.06,4.1,0.56,54.39,False,False
2026-08-16 05:33:00+00:00,cell_001,129.25,16.18,3.81,0.57,46.07,False,False
2026-08-16 05:34:00+00:00,cell_001,128.01,16.58,3.92,0.83,61.61,False,False
2026-08-16 05:35:00+00:00,cell_001,131.05,16.67,4.01,0.45,52.7,False,False
2026-08-16 05:36:00+00:00,cell_001,129.92,17.97,3.4,0.53,52.02,False,False
2026-08-16 05:37:00+00:00,cell_001,130.99,18.84,3.88,0.67,53.85,False,False
2026-08-16 05:38:00+00:00,cell_001,134.36,17.47,4.29,0.44,58.44,False,False
2026-08-16 05:39:00+00:00,cell_001,131.75,16.34,3.96,0.41,54.97,False,False
2026-08-16 05:40:00+00:00,cell_001,131.71,18.1,3.45,0.94,56.22,False,False
2026-08-16 05:41:00+00:00,cell_001,131.8,16.31,4.0,0.68,53.62,False,False
2026-08-16 05:42:00+00:00,cell_001,124.57,14.29,4.17,0.81,47.91,False,False
2026-08-16 05:43:00+00:00,cell_001,126.84,15.68,3.94,0.71,40.48,False,False
2026-08-16 05:44:00+00:00,cell_001,130.12,14.57,3.96,0.54,57.75,False,False
2026-08-16 05:45:00+00:00,cell_001,128.63,16.57,3.91,0.45,58.79,False,False
2026-08-16 05:46:00+00:00,cell_001,130.35,16.79,4.23,0.46,47.9,False,False
2026-08-16 05:47:00+00:00,cell_001,135.14,15.39,3.8,0.42,47.45,False,False
2026-08-16 05:48:00+00:00,cell_001,130.58,16.15,4.22,0.42,48.33,False,False
2026-08-16 05:49:00+00:00,cell_001,126.72,15.59,3.98,0.42,51.12,False,False
2026-08-16 05:50:00+00:00,cell_001,128.19,16.9,4.44,0.73,49.7,False,False
2026-08-16 05:51:00+00:00,cell_001,135.59,16.19,3.92,0.38,55.0,False,False
2026-08-16 05:52:00+00:00,cell_001,134.94,18.07,3.74,0.85,55.31,False,False
2026-08-16 05:53:00+00:00,cell_001,132.01,17.24,4.26,0.73,54.86,False,False
2026-08-16 05:54:00+00:00,cell_001,125.42,18.69,4.23,0.71,52.11,False,False
2026-08-16 05:55:00+00:00,cell_001,130.91,16.65,4.21,0.62,50.31,False,False
2026-08-16 05:56:00+00:00,cell_001,131.02,19.26,4.34,0.66,47.59,False,False
2026-08-16 05:57:00+00:00,cell_001,129.83,17.13,3.79,0.49,52.25,False,False
2026-08-16 05:58:00+00:00,cell_001,127.92,16.62,3.86,0.41,58.41,False,False
2026-08-16 05:59:00+00:00,cell_001,128.42,19.57,4.5,0.49,47.28,False,False
2026-08-16 06:00:00+00:00,cell_001,127.47,15.35,4.23,0.32,55.19,False,False
2026-08-16 06:01:00+00:00,cell_001,125.84,16.64,3.97,0.67,50.39,False,False
2026-08-16 06:02:00+00:00,cell_001,133.25,15.54,3.58,0.38,49.32,False,False
2026-08-16 06:03:00+00:00,cell_001,131.68,15.38,3.74,0.71,60.81,False,False
2026-08-16 06:04:00+00:00,cell_001,128.06,15.17,3.83,0.72,62.29,False,False
2026-08-16 06:05:00+00:00,cell_001,129.85,17.86,3.96,0.64,58.78,False,False
2026-08-16 06:06:00+00:00,cell_001,129.85,15.93,4.22,0.48,50.49,False,False
2026-08-16 06:07:00+00:00,cell_001,135.59,17.02,3.72,0.42,60.77,False,False
2026-08-16 06:08:00+00:00,cell_001,131.06,18.18,3.98,0.44,60.46,False,False
2026-08-16 06:09:00+00:00,cell_001,130.82,17.77,3.76,0.4,66.89,False,False
2026-08-16 06:10:00+00:00,cell_001,128.31,17.74,4.02,0.58,54.38,False,False
2026-08-16 06:11:00+00:00,cell_001,126.78,18.55,4.87,0.57,59.08,False,False
2026-08-16 06:12:00+00:00,cell_001,132.11,18.96,4.51,0.97,52.9,False,False
2026-08-16 06:13:00+00:00,cell_001,129.8,16.11,4.33,0.96,48.01,False,False
2026-08-16 06:14:00+00:00,cell_001,125.23,17.86,4.01,0.9,48.5,False,False
2026-08-16 06:15:00+00:00,cell_001,128.96,17.12,3.84,0.55,58.11,False,False
2026-08-16 06:16:00+00:00,cell_001,129.99,17.26,4.15,0.31,54.26,False,False
2026-08-16 06:17:00+00:00,cell_001,121.07,15.91,3.71,0.63,60.73,False,False
2026-08-16 06:18:00+00:00,cell_001,124.47,16.91,4.37,0.54,61.51,False,False
2026-08-16 06:19:00+00:00,cell_001,128.2,17.03,4.12,0.6,58.52,False,False
2026-08-16 06:20:00+00:00,cell_001,121.22,18.9,4.18,0.68,50.84,False,False
2026-08-16 06:21:00+00:00,cell_001,121.57,16.33,3.69,0.74,53.82,False,False
2026-08-16 06:22:00+00:00,cell_001,125.94,15.12,4.21,0.24,60.08,False,False
2026-08-16 06:23:00+00:00,cell_001,128.1,17.51,4.13,0.86,60.74,False,False
2026-08-16 06:24:00+00:00,cell_001,128.12,16.27,3.92,0.79,60.96,False,False
2026-08-16 06:25:00+00:00,cell_001,131.13,17.41,4.28,0.48,63.69,False,False
2026-08-16 06:26:00+00:00,cell_001,126.51,18.22,4.09,0.78,58.31,False,False
2026-08-16 06:27:00+00:00,cell_001,125.03,17.48,4.31,0.55,60.71,False,False
2026-08-16 06:28:00+00:00,cell_001,122.1,17.16,4.41,0.61,62.6,False,False
2026-08-16 06:29:00+00:00,cell_001,124.75,17.45,3.9,0.57,64.8,False,False
2026-08-16 06:30:00+00:00,cell_001,127.9,18.47,4.26,0.46,60.05,False,False
2026-08-16 06:31:00+00:00,cell_001,127.92,16.48,4.26,0.35,60.03,False,False
2026-08-16 06:32:00+00:00,cell_001,126.33,18.38,4.61,1.15,61.96,False,False
2026-08-16 06:33:00+00:00,cell_001,127.05,16.66,4.5,0.73,60.81,False,False
2026-08-16 06:34:00+00:00,cell_001,129.12,18.28,4.14,0.63,59.36,False,False
2026-08-16 06:35:00+00:00,cell_001,125.39,16.15,4.13,0.97,57.7,False,False
2026-08-16 06:36:00+00:00,cell_001,129.15,18.25,4.3,0.27,52.44,False,False
2026-08-16 06:37:00+00:00,cell_001,122.74,17.62,3.93,0.56,63.85,False,False
2026-08-16 06:38:00+00:00,cell_001,124.58,17.84,3.97,0.48,63.65,False,False
2026-08-16 06:39:00+00:00,cell_001,123.24,18.72,4.13,0.51,62.8,False,False
2026-08-16 06:40:00+00:00,cell_001,126.93,16.95,3.56,0.62,63.69,False,False
2026-08-16 06:41:00+00:00,cell_001,121.39,17.76,3.98,0.52,60.96,False,False
2026-08-16 06:42:00+00:00,cell_001,123.35,18.11,4.18,0.26,71.3,False,False
2026-08-16 06:43:00+00:00,cell_001,118.61,17.52,5.12,0.41,66.52,False,False
2026-08-16 06:44:00+00:00,cell_001,125.85,18.55,4.1,0.43,71.97,False,False
2026-08-16 06:45:00+00:00,cell_001,127.68,18.18,4.5,0.52,59.1,False,False
2026-08-16 06:46:00+00:00,cell_001,126.55,17.28,4.24,0.42,62.28,False,False
2026-08-16 06:47:00+00:00,cell_001,126.14,19.14,4.44,0.58,62.43,False,False
2026-08-16 06:48:00+00:00,cell_001,126.09,18.46,3.99,0.59,70.12,False,False
2026-08-16 06:49:00+00:00,cell_001,125.55,17.07,3.85,0.19,52.69,False,False
2026-08-16 06:50:00+00:00,cell_001,125.17,17.07,4.73,0.4,66.26,False,False
2026-08-16 06:51:00+00:00,cell_001,125.24,17.72,3.92,0.66,64.42,False,False
2026-08-16 06:52:00+00:00,cell_001,121.12,18.4,4.77,0.6,69.0,False,False
2026-08-16 06:53:00+00:00,cell_001,122.36,15.76,4.22,0.27,61.13,False,False
2026-08-16 06:54:00+00:00,cell_001,123.05,17.18,4.09,0.78,55.4,False,False
2026-08-16 06:55:00+00:00,cell_001,121.71,17.42,4.19,0.74,73.7,False,False
2026-08-16 06:56:00+00:00,cell_001,117.89,16.58,4.83,1.09,64.33,False,False
2026-08-16 06:57:00+00:00,cell_001,118.76,17.01,4.14,0.98,69.32,False,False
2026-08-16 06:58:00+00:00,cell_001,123.04,18.18,4.24,0.45,63.16,False,False
2026-08-16 06:59:00+00:00,cell_001,124.94,17.57,4.65,0.6,70.54,False,False
2026-08-16 07:00:00+00:00,cell_001,122.13,17.67,4.5,0.63,68.87,False,False
2026-08-16 07:01:00+00:00,cell_001,130.27,16.71,4.99,0.88,71.27,False,False
2026-08-16 07:02:00+00:00,cell_001,119.1,17.89,4.72,0.57,63.67,False,False
2026-08-16 07:03:00+00:00,cell_001,123.07,16.62,4.17,0.9,72.23,False,False
2026-08-16 07:04:00+00:00,cell_001,125.48,19.6,4.77,0.68,68.26,False,False
2026-08-16 07:05:00+00:00,cell_001,124.68,19.89,3.81,0.47,56.71,False,False
2026-08-16 07:06:00+00:00,cell_001,123.33,17.69,4.62,0.39,72.75,False,False
2026-08-16 07:07:00+00:00,cell_001,124.45,17.06,4.2,0.83,68.98,False,False
2026-08-16 07:08:00+00:00,cell_001,121.28,19.05,4.58,0.82,64.75,False,False
2026-08-16 07:09:00+00:00,cell_001,125.98,18.8,4.99,0.85,65.74,False,False
2026-08-16 07:10:00+00:00,cell_001,124.72,20.1,3.91,0.12,61.51,False,False
2026-08-16 07:11:00+00:00,cell_001,118.19,20.38,4.69,0.61,67.44,False,False
2026-08-16 07:12:00+00:00,cell_001,121.59,16.23,4.67,0.88,69.62,False,False
2026-08-16 07:13:00+00:00,cell_001,115.86,19.43,4.62,0.35,67.58,False,False
2026-08-16 07:14:00+00:00,cell_001,124.95,18.07,4.13,0.75,68.31,False,False
2026-08-16 07:15:00+00:00,cell_001,120.93,18.85,4.4,0.53,64.58,False,False
2026-08-16 07:16:00+00:00,cell_001,124.18,19.1,4.14,0.45,62.86,False,False
2026-08-16 07:17:00+00:00,cell_001,119.68,19.07,4.57,0.49,67.78,False,False
2026-08-16 07:18:00+00:00,cell_001,114.32,19.35,4.05,0.95,69.06,False,False
2026-08-16 07:19:00+00:00,cell_001,127.68,17.8,4.31,0.82,65.86,False,False
2026-08-16 07:20:00+00:00,cell_001,120.04,17.43,4.64,0.62,70.43,False,False
2026-08-16 07:21:00+00:00,cell_001,116.52,19.58,4.23,1.08,72.54,False,False
2026-08-16 07:22:00+00:00,cell_001,122.84,17.54,4.34,0.28,73.24,False,False
2026-08-16 07:23:00+00:00,cell_001,125.39,20.29,4.19,0.51,66.09,False,False
2026-08-16 07:24:00+00:00,cell_001,118.55,17.68,4.54,0.96,60.37,False,False
2026-08-16 07:25:00+00:00,cell_001,118.74,18.07,4.43,0.61,70.99,False,False
2026-08-16 07:26:00+00:00,cell_001,119.63,18.28,4.26,0.6,67.54,False,False
2026-08-16 07:27:00+00:00,cell_001,115.46,16.94,4.29,0.62,69.25,False,False
2026-08-16 07:28:00+00:00,cell_001,116.6,16.96,4.53,0.55,66.86,False,False
2026-08-16 07:29:00+00:00,cell_001,123.89,19.43,4.17,0.83,77.6,False,False
2026-08-16 07:30:00+00:00,cell_001,118.03,16.81,4.48,0.48,67.5,False,False
2026-08-16 07:31:00+00:00,cell_001,115.79,21.06,4.51,1.19,79.09,False,False
2026-08-16 07:32:00+00:00,cell_001,116.82,18.47,4.55,0.37,73.78,False,False
2026-08-16 07:33:00+00:00,cell_001,121.28,17.55,4.35,0.99,75.29,False,False
2026-08-16 07:34:00+00:00,cell_001,112.01,19.01,4.69,0.82,69.53,False,False
2026-08-16 07:35:00+00:00,cell_001,118.58,16.14,4.8,0.52,66.17,False,False
2026-08-16 07:36:00+00:00,cell_001,125.08,18.29,4.71,0.7,73.99,False,False
2026-08-16 07:37:00+00:00,cell_001,123.66,18.43,4.59,0.82,72.35,False,False
2026-08-16 07:38:00+00:00,cell_001,119.17,17.38,4.1,0.78,68.27,False,False
2026-08-16 07:39:00+00:00,cell_001,121.28,18.03,5.03,0.27,74.49,False,False
2026-08-16 07:40:00+00:00,cell_001,121.13,20.21,4.55,0.73,74.03,False,False
2026-08-16 07:41:00+00:00,cell_001,116.71,18.88,4.63,0.38,62.63,False,False
2026-08-16 07:42:00+00:00,cell_001,119.74,19.11,4.33,0.87,74.48,False,False
2026-08-16 07:43:00+00:00,cell_001,122.21,17.94,4.48,0.87,76.36,False,False
2026-08-16 07:44:00+00:00,cell_001,112.93,17.42,4.91,0.38,64.07,False,False
2026-08-16 07:45:00+00:00,cell_001,118.33,18.51,4.79,0.26,81.61,False,False
2026-08-16 07:46:00+00:00,cell_001,117.57,16.31,4.47,0.6,78.99,False,False
2026-08-16 07:47:00+00:00,cell_001,116.67,17.69,5.02,0.61,63.54,False,False
2026-08-16 07:48:00+00:00,cell_001,116.29,17.55,4.27,0.66,70.49,False,False
2026-08-16 07:49:00+00:00,cell_001,116.82,16.78,4.07,0.75,67.96,False,False
2026-08-16 07:50:00+00:00,cell_001,116.95,19.48,4.0,0.63,66.65,False,False
2026-08-16 07:51:00+00:00,cell_001,119.24,18.71,4.82,0.68,74.3,False,False
2026-08-16 07:52:00+00:00,cell_001,117.19,18.24,4.38,0.5,73.62,False,False
2026-08-16 07:53:00+00:00,cell_001,115.11,19.54,4.55,0.46,68.48,False,False
2026-08-16 07:54:00+00:00,cell_001,113.0,17.24,4.92,0.79,69.2,False,False
2026-08-16 07:55:00+00:00,cell_001,113.99,17.56,4.7,0.77,73.38,False,False
2026-08-16 07:56:00+00:00,cell_001,116.07,20.04,4.25,0.6,75.53,False,False
2026-08-16 07:57:00+00:00,cell_001,113.05,21.21,5.1,0.46,69.49,False,False
2026-08-16 07:58:00+00:00,cell_001,117.88,19.63,4.53,0.98,74.11,False,False
2026-08-16 07:59:00+00:00,cell_001,116.22,19.43,4.6,1.01,76.68,False,False
2026-08-16 08:00:00+00:00,cell_001,118.24,18.4,4.41,0.9,78.64,False,False
2026-08-16 08:01:00+00:00,cell_001,112.77,18.43,4.29,0.8,75.68,False,False
2026-08-16 08:02:00+00:00,cell_001,112.08,19.23,4.7,0.45,75.16,False,False
2026-08-16 08:03:00+00:00,cell_001,117.86,20.39,4.2,0.93,73.31,False,False
2026-08-16 08:04:00+00:00,cell_001,114.72,19.46,4.61,0.79,72.61,False,False
2026-08-16 08:05:00+00:00,cell_001,113.61,20.01,5.12,0.47,75.69,False,False
2026-08-16 08:06:00+00:00,cell_001,116.19,18.15,4.87,0.82,75.42,False,False
2026-08-16 08:07:00+00:00,cell_001,115.96,19.7,4.71,0.57,77.15,False,False
2026-08-16 08:08:00+00:00,cell_001,110.1,18.42,4.33,0.84,71.41,False,False
2026-08-16 08:09:00+00:00,cell_001,117.9,19.25,4.64,0.91,78.59,False,False
2026-08-16 08:10:00+00:00,cell_001,112.4,19.74,4.42,0.78,67.93,False,False
2026-08-16 08:11:00+00:00,cell_001,118.61,18.61,5.1,0.51,79.08,False,False
2026-08-16 08:12:00+00:00,cell_001,109.39,18.13,4.53,0.8,74.76,False,False
2026-08-16 08:13:00+00:00,cell_001,114.23,19.53,4.44,0.79,70.31,False,False
2026-08-16 08:14:00+00:00,cell_001,112.6,19.05,4.61,0.54,70.48,False,False
2026-08-16 08:15:00+00:00,cell_001,107.12,19.33,4.45,0.61,79.0,False,False
2026-08-16 08:16:00+00:00,cell_001,114.9,19.87,4.76,1.06,77.02,False,False
2026-08-16 08:17:00+00:00,cell_001,107.04,20.53,5.24,1.01,77.57,False,False
2026-08-16 08:18:00+00:00,cell_001,111.82,19.9,4.7,0.57,75.73,False,False
2026-08-16 08:19:00+00:00,cell_001,115.89,19.78,4.42,0.28,74.8,False,False
2026-08-16 08:20:00+00:00,cell_001,110.87,18.77,4.66,0.98,77.57,False,False
2026-08-16 08:21:00+00:00,cell_001,109.64,18.93,4.33,1.11,76.94,False,False
2026-08-16 08:22:00+00:00,cell_001,114.63,19.75,5.58,1.0,73.44,False,False
2026-08-16 08:23:00+00:00,cell_001,111.37,18.95,5.26,0.62,69.01,False,False
2026-08-16 08:24:00+00:00,cell_001,110.79,19.77,5.1,0.82,74.04,False,False
2026-08-16 08:25:00+00:00,cell_001,115.71,18.52,4.95,0.5,78.45,False,False
2026-08-16 08:26:00+00:00,cell_001,108.27,21.28,4.68,0.91,81.96,False,False
2026-08-16 08:27:00+00:00,cell_001,110.28,19.56,4.69,0.57,67.97,False,False
2026-08-16 08:28:00+00:00,cell_001,114.14,19.51,4.67,0.56,75.59,False,False
2026-08-16 08:29:00+00:00,cell_001,107.74,18.91,5.45,0.67,79.31,False,False
2026-08-16 08:30:00+00:00,cell_001,116.64,21.32,4.69,0.58,78.99,False,False
2026-08-16 08:31:00+00:00,cell_001,110.55,18.17,4.58,0.84,78.79,False,False
2026-08-16 08:32:00+00:00,cell_001,113.71,18.73,4.72,0.52,76.04,False,False
2026-08-16 08:33:00+00:00,cell_001,113.6,20.3,4.91,1.21,74.91,False,False
2026-08-16 08:34:00+00:00,cell_001,110.41,19.7,3.72,0.8,81.18,False,False
2026-08-16 08:35:00+00:00,cell_001,109.32,18.9,4.88,0.63,80.23,False,False
2026-08-16 08:36:00+00:00,cell_001,110.51,18.94,4.01,0.5,78.85,False,False
2026-08-16 08:37:00+00:00,cell_001,112.67,19.22,5.22,0.63,89.36,False,False
2026-08-16 08:38:00+00:00,cell_001,107.46,19.62,4.26,0.66,85.58,False,False
2026-08-16 08:39:00+00:00,cell_001,106.69,21.09,4.54,0.64,82.1,False,False
2026-08-16 08:40:00+00:00,cell_001,114.65,20.15,4.21,0.6,84.41,False,False
2026-08-16 08:41:00+00:00,cell_001,107.88,20.58,5.33,0.54,83.16,False,False
2026-08-16 08:42:00+00:00,cell_001,111.03,19.14,4.79,0.88,78.69,False,False
2026-08-16 08:43:00+00:00,cell_001,109.25,20.1,5.47,0.98,74.64,False,False
2026-08-16 08:44:00+00:00,cell_001,109.28,18.05,5.4,0.53,85.16,False,False
2026-08-16 08:45:00+00:00,cell_001,113.93,19.8,5.18,0.69,80.41,False,False
2026-08-16 08:46:00+00:00,cell_001,109.27,19.75,4.39,0.34,85.12,False,False
2026-08-16 08:47:00+00:00,cell_001,108.35,21.46,4.86,0.59,84.85,False,False
2026-08-16 08:48:00+00:00,cell_001,108.5,21.21,5.23,1.1,73.39,False,False
2026-08-16 08:49:00+00:00,cell_001,107.69,19.41,4.94,0.95,84.16,False,False
2026-08-16 08:50:00+00:00,cell_001,107.08,18.87,4.71,0.83,89.83,False,False
2026-08-16 08:51:00+00:00,cell_001,107.48,18.91,4.93,0.48,80.4,False,False
2026-08-16 08:52:00+00:00,cell_001,113.86,19.42,4.97,0.57,83.17,False,False
2026-08-16 08:53:00+00:00,cell_001,110.9,21.03,4.39,0.6,86.77,False,False
2026-08-16 08:54:00+00:00,cell_001,107.62,20.15,4.67,0.91,74.39,False,False
2026-08-16 08:55:00+00:00,cell_001,111.49,20.27,5.04,0.97,71.66,False,False
2026-08-16 08:56:00+00:00,cell_001,103.68,20.58,5.11,0.71,81.2,False,False
2026-08-16 08:57:00+00:00,cell_001,112.46,18.78,4.92,0.89,74.28,False,False
2026-08-16 08:58:00+00:00,cell_001,112.11,19.08,4.73,0.57,88.97,False,False
2026-08-16 08:59:00+00:00,cell_001,114.83,20.32,4.8,0.78,86.68,False,False
2026-08-16 09:00:00+00:00,cell_001,111.05,19.04,4.64,0.92,89.01,False,False
2026-08-16 09:01:00+00:00,cell_001,109.22,18.3,4.84,1.03,82.41,False,False
2026-08-16 09:02:00+00:00,cell_001,111.67,18.76,5.13,0.48,88.38,False,False
2026-08-16 09:03:00+00:00,cell_001,105.82,20.91,5.6,1.01,83.36,False,False
2026-08-16 09:04:00+00:00,cell_001,106.4,19.5,4.52,1.2,85.03,False,False
2026-08-16 09:05:00+00:00,cell_001,107.29,20.11,5.26,0.43,93.88,False,False
2026-08-16 09:06:00+00:00,cell_001,111.49,18.86,5.0,0.4,77.02,False,False
2026-08-16 09:07:00+00:00,cell_001,104.71,20.29,4.41,1.05,92.11,False,False
2026-08-16 09:08:00+00:00,cell_001,104.28,19.65,4.86,0.65,74.16,False,False
2026-08-16 09:09:00+00:00,cell_001,107.77,20.38,4.84,0.69,83.6,False,False
2026-08-16 09:10:00+00:00,cell_001,109.11,19.47,4.9,0.97,86.61,False,False
2026-08-16 09:11:00+00:00,cell_001,104.75,20.46,5.22,0.56,81.47,False,False
2026-08-16 09:12:00+00:00,cell_001,108.77,19.45,5.5,0.79,85.5,False,False
2026-08-16 09:13:00+00:00,cell_001,110.76,19.9,5.3,0.46,86.04,False,False
2026-08-16 09:14:00+00:00,cell_001,110.15,19.73,4.98,0.91,87.42,False,False
2026-08-16 09:15:00+00:00,cell_001,107.51,20.04,5.02,0.91,83.45,False,False
2026-08-16 09:16:00+00:00,cell_001,106.07,20.3,5.55,0.78,81.18,False,False
2026-08-16 09:17:00+00:00,cell_001,111.45,19.54,4.61,0.74,85.64,False,False
2026-08-16 09:18:00+00:00,cell_001,106.19,19.93,5.3,0.74,83.22,False,False
2026-08-16 09:19:00+00:00,cell_001,108.86,20.25,4.59,0.71,85.1,False,False
2026-08-16 09:20:00+00:00,cell_001,111.81,20.58,4.48,0.73,83.53,False,False
2026-08-16 09:21:00+00:00,cell_001,108.34,20.01,5.13,0.92,86.2,False,False
2026-08-16 09:22:00+00:00,cell_001,102.75,19.21,4.45,0.39,82.3,False,False
2026-08-16 09:23:00+00:00,cell_001,101.92,20.2,4.83,1.11,83.06,False,False
2026-08-16 09:24:00+00:00,cell_001,104.65,20.79,5.36,0.78,80.03,False,False
2026-08-16 09:25:00+00:00,cell_001,107.57,18.8,4.68,1.2,86.48,False,False
2026-08-16 09:26:00+00:00,cell_001,106.67,18.83,5.5,0.8,81.32,False,False
2026-08-16 09:27:00+00:00,cell_001,111.86,19.5,4.28,0.75,87.49,False,False
2026-08-16 09:28:00+00:00,cell_001,106.45,19.98,5.28,0.87,91.16,False,False
2026-08-16 09:29:00+00:00,cell_001,104.06,17.99,4.55,0.5,94.02,False,False
2026-08-16 09:30:00+00:00,cell_001,101.55,20.77,4.91,0.54,85.76,False,False
2026-08-16 09:31:00+00:00,cell_001,108.39,20.03,5.04,0.71,100.0,False,False
2026-08-16 09:32:00+00:00,cell_001,104.74,17.87,4.89,0.77,89.63,False,False
2026-08-16 09:33:00+00:00,cell_001,100.14,19.12,4.91,0.96,87.31,False,False
2026-08-16 09:34:00+00:00,cell_001,104.63,19.94,4.55,0.77,96.5,False,False
2026-08-16 09:35:00+00:00,cell_001,101.48,18.48,5.41,1.04,82.5,False,False
2026-08-16 09:36:00+00:00,cell_001,103.09,21.24,4.62,0.22,86.95,False,False
2026-08-16 09:37:00+00:00,cell_001,104.29,20.47,4.63,1.12,85.66,False,False
2026-08-16 09:38:00+00:00,cell_001,101.46,20.97,4.97,0.67,80.81,False,False
2026-08-16 09:39:00+00:00,cell_001,102.62,19.27,4.79,0.89,92.33,False,False
2026-08-16 09:40:00+00:00,cell_001,101.76,20.73,5.26,1.0,88.97,False,False
2026-08-16 09:41:00+00:00,cell_001,101.74,19.67,4.85,0.49,90.95,False,False
2026-08-16 09:42:00+00:00,cell_001,100.78,20.14,5.01,1.05,90.99,False,False
2026-08-16 09:43:00+00:00,cell_001,102.26,20.7,5.05,0.91,79.39,False,False
2026-08-16 09:44:00+00:00,cell_001,100.93,20.29,5.31,1.11,93.94,False,False
2026-08-16 09:45:00+00:00,cell_001,105.28,21.18,4.86,0.77,84.33,False,False
2026-08-16 09:46:00+00:00,cell_001,104.03,20.52,4.52,0.76,93.08,False,False
2026-08-16 09:47:00+00:00,cell_001,106.92,19.93,4.79,0.61,82.06,False,False
2026-08-16 09:48:00+00:00,cell_001,108.91,21.25,5.37,0.62,90.25,False,False
2026-08-16 09:49:00+00:00,cell_001,105.19,21.47,5.14,0.75,85.4,False,False
2026-08-16 09:50:00+00:00,cell_001,104.41,20.52,4.93,0.88,89.79,False,False
2026-08-16 09:51:00+00:00,cell_001,105.2,21.78,5.06,0.91,87.99,False,False
2026-08-16 09:52:00+00:00,cell_001,104.28,20.22,4.97,0.56,90.32,False,False
2026-08-16 09:53:00+00:00,cell_001,102.95,20.33,5.28,0.74,87.86,False,False
2026-08-16 09:54:00+00:00,cell_001,102.62,20.48,5.15,0.81,86.71,False,False
2026-08-16 09:55:00+00:00,cell_001,99.55,20.35,4.97,0.33,95.47,False,False
2026-08-16 09:56:00+00:00,cell_001,105.04,20.18,5.33,0.94,95.58,False,False
2026-08-16 09:57:00+00:00,cell_001,102.35,19.79,5.41,0.71,98.94,False,False
2026-08-16 09:58:00+00:00,cell_001,106.7,19.52,4.79,0.77,89.8,False,False
2026-08-16 09:59:00+00:00,cell_001,105.01,20.64,4.8,1.06,89.26,False,False
2026-08-16 10:00:00+00:00,cell_001,100.3,21.74,5.79,0.57,90.29,False,False
2026-08-16 10:01:00+00:00,cell_001,105.83,21.36,5.26,0.59,86.63,False,False
2026-08-16 10:02:00+00:00,cell_001,94.32,20.95,5.58,0.31,83.99,False,False
2026-08-16 10:03:00+00:00,cell_001,107.71,21.82,5.35,0.75,87.57,False,False
2026-08-16 10:04:00+00:00,cell_001,97.82,20.6,5.22,0.98,86.71,False,False
2026-08-16 10:05:00+00:00,cell_001,103.23,19.6,4.44,0.34,93.3,False,False
2026-08-16 10:06:00+00:00,cell_001,102.94,20.25,4.72,0.56,94.52,False,False
2026-08-16 10:07:00+00:00,cell_001,104.95,20.55,5.29,0.8,80.93,False,False
2026-08-16 10:08:00+00:00,cell_001,100.51,20.11,4.82,0.67,86.85,False,False
2026-08-16 10:09:00+00:00,cell_001,94.97,21.24,5.05,0.68,92.88,False,False
2026-08-16 10:10:00+00:00,cell_001,100.34,21.58,5.37,0.8,91.75,False,False
2026-08-16 10:11:00+00:00,cell_001,100.59,18.92,5.14,1.14,90.1,False,False
2026-08-16 10:12:00+00:00,cell_001,95.01,20.52,5.23,0.78,90.06,False,False
2026-08-16 10:13:00+00:00,cell_001,101.22,17.77,5.53,0.82,93.04,False,False
2026-08-16 10:14:00+00:00,cell_001,97.77,20.59,5.56,0.87,93.44,False,False
2026-08-16 10:15:00+00:00,cell_001,102.86,20.59,5.1,0.38,85.01,False,False
2026-08-16 10:16:00+00:00,cell_001,100.1,22.48,5.5,0.84,82.7,False,False
2026-08-16 10:17:00+00:00,cell_001,106.64,22.19,4.83,0.46,91.31,False,False
2026-08-16 10:18:00+00:00,cell_001,99.91,21.66,5.19,0.78,95.48,False,False
2026-08-16 10:19:00+00:00,cell_001,101.89,19.77,5.3,0.99,89.71,False,False
2026-08-16 10:20:00+00:00,cell_001,99.88,19.73,5.1,0.69,100.0,False,False
2026-08-16 10:21:00+00:00,cell_001,95.57,19.66,5.07,0.99,96.25,False,False
2026-08-16 10:22:00+00:00,cell_001,99.74,22.29,4.8,0.43,89.88,False,False
2026-08-16 10:23:00+00:00,cell_001,102.54,19.86,5.13,0.83,83.66,False,False
2026-08-16 10:24:00+00:00,cell_001,102.01,20.4,4.66,0.83,96.07,False,False
2026-08-16 10:25:00+00:00,cell_001,99.25,19.89,5.1,0.24,88.31,False,False
2026-08-16 10:26:00+00:00,cell_001,95.68,19.54,5.16,0.88,89.72,False,False
2026-08-16 10:27:00+00:00,cell_001,101.91,21.14,5.37,0.18,88.84,False,False
2026-08-16 10:28:00+00:00,cell_001,101.16,20.97,4.8,0.81,86.4,False,False
2026-08-16 10:29:00+00:00,cell_001,102.35,18.6,5.26,0.87,90.2,False,False
2026-08-16 10:30:00+00:00,cell_001,98.92,19.54,5.33,0.69,90.24,False,False
2026-08-16 10:31:00+00:00,cell_001,94.62,21.1,5.15,0.81,88.79,False,False
2026-08-16 10:32:00+00:00,cell_001,101.2,20.78,5.3,1.23,89.91,False,False
2026-08-16 10:33:00+00:00,cell_001,99.5,20.47,5.25,0.67,100.0,False,False
2026-08-16 10:34:00+00:00,cell_001,103.63,21.48,4.39,0.54,96.83,False,False
2026-08-16 10:35:00+00:00,cell_001,99.46,19.44,4.89,1.19,92.57,False,False
2026-08-16 10:36:00+00:00,cell_001,99.17,20.3,5.82,0.82,84.81,False,False
2026-08-16 10:37:00+00:00,cell_001,100.48,21.42,5.37,1.01,96.12,False,False
2026-08-16 10:38:00+00:00,cell_001,97.37,20.26,5.0,0.45,100.0,False,False
2026-08-16 10:39:00+00:00,cell_001,97.15,21.23,5.29,0.28,100.0,False,False
2026-08-16 10:40:00+00:00,cell_001,98.73,19.78,5.4,0.6,93.0,False,False
2026-08-16 10:41:00+00:00,cell_001,96.19,20.11,5.65,0.74,95.49,False,False
2026-08-16 10:42:00+00:00,cell_001,98.19,19.16,5.07,0.67,88.31,False,False
2026-08-16 10:43:00+00:00,cell_001,104.63,18.9,5.01,0.67,95.26,False,False
2026-08-16 10:44:00+00:00,cell_001,101.87,20.49,5.04,0.4,97.45,False,False
2026-08-16 10:45:00+00:00,cell_001,99.6,21.42,5.02,0.82,96.63,False,False
2026-08-16 10:46:00+00:00,cell_001,103.26,20.86,5.02,0.72,100.0,False,False
2026-08-16 10:47:00+00:00,cell_001,96.06,22.15,5.26,0.34,97.57,False,False
2026-08-16 10:48:00+00:00,cell_001,105.94,20.6,5.08,0.71,86.19,False,False
2026-08-16 10:49:00+00:00,cell_001,97.02,18.88,5.19,0.75,92.52,False,False
2026-08-16 10:50:00+00:00,cell_001,104.35,21.36,5.77,0.99,99.5,False,False
2026-08-16 10:51:00+00:00,cell_001,104.27,19.94,4.92,0.67,86.44,False,False
2026-08-16 10:52:00+00:00,cell_001,92.95,21.15,5.31,0.97,95.02,False,False
2026-08-16 10:53:00+00:00,cell_001,102.54,18.75,4.87,0.95,92.64,False,False
2026-08-16 10:54:00+00:00,cell_001,97.22,20.77,5.49,0.61,88.65,False,False
2026-08-16 10:55:00+00:00,cell_001,96.31,21.76,5.55,0.91,99.63,False,False
2026-08-16 10:56:00+00:00,cell_001,99.52,21.64,4.96,1.01,91.08,False,False
2026-08-16 10:57:00+00:00,cell_001,94.86,20.82,5.01,1.0,100.0,False,False
2026-08-16 10:58:00+00:00,cell_001,99.33,21.02,5.43,0.85,94.09,False,False
2026-08-16 10:59:00+00:00,cell_001,94.94,20.59,5.15,0.76,100.0,False,False
2026-08-16 11:00:00+00:00,cell_001,98.23,20.79,5.65,0.51,100.0,False,False
2026-08-16 11:01:00+00:00,cell_001,101.64,21.73,4.87,1.02,97.03,False,False
2026-08-16 11:02:00+00:00,cell_001,98.74,20.36,5.56,0.49,95.88,False,False
2026-08-16 11:03:00+00:00,cell_001,96.44,20.46,5.91,0.75,99.38,False,False
2026-08-16 11:04:00+00:00,cell_001,99.08,19.54,5.36,1.0,100.0,False,False
2026-08-16 11:05:00+00:00,cell_001,93.18,21.78,5.05,0.58,97.31,False,False
2026-08-16 11:06:00+00:00,cell_001,94.82,20.82,5.01,0.78,92.26,False,False
2026-08-16 11:07:00+00:00,cell_001,95.99,19.88,5.2,0.46,88.63,False,False
2026-08-16 11:08:00+00:00,cell_001,99.58,21.97,5.45,0.71,97.63,False,False
2026-08-16 11:09:00+00:00,cell_001,98.38,21.06,4.8,0.58,90.94,False,False
2026-08-16 11:10:00+00:00,cell_001,98.71,20.37,5.16,0.62,100.0,False,False
2026-08-16 11:11:00+00:00,cell_001,96.97,22.01,5.29,0.9,100.0,False,False
2026-08-16 11:12:00+00:00,cell_001,94.63,20.78,5.72,0.91,99.1,False,False
2026-08-16 11:13:00+00:00,cell_001,101.4,19.56,5.82,0.67,95.96,False,False
2026-08-16 11:14:00+00:00,cell_001,94.79,22.1,5.22,0.84,99.41,False,False
2026-08-16 11:15:00+00:00,cell_001,98.09,20.3,4.93,0.69,96.53,False,False
2026-08-16 11:16:00+00:00,cell_001,96.44,24.17,5.3,0.71,95.15,False,False
2026-08-16 11:17:00+00:00,cell_001,98.41,20.71,5.32,0.55,94.34,False,False
2026-08-16 11:18:00+00:00,cell_001,94.85,19.15,5.62,0.68,97.17,False,False
2026-08-16 11:19:00+00:00,cell_001,99.77,22.93,5.13,0.39,96.75,False,False
2026-08-16 11:20:00+00:00,cell_001,100.7,21.12,4.97,1.21,100.0,False,False
2026-08-16 11:21:00+00:00,cell_001,99.49,21.44,5.27,1.03,99.66,False,False
2026-08-16 11:22:00+00:00,cell_001,96.93,21.57,5.17,1.28,90.24,False,False
2026-08-16 11:23:00+00:00,cell_001,95.1,19.84,5.17,1.01,99.42,False,False
2026-08-16 11:24:00+00:00,cell_001,104.83,19.04,5.02,0.85,97.46,False,False
2026-08-16 11:25:00+00:00,cell_001,93.34,23.16,4.9,0.35,98.47,False,False
2026-08-16 11:26:00+00:00,cell_001,98.9,19.65,5.46,1.0,95.88,False,False
2026-08-16 11:27:00+00:00,cell_001,97.21,22.86,5.36,1.06,97.36,False,False
2026-08-16 11:28:00+00:00,cell_001,95.98,21.75,5.04,0.56,100.0,False,False
2026-08-16 11:29:00+00:00,cell_001,96.67,21.41,5.53,0.9,95.47,False,False
2026-08-16 11:30:00+00:00,cell_001,94.54,20.77,4.73,0.82,94.17,False,False
2026-08-16 11:31:00+00:00,cell_001,97.3,23.55,5.17,0.78,93.91,False,False
2026-08-16 11:32:00+00:00,cell_001,96.93,20.56,5.36,0.9,92.14,False,False
2026-08-16 11:33:00+00:00,cell_001,103.96,20.59,5.62,0.88,100.0,False,False
2026-08-16 11:34:00+00:00,cell_001,99.1,21.93,5.13,0.59,100.0,False,False
2026-08-16 11:35:00+00:00,cell_001,97.39,20.59,5.63,0.98,94.67,False,False
2026-08-16 11:36:00+00:00,cell_001,97.52,20.26,5.1,0.5,100.0,False,False
2026-08-16 11:37:00+00:00,cell_001,101.27,21.22,5.55,0.89,100.0,False,False
2026-08-16 11:38:00+00:00,cell_001,92.8,21.97,5.8,0.85,98.93,False,False
2026-08-16 11:39:00+00:00,cell_001,95.12,23.17,5.0,0.64,97.94,False,False
2026-08-16 11:40:00+00:00,cell_001,89.9,23.38,5.35,1.04,94.61,False,False
2026-08-16 11:41:00+00:00,cell_001,97.26,19.51,5.47,0.41,100.0,False,False
2026-08-16 11:42:00+00:00,cell_001,98.08,22.35,4.93,0.85,96.81,False,False
2026-08-16 11:43:00+00:00,cell_001,92.51,20.33,5.44,0.83,100.0,False,False
2026-08-16 11:44:00+00:00,cell_001,99.76,20.38,5.14,1.11,95.54,False,False
2026-08-16 11:45:00+00:00,cell_001,93.26,20.78,5.06,0.92,99.77,False,False
2026-08-16 11:46:00+00:00,cell_001,94.35,20.72,5.18,0.35,100.0,False,False
2026-08-16 11:47:00+00:00,cell_001,95.7,20.26,5.16,0.7,100.0,False,False
2026-08-16 11:48:00+00:00,cell_001,100.09,19.01,5.55,1.12,95.11,False,False
2026-08-16 11:49:00+00:00,cell_001,92.69,22.79,5.32,0.76,92.86,False,False
2026-08-16 11:50:00+00:00,cell_001,96.1,22.24,6.01,0.57,98.74,False,False
2026-08-16 11:51:00+00:00,cell_001,97.52,21.33,5.16,0.78,100.0,False,False
2026-08-16 11:52:00+00:00,cell_001,96.86,20.39,5.46,1.13,100.0,False,False
2026-08-16 11:53:00+00:00,cell_001,96.94,22.59,5.28,0.62,100.0,False,False
2026-08-16 11:54:00+00:00,cell_001,97.37,21.3,4.94,0.58,100.0,False,False
2026-08-16 11:55:00+00:00,cell_001,93.39,20.79,5.8,0.75,98.1,False,False
2026-08-16 11:56:00+00:00,cell_001,100.08,19.73,5.36,0.66,100.0,False,False
2026-08-16 11:57:00+00:00,cell_001,94.65,21.91,5.09,0.94,98.67,False,False
2026-08-16 11:58:00+00:00,cell_001,94.22,21.05,5.45,0.72,96.01,False,False
2026-08-16 11:59:00+00:00,cell_001,98.96,21.65,5.64,0.86,100.0,False,False
2026-08-16 12:00:00+00:00,cell_001,92.99,21.56,5.07,1.12,100.0,False,False
2026-08-16 12:01:00+00:00,cell_001,95.81,22.03,5.35,0.6,98.61,False,False
2026-08-16 12:02:00+00:00,cell_001,92.65,21.61,5.64,1.0,97.13,False,False
2026-08-16 12:03:00+00:00,cell_001,102.35,21.1,5.38,0.98,99.61,False,False
2026-08-16 12:04:00+00:00,cell_001,101.69,21.96,5.5,0.55,97.13,False,False
2026-08-16 12:05:00+00:00,cell_001,94.4,22.36,5.26,1.07,98.31,False,False
2026-08-16 12:06:00+00:00,cell_001,96.26,22.96,4.86,0.55,93.52,False,False
2026-08-16 12:07:00+00:00,cell_001,94.69,20.29,5.26,0.5,95.02,False,False
2026-08-16 12:08:00+00:00,cell_001,93.6,22.53,5.17,0.63,96.42,False,False
2026-08-16 12:09:00+00:00,cell_001,94.98,19.83,5.31,0.63,100.0,False,False
2026-08-16 12:10:00+00:00,cell_001,94.47,22.44,5.18,0.73,99.58,False,False
2026-08-16 12:11:00+00:00,cell_001,90.0,20.84,5.39,0.57,96.25,False,False
2026-08-16 12:12:00+00:00,cell_001,95.33,22.27,5.24,0.91,96.73,False,False
2026-08-16 12:13:00+00:00,cell_001,94.39,22.93,5.59,0.77,100.0,False,False
2026-08-16 12:14:00+00:00,cell_001,95.43,21.67,5.53,0.83,96.91,False,False
2026-08-16 12:15:00+00:00,cell_001,94.23,21.44,5.07,0.93,94.56,False,False
2026-08-16 12:16:00+00:00,cell_001,93.36,21.4,5.72,1.1,100.0,False,False
2026-08-16 12:17:00+00:00,cell_001,97.04,21.03,5.13,0.71,92.58,False,False
2026-08-16 12:18:00+00:00,cell_001,96.0,22.62,5.01,0.67,94.22,False,False
2026-08-16 12:19:00+00:00,cell_001,98.56,21.39,5.66,0.96,100.0,False,False
2026-08-16 12:20:00+00:00,cell_001,95.84,19.33,5.17,1.05,93.69,False,False
2026-08-16 12:21:00+00:00,cell_001,93.74,22.39,5.38,0.81,100.0,False,False
2026-08-16 12:22:00+00:00,cell_001,96.16,22.34,4.96,0.81,93.73,False,False
2026-08-16 12:23:00+00:00,cell_001,88.35,21.56,5.24,0.76,94.72,False,False
2026-08-16 12:24:00+00:00,cell_001,100.58,20.73,5.32,0.67,94.31,False,False
2026-08-16 12:25:00+00:00,cell_001,95.07,20.36,5.23,0.72,93.05,False,False
2026-08-16 12:26:00+00:00,cell_001,100.79,20.73,5.2,0.78,100.0,False,False
2026-08-16 12:27:00+00:00,cell_001,91.61,21.72,5.37,0.93,100.0,False,False
2026-08-16 12:28:00+00:00,cell_001,90.85,19.68,5.65,0.97,92.7,False,False
2026-08-16 12:29:00+00:00,cell_001,95.28,21.95,5.07,0.62,100.0,False,False
2026-08-16 12:30:00+00:00,cell_001,95.25,21.6,4.6,0.81,93.59,False,False
2026-08-16 12:31:00+00:00,cell_001,95.16,22.82,5.73,0.66,100.0,False,False
2026-08-16 12:32:00+00:00,cell_001,94.69,22.23,5.16,0.75,99.01,False,False
2026-08-16 12:33:00+00:00,cell_001,92.23,20.81,5.18,0.82,96.77,False,False
2026-08-16 12:34:00+00:00,cell_001,89.65,19.84,5.19,0.99,100.0,False,False
2026-08-16 12:35:00+00:00,cell_001,94.94,20.72,4.96,0.77,95.41,False,False
2026-08-16 12:36:00+00:00,cell_001,90.23,22.92,5.24,0.89,92.75,False,False
2026-08-16 12:37:00+00:00,cell_001,89.93,21.83,5.27,0.59,97.66,False,False
2026-08-16 12:38:00+00:00,cell_001,92.91,22.14,5.49,0.57,100.0,False,False
2026-08-16 12:39:00+00:00,cell_001,95.33,20.91,5.2,0.75,89.05,False,False
2026-08-16 12:40:00+00:00,cell_001,99.99,22.03,4.63,1.47,95.4,False,False
2026-08-16 12:41:00+00:00,cell_001,96.96,20.03,4.96,0.64,100.0,False,False
2026-08-16 12:42:00+00:00,cell_001,98.31,22.48,5.7,0.83,99.86,False,False
2026-08-16 12:43:00+00:00,cell_001,95.96,20.39,5.11,0.88,87.93,False,False
2026-08-16 12:44:00+00:00,cell_001,95.09,19.58,5.52,0.81,99.93,False,False
2026-08-16 12:45:00+00:00,cell_001,101.5,23.81,5.15,0.68,100.0,False,False
2026-08-16 12:46:00+00:00,cell_001,90.01,21.69,5.61,0.91,99.86,False,False
2026-08-16 12:47:00+00:00,cell_001,92.73,21.66,5.39,0.62,100.0,False,False
2026-08-16 12:48:00+00:00,cell_001,92.96,19.68,4.93,0.88,98.51,False,False
2026-08-16 12:49:00+00:00,cell_001,96.64,22.18,5.01,0.68,100.0,False,False
2026-08-16 12:50:00+00:00,cell_001,91.01,22.44,4.92,1.0,99.91,False,False
2026-08-16 12:51:00+00:00,cell_001,96.24,21.36,5.64,0.44,100.0,False,False
2026-08-16 12:52:00+00:00,cell_001,95.68,22.45,4.99,0.78,100.0,False,False
2026-08-16 12:53:00+00:00,cell_001,96.38,22.73,5.25,0.58,100.0,False,False
2026-08-16 12:54:00+00:00,cell_001,96.32,22.08,5.34,0.97,100.0,False,False
2026-08-16 12:55:00+00:00,cell_001,98.55,19.39,5.43,0.97,96.28,False,False
2026-08-16 12:56:00+00:00,cell_001,93.78,20.41,5.23,0.27,100.0,False,False
2026-08-16 12:57:00+00:00,cell_001,95.52,23.24,4.89,0.55,96.08,False,False
2026-08-16 12:58:00+00:00,cell_001,91.72,21.64,5.0,0.99,95.66,False,False
2026-08-16 12:59:00+00:00,cell_001,91.03,21.64,5.05,0.77,90.28,False,False
2026-08-16 13:00:00+00:00,cell_001,99.22,20.73,4.57,0.92,98.73,False,False
2026-08-16 13:01:00+00:00,cell_001,91.49,20.92,5.49,0.8,97.51,False,False
2026-08-16 13:02:00+00:00,cell_001,95.85,22.75,5.52,0.83,100.0,False,False
2026-08-16 13:03:00+00:00,cell_001,95.52,23.06,5.04,1.0,95.85,False,False
2026-08-16 13:04:00+00:00,cell_001,97.45,22.35,5.75,0.56,100.0,False,False
2026-08-16 13:05:00+00:00,cell_001,88.96,22.11,5.33,0.71,97.06,False,False
2026-08-16 13:06:00+00:00,cell_001,96.61,22.18,5.62,0.59,97.05,False,False
2026-08-16 13:07:00+00:00,cell_001,93.76,21.49,5.6,0.85,99.63,False,False
2026-08-16 13:08:00+00:00,cell_001,92.14,20.35,5.32,0.54,100.0,False,False
2026-08-16 13:09:00+00:00,cell_001,93.19,20.14,4.75,0.98,100.0,False,False
2026-08-16 13:10:00+00:00,cell_001,97.06,22.87,5.42,0.69,100.0,False,False
2026-08-16 13:11:00+00:00,cell_001,96.15,21.52,5.52,0.9,100.0,False,False
2026-08-16 13:12:00+00:00,cell_001,93.58,22.03,5.17,0.65,100.0,False,False
2026-08-16 13:13:00+00:00,cell_001,90.55,21.76,5.41,0.96,95.85,False,False
2026-08-16 13:14:00+00:00,cell_001,90.77,21.81,5.35,1.04,96.85,False,False
2026-08-16 13:15:00+00:00,cell_001,96.24,21.9,5.08,0.95,88.83,False,False
2026-08-16 13:16:00+00:00,cell_001,90.16,22.25,5.33,0.62,98.35,False,False
2026-08-16 13:17:00+00:00,cell_001,93.65,20.78,5.21,1.09,100.0,False,False
2026-08-16 13:18:00+00:00,cell_001,102.05,22.73,5.47,0.94,98.59,False,False
2026-08-16 13:19:00+00:00,cell_001,95.4,20.81,5.18,0.67,100.0,False,False
2026-08-16 13:20:00+00:00,cell_001,96.26,21.78,5.15,0.86,100.0,False,False
2026-08-16 13:21:00+00:00,cell_001,90.86,20.36,4.87,1.11,100.0,False,False
2026-08-16 13:22:00+00:00,cell_001,90.37,21.38,6.02,0.62,100.0,False,False
2026-08-16 13:23:00+00:00,cell_001,96.45,20.88,5.22,0.61,100.0,False,False
2026-08-16 13:24:00+00:00,cell_001,93.23,21.56,5.02,0.77,95.72,False,False
2026-08-16 13:25:00+00:00,cell_001,97.61,22.27,5.54,0.52,98.73,False,False
2026-08-16 13:26:00+00:00,cell_001,94.53,21.61,5.41,0.82,94.33,False,False
2026-08-16 13:27:00+00:00,cell_001,104.79,23.49,5.52,0.94,100.0,False,False
2026-08-16 13:28:00+00:00,cell_001,92.72,22.33,5.55,0.83,100.0,False,False
2026-08-16 13:29:00+00:00,cell_001,95.32,21.3,5.68,0.65,99.26,False,False
2026-08-16 13:30:00+00:00,cell_001,91.78,21.44,5.04,0.98,100.0,False,False
2026-08-16 13:31:00+00:00,cell_001,97.58,21.9,5.4,0.76,98.55,False,False
2026-08-16 13:32:00+00:00,cell_001,95.82,22.23,4.88,0.64,100.0,False,False
2026-08-16 13:33:00+00:00,cell_001,91.63,20.29,5.26,0.85,98.4,False,False
2026-08-16 13:34:00+00:00,cell_001,93.58,22.16,5.55,1.04,100.0,False,False
2026-08-16 13:35:00+00:00,cell_001,98.67,20.31,5.08,0.68,92.62,False,False
2026-08-16 13:36:00+00:00,cell_001,98.33,22.06,6.02,1.12,97.09,False,False
2026-08-16 13:37:00+00:00,cell_001,90.35,22.61,5.36,0.81,99.88,False,False
2026-08-16 13:38:00+00:00,cell_001,93.21,21.81,4.81,0.82,100.0,False,False
2026-08-16 13:39:00+00:00,cell_001,100.1,19.18,5.56,0.82,99.73,False,False
2026-08-16 13:40:00+00:00,cell_001,94.15,19.72,6.01,0.69,100.0,False,False
2026-08-16 13:41:00+00:00,cell_001,95.22,22.07,4.68,0.54,97.63,False,False
2026-08-16 13:42:00+00:00,cell_001,97.78,19.05,5.56,1.19,94.79,False,False
2026-08-16 13:43:00+00:00,cell_001,90.72,22.11,5.05,0.56,100.0,False,False
2026-08-16 13:44:00+00:00,cell_001,91.92,22.48,5.33,1.05,91.77,False,False
2026-08-16 13:45:00+00:00,cell_001,93.79,22.63,4.95,1.14,95.65,False,False
2026-08-16 13:46:00+00:00,cell_001,98.4,21.25,5.6,0.65,99.26,False,False
2026-08-16 13:47:00+00:00,cell_001,97.87,21.92,5.25,0.92,97.8,False,False
2026-08-16 13:48:00+00:00,cell_001,97.0,21.69,5.69,0.93,99.87,False,False
2026-08-16 13:49:00+00:00,cell_001,94.45,20.01,5.03,0.93,99.69,False,False
2026-08-16 13:50:00+00:00,cell_001,98.28,22.22,5.28,0.67,100.0,False,False
2026-08-16 13:51:00+00:00,cell_001,94.46,22.86,4.64,0.72,97.94,False,False
2026-08-16 13:52:00+00:00,cell_001,96.68,22.16,6.12,0.96,100.0,False,False
2026-08-16 13:53:00+00:00,cell_001,97.71,20.96,5.91,0.47,99.33,False,False
2026-08-16 13:54:00+00:00,cell_001,100.09,22.2,5.99,0.39,86.88,False,False
2026-08-16 13:55:00+00:00,cell_001,94.86,22.76,5.79,0.82,92.99,False,False
2026-08-16 13:56:00+00:00,cell_001,93.97,22.62,5.16,0.77,87.9,False,False
2026-08-16 13:57:00+00:00,cell_001,98.98,22.48,5.32,0.83,93.33,False,False
2026-08-16 13:58:00+00:00,cell_001,99.24,19.86,5.42,0.65,97.89,False,False
2026-08-16 13:59:00+00:00,cell_001,93.52,21.84,5.44,0.95,100.0,False,False
2026-08-16 14:00:00+00:00,cell_001,91.87,22.09,5.0,0.96,100.0,False,False
2026-08-16 14:01:00+00:00,cell_001,98.87,22.47,4.98,0.83,100.0,False,False
2026-08-16 14:02:00+00:00,cell_001,90.32,21.95,4.93,0.53,99.01,False,False
2026-08-16 14:03:00+00:00,cell_001,90.2,22.98,5.2,1.0,98.69,False,False
2026-08-16 14:04:00+00:00,cell_001,94.51,19.6,5.23,0.44,91.24,False,False
2026-08-16 14:05:00+00:00,cell_001,95.36,21.98,5.19,0.54,93.43,False,False
2026-08-16 14:06:00+00:00,cell_001,91.9,21.89,5.4,0.94,100.0,False,False
2026-08-16 14:07:00+00:00,cell_001,95.78,22.31,4.91,0.57,100.0,False,False
2026-08-16 14:08:00+00:00,cell_001,95.95,22.95,5.06,0.65,100.0,False,False
2026-08-16 14:09:00+00:00,cell_001,93.75,20.51,5.09,0.82,95.19,False,False
2026-08-16 14:10:00+00:00,cell_001,101.33,22.91,5.56,0.98,92.43,False,False
2026-08-16 14:11:00+00:00,cell_001,96.55,22.21,5.38,0.91,89.09,False,False
2026-08-16 14:12:00+00:00,cell_001,98.69,21.2,5.42,1.06,97.71,False,False
2026-08-16 14:13:00+00:00,cell_001,90.97,20.47,5.03,0.7,100.0,False,False
2026-08-16 14:14:00+00:00,cell_001,90.99,21.57,5.32,0.62,95.45,False,False
2026-08-16 14:15:00+00:00,cell_001,96.8,21.66,5.08,0.53,94.79,False,False
2026-08-16 14:16:00+00:00,cell_001,101.02,21.71,5.09,0.81,96.65,False,False
2026-08-16 14:17:00+00:00,cell_001,92.47,20.74,5.42,0.85,96.47,False,False
2026-08-16 14:18:00+00:00,cell_001,95.97,21.97,5.11,1.28,98.21,False,False
2026-08-16 14:19:00+00:00,cell_001,91.88,20.95,5.27,0.91,85.16,False,False
2026-08-16 14:20:00+00:00,cell_001,93.47,22.56,5.22,0.45,92.76,False,False
2026-08-16 14:21:00+00:00,cell_001,96.24,23.05,4.95,1.02,95.69,False,False
2026-08-16 14:22:00+00:00,cell_001,94.23,20.52,5.13,0.62,98.94,False,False
2026-08-16 14:23:00+00:00,cell_001,91.83,21.39,5.13,0.53,94.69,False,False
2026-08-16 14:24:00+00:00,cell_001,91.81,22.3,5.18,1.0,98.54,False,False
2026-08-16 14:25:00+00:00,cell_001,90.18,21.6,4.75,0.96,94.29,False,False
2026-08-16 14:26:00+00:00,cell_001,97.31,19.96,5.08,1.01,100.0,False,False
2026-08-16 14:27:00+00:00,cell_001,97.72,22.18,5.57,0.66,98.92,False,False
2026-08-16 14:28:00+00:00,cell_001,97.75,20.7,5.42,1.23,98.22,False,False
2026-08-16 14:29:00+00:00,cell_001,93.29,21.5,5.17,0.97,100.0,False,False
2026-08-16 14:30:00+00:00,cell_001,99.09,20.3,4.93,0.6,100.0,False,False
2026-08-16 14:31:00+00:00,cell_001,98.24,22.08,5.32,1.23,94.28,False,False
2026-08-16 14:32:00+00:00,cell_001,96.19,20.86,5.57,0.9,93.03,False,False
2026-08-16 14:33:00+00:00,cell_001,95.74,22.18,5.74,0.78,100.0,False,False
2026-08-16 14:34:00+00:00,cell_001,94.31,21.05,5.12,0.67,100.0,False,False
2026-08-16 14:35:00+00:00,cell_001,96.89,20.78,4.96,0.14,100.0,False,False
2026-08-16 14:36:00+00:00,cell_001,101.21,21.67,5.42,0.94,100.0,False,False
2026-08-16 14:37:00+00:00,cell_001,99.82,20.18,5.38,0.66,91.72,False,False
2026-08-16 14:38:00+00:00,cell_001,95.69,23.04,5.28,0.74,95.98,False,False
2026-08-16 14:39:00+00:00,cell_001,98.13,21.42,5.08,0.76,95.27,False,False
2026-08-16 14:40:00+00:00,cell_001,93.26,20.67,4.88,0.61,95.03,False,False
2026-08-16 14:41:00+00:00,cell_001,98.81,20.83,5.47,0.89,92.58,False,False
2026-08-16 14:42:00+00:00,cell_001,94.18,21.24,5.54,0.61,98.27,False,False
2026-08-16 14:43:00+00:00,cell_001,98.79,22.21,5.16,0.46,98.26,False,False
2026-08-16 14:44:00+00:00,cell_001,105.68,20.31,5.78,0.8,91.86,False,False
2026-08-16 14:45:00+00:00,cell_001,95.12,20.83,5.33,0.67,92.66,False,False
2026-08-16 14:46:00+00:00,cell_001,105.65,21.14,5.21,0.39,97.29,False,False
2026-08-16 14:47:00+00:00,cell_001,98.41,22.73,4.9,0.54,96.07,False,False
2026-08-16 14:48:00+00:00,cell_001,94.75,22.18,4.74,0.81,93.15,False,False
2026-08-16 14:49:00+00:00,cell_001,94.66,22.76,5.1,0.81,95.08,False,False
2026-08-16 14:50:00+00:00,cell_001,104.2,21.2,5.36,1.06,89.46,False,False
2026-08-16 14:51:00+00:00,cell_001,98.64,22.59,5.95,1.01,99.28,False,False
2026-08-16 14:52:00+00:00,cell_001,95.52,22.42,5.27,0.87,93.91,False,False
2026-08-16 14:53:00+00:00,cell_001,96.67,21.84,5.42,0.64,93.66,False,False
2026-08-16 14:54:00+00:00,cell_001,98.63,21.91,4.99,0.67,98.13,False,False
2026-08-16 14:55:00+00:00,cell_001,97.37,20.53,5.3,0.87,100.0,False,False
2026-08-16 14:56:00+00:00,cell_001,98.49,22.95,5.26,0.98,95.62,False,False
2026-08-16 14:57:00+00:00,cell_001,102.84,20.87,4.95,0.89,92.4,False,False
2026-08-16 14:58:00+00:00,cell_001,94.19,21.67,5.64,0.68,97.46,False,False
2026-08-16 14:59:00+00:00,cell_001,99.57,21.78,5.19,0.82,95.68,False,False
2026-08-16 15:00:00+00:00,cell_001,97.48,19.72,5.56,0.73,96.87,False,False
2026-08-16 15:01:00+00:00,cell_001,96.26,21.03,5.23,0.35,99.28,False,False
2026-08-16 15:02:00+00:00,cell_001,101.04,21.28,5.13,0.73,94.27,False,False
2026-08-16 15:03:00+00:00,cell_001,93.5,20.96,4.99,0.69,100.0,False,False
2026-08-16 15:04:00+00:00,cell_001,90.85,21.02,5.12,0.93,92.11,False,False
2026-08-16 15:05:00+00:00,cell_001,98.69,22.55,5.66,0.55,91.49,False,False
2026-08-16 15:06:00+00:00,cell_001,97.66,20.22,4.95,0.58,99.32,False,False
2026-08-16 15:07:00+00:00,cell_001,94.08,19.77,5.41,0.99,96.97,False,False
2026-08-16 15:08:00+00:00,cell_001,93.07,20.44,5.12,0.59,93.88,False,False
2026-08-16 15:09:00+00:00,cell_001,104.06,21.77,5.39,0.64,94.52,False,False
2026-08-16 15:10:00+00:00,cell_001,99.73,21.85,5.27,0.87,93.03,False,False
2026-08-16 15:11:00+00:00,cell_001,98.46,21.61,4.8,0.91,93.43,False,False
2026-08-16 15:12:00+00:00,cell_001,105.06,21.91,5.25,1.05,88.19,False,False
2026-08-16 15:13:00+00:00,cell_001,101.6,21.24,5.85,0.7,90.4,False,False
2026-08-16 15:14:00+00:00,cell_001,103.91,20.46,5.29,0.71,93.41,False,False
2026-08-16 15:15:00+00:00,cell_001,95.13,20.03,5.47,0.74,86.26,False,False
2026-08-16 15:16:00+00:00,cell_001,95.09,19.7,5.28,0.65,83.22,False,False
2026-08-16 15:17:00+00:00,cell_001,100.66,20.73,5.43,0.86,85.86,False,False
2026-08-16 15:18:00+00:00,cell_001,100.12,21.73,4.97,0.7,99.73,False,False
2026-08-16 15:19:00+00:00,cell_001,102.7,21.17,5.15,0.52,100.0,False,False
2026-08-16 15:20:00+00:00,cell_001,94.13,20.95,5.45,0.41,95.05,False,False
2026-08-16 15:21:00+00:00,cell_001,101.2,19.86,5.08,0.74,92.7,False,False
2026-08-16 15:22:00+00:00,cell_001,102.13,23.49,5.5,0.89,99.23,False,False
2026-08-16 15:23:00+00:00,cell_001,102.04,20.08,4.87,0.63,87.91,False,False
2026-08-16 15:24:00+00:00,cell_001,98.09,21.01,5.19,0.51,94.84,False,False
2026-08-16 15:25:00+00:00,cell_001,100.93,21.89,5.09,1.07,94.78,False,False
2026-08-16 15:26:00+00:00,cell_001,97.12,20.92,5.96,0.69,91.85,False,False
2026-08-16 15:27:00+00:00,cell_001,98.65,20.06,5.05,0.95,83.76,False,False
2026-08-16 15:28:00+00:00,cell_001,96.47,21.67,5.29,0.98,98.5,False,False
2026-08-16 15:29:00+00:00,cell_001,97.4,19.51,4.56,1.07,89.99,False,False
2026-08-16 15:30:00+00:00,cell_001,99.02,22.58,4.81,0.75,89.25,False,False
2026-08-16 15:31:00+00:00,cell_001,98.35,21.11,5.25,0.48,85.11,False,False
2026-08-16 15:32:00+00:00,cell_001,97.62,20.57,5.07,0.38,95.53,False,False
2026-08-16 15:33:00+00:00,cell_001,96.07,19.39,5.08,0.71,94.32,False,False
2026-08-16 15:34:00+00:00,cell_001,105.93,19.65,5.05,1.1,95.09,False,False
2026-08-16 15:35:00+00:00,cell_001,98.62,20.74,5.09,0.78,90.0,False,False
2026-08-16 15:36:00+00:00,cell_001,101.19,22.67,4.63,1.03,90.68,False,False
2026-08-16 15:37:00+00:00,cell_001,95.0,21.01,5.11,0.57,88.6,False,False
2026-08-16 15:38:00+00:00,cell_001,104.43,21.11,5.07,1.05,93.18,False,False
2026-08-16 15:39:00+00:00,cell_001,100.94,21.14,5.45,0.89,91.83,False,False
2026-08-16 15:40:00+00:00,cell_001,99.18,23.11,5.38,0.79,90.21,False,False
2026-08-16 15:41:00+00:00,cell_001,99.29,20.29,4.28,0.95,85.5,False,False
2026-08-16 15:42:00+00:00,cell_001,103.28,22.29,4.9,0.64,89.99,False,False
2026-08-16 15:43:00+00:00,cell_001,91.9,20.32,5.66,0.85,84.09,False,False
2026-08-16 15:44:00+00:00,cell_001,98.36,20.0,5.39,0.59,88.24,False,False
2026-08-16 15:45:00+00:00,cell_001,100.56,20.61,5.26,0.63,87.17,False,False
2026-08-16 15:46:00+00:00,cell_001,100.61,20.6,4.96,0.57,90.0,False,False
2026-08-16 15:47:00+00:00,cell_001,108.6,21.24,5.33,0.58,92.42,False,False
2026-08-15 15:47:00+00:00,cell_002,70.64,14.45,5.19,0.51,79.44,False,False
2026-08-15 15:48:00+00:00,cell_002,68.65,12.96,4.94,0.23,86.4,False,False
2026-08-15 15:49:00+00:00,cell_002,67.42,15.73,5.1,0.9,85.48,False,False
2026-08-15 15:50:00+00:00,cell_002,71.73,13.97,4.98,0.95,91.58,False,False
2026-08-15 15:51:00+00:00,cell_002,69.67,16.06,5.1,0.66,95.25,False,False
2026-08-15 15:52:00+00:00,cell_002,67.88,14.95,5.07,0.58,88.98,False,False
2026-08-15 15:53:00+00:00,cell_002,70.57,13.32,5.16,0.78,92.23,False,False
2026-08-15 15:54:00+00:00,cell_002,72.19,13.56,5.4,0.66,88.93,False,False
2026-08-15 15:55:00+00:00,cell_002,70.05,14.76,4.83,1.05,97.05,False,False
2026-08-15 15:56:00+00:00,cell_002,72.04,13.45,4.36,0.38,90.61,False,False
2026-08-15 15:57:00+00:00,cell_002,67.51,15.5,5.46,0.71,83.42,False,False
2026-08-15 15:58:00+00:00,cell_002,74.64,14.98,5.03,0.73,88.88,False,False
2026-08-15 15:59:00+00:00,cell_002,67.74,16.67,5.2,0.58,88.93,False,False
2026-08-15 16:00:00+00:00,cell_002,72.0,14.88,4.65,0.85,89.4,False,False
2026-08-15 16:01:00+00:00,cell_002,70.01,13.46,5.02,0.72,86.68,False,False
2026-08-15 16:02:00+00:00,cell_002,67.63,15.11,5.57,1.04,93.25,False,False
2026-08-15 16:03:00+00:00,cell_002,69.4,14.47,5.16,1.15,96.38,False,False
2026-08-15 16:04:00+00:00,cell_002,75.81,14.4,4.99,0.15,87.05,False,False
2026-08-15 16:05:00+00:00,cell_002,67.71,14.86,5.32,0.88,85.74,False,False
2026-08-15 16:06:00+00:00,cell_002,67.79,13.51,5.6,0.58,88.51,False,False
2026-08-15 16:07:00+00:00,cell_002,68.13,14.85,4.94,1.1,92.7,False,False
2026-08-15 16:08:00+00:00,cell_002,73.78,14.94,5.44,0.8,83.71,False,False
2026-08-15 16:09:00+00:00,cell_002,71.41,14.66,4.71,0.52,95.35,False,False
2026-08-15 16:10:00+00:00,cell_002,69.71,12.39,5.73,0.6,86.42,False,False
2026-08-15 16:11:00+00:00,cell_002,70.12,14.41,5.15,0.52,85.99,False,False
2026-08-15 16:12:00+00:00,cell_002,69.71,12.89,5.05,0.82,90.77,False,False
2026-08-15 16:13:00+00:00,cell_002,70.53,13.0,5.06,0.42,77.77,False,False
2026-08-15 16:14:00+00:00,cell_002,67.97,13.17,5.14,0.66,93.17,False,False
2026-08-15 16:15:00+00:00,cell_002,67.13,14.07,5.29,0.4,100.0,False,False
2026-08-15 16:16:00+00:00,cell_002,72.0,13.99,5.09,0.92,96.94,False,False
2026-08-15 16:17:00+00:00,cell_002,69.51,15.8,5.63,0.69,91.83,False,False
2026-08-15 16:18:00+00:00,cell_002,72.68,15.13,5.47,0.82,92.41,False,False
2026-08-15 16:19:00+00:00,cell_002,72.0,15.48,4.99,0.72,87.29,False,False
2026-08-15 16:20:00+00:00,cell_002,75.05,15.12,4.88,0.4,87.4,False,False
2026-08-15 16:21:00+00:00,cell_002,72.1,13.05,5.15,0.64,81.88,False,False
2026-08-15 16:22:00+00:00,cell_002,73.47,13.5,5.22,0.75,84.46,False,False
2026-08-15 16:23:00+00:00,cell_002,70.09,11.57,4.99,0.58,82.84,False,False
2026-08-15 16:24:00+00:00,cell_002,66.75,14.2,5.08,0.45,90.24,False,False
2026-08-15 16:25:00+00:00,cell_002,71.11,15.68,5.28,1.18,85.99,False,False
2026-08-15 16:26:00+00:00,cell_002,70.37,14.25,5.44,0.49,85.24,False,False
2026-08-15 16:27:00+00:00,cell_002,69.11,13.05,4.86,0.57,87.51,False,False
2026-08-15 16:28:00+00:00,cell_002,74.6,13.36,4.48,0.75,88.17,False,False
2026-08-15 16:29:00+00:00,cell_002,71.18,14.64,4.97,0.67,91.3,False,False
2026-08-15 16:30:00+00:00,cell_002,73.23,13.67,4.54,0.82,79.6,False,False
2026-08-15 16:31:00+00:00,cell_002,68.84,15.1,4.78,0.58,86.88,False,False
2026-08-15 16:32:00+00:00,cell_002,72.92,14.96,4.29,0.67,91.48,False,False
2026-08-15 16:33:00+00:00,cell_002,75.29,13.88,5.5,0.85,90.66,False,False
2026-08-15 16:34:00+00:00,cell_002,78.46,13.0,4.5,0.77,96.29,False,False
2026-08-15 16:35:00+00:00,cell_002,68.4,14.68,5.7,0.97,85.03,False,False
2026-08-15 16:36:00+00:00,cell_002,73.52,13.44,4.51,0.75,89.84,False,False
2026-08-15 16:37:00+00:00,cell_002,68.44,14.61,5.34,0.67,75.13,False,False
2026-08-15 16:38:00+00:00,cell_002,69.07,14.71,4.93,0.96,85.12,False,False
2026-08-15 16:39:00+00:00,cell_002,73.67,13.55,5.31,0.59,83.94,False,False
2026-08-15 16:40:00+00:00,cell_002,74.12,15.67,5.28,0.68,90.86,False,False
2026-08-15 16:41:00+00:00,cell_002,75.25,13.8,4.71,0.69,88.46,False,False
2026-08-15 16:42:00+00:00,cell_002,72.63,15.02,5.54,0.86,81.46,False,False
2026-08-15 16:43:00+00:00,cell_002,76.68,14.85,4.61,0.91,82.71,False,False
2026-08-15 16:44:00+00:00,cell_002,75.45,13.75,4.93,0.7,80.16,False,False
2026-08-15 16:45:00+00:00,cell_002,73.03,12.86,5.58,0.68,88.89,False,False
2026-08-15 16:46:00+00:00,cell_002,75.47,14.05,5.14,0.69,87.38,False,False
2026-08-15 16:47:00+00:00,cell_002,72.33,14.81,4.96,0.77,73.74,False,False
2026-08-15 16:48:00+00:00,cell_002,76.73,13.81,5.02,0.81,77.57,False,False
2026-08-15 16:49:00+00:00,cell_002,74.32,13.65,5.08,0.88,82.99,False,False
2026-08-15 16:50:00+00:00,cell_002,72.86,14.44,5.33,0.39,88.32,False,False
2026-08-15 16:51:00+00:00,cell_002,71.53,14.25,5.18,0.6,75.37,False,False
2026-08-15 16:52:00+00:00,cell_002,73.1,13.21,4.89,0.93,85.57,False,False
2026-08-15 16:53:00+00:00,cell_002,74.77,12.52,5.18,0.48,79.74,False,False
2026-08-15 16:54:00+00:00,cell_002,73.9,14.55,4.37,0.45,83.09,False,False
2026-08-15 16:55:00+00:00,cell_002,76.11,13.18,5.15,0.81,84.04,False,False
2026-08-15 16:56:00+00:00,cell_002,73.08,13.45,4.84,0.41,83.39,False,False
2026-08-15 16:57:00+00:00,cell_002,75.73,14.99,4.9,0.85,71.55,False,False
2026-08-15 16:58:00+00:00,cell_002,67.08,16.55,5.13,0.9,98.17,False,False
2026-08-15 16:59:00+00:00,cell_002,73.44,15.96,5.23,1.0,88.83,False,False
2026-08-15 17:00:00+00:00,cell_002,73.31,13.92,4.62,0.79,83.37,False,False
2026-08-15 17:01:00+00:00,cell_002,68.41,15.38,5.0,0.78,79.23,False,False
2026-08-15 17:02:00+00:00,cell_002,77.41,12.48,4.55,0.19,83.13,False,False
2026-08-15 17:03:00+00:00,cell_002,74.45,13.61,5.07,0.61,78.61,False,False
2026-08-15 17:04:00+00:00,cell_002,76.06,13.44,4.52,0.98,81.53,False,False
2026-08-15 17:05:00+00:00,cell_002,73.49,13.26,4.63,0.48,87.51,False,False
2026-08-15 17:06:00+00:00,cell_002,77.19,14.04,5.2,0.57,78.98,False,False
2026-08-15 17:07:00+00:00,cell_002,75.12,14.22,4.88,0.81,83.54,False,False
2026-08-15 17:08:00+00:00,cell_002,76.8,13.46,4.97,0.86,86.62,False,False
2026-08-15 17:09:00+00:00,cell_002,75.45,13.98,4.7,0.83,85.68,False,False
2026-08-15 17:10:00+00:00,cell_002,76.51,12.88,5.14,0.85,81.89,False,False
2026-08-15 17:11:00+00:00,cell_002,75.46,11.0,4.52,0.94,78.08,False,False
2026-08-15 17:12:00+00:00,cell_002,76.39,13.91,4.85,0.88,89.3,False,False
2026-08-15 17:13:00+00:00,cell_002,75.53,14.2,4.83,0.96,88.18,False,False
2026-08-15 17:14:00+00:00,cell_002,70.7,14.69,4.99,0.66,77.92,False,False
2026-08-15 17:15:00+00:00,cell_002,71.09,12.47,4.91,0.59,83.08,False,False
2026-08-15 17:16:00+00:00,cell_002,74.0,12.32,4.91,1.04,76.04,False,False
2026-08-15 17:17:00+00:00,cell_002,78.9,11.64,4.57,0.73,77.66,False,False
2026-08-15 17:18:00+00:00,cell_002,75.66,14.09,4.38,0.79,88.63,False,False
2026-08-15 17:19:00+00:00,cell_002,71.74,12.96,4.87,0.63,77.18,False,False
2026-08-15 17:20:00+00:00,cell_002,74.95,13.04,4.87,0.41,78.97,False,False
2026-08-15 17:21:00+00:00,cell_002,74.6,14.28,4.62,0.91,82.11,False,False
2026-08-15 17:22:00+00:00,cell_002,75.32,15.11,4.25,0.87,79.98,False,False
2026-08-15 17:23:00+00:00,cell_002,78.24,13.15,5.34,0.85,81.03,False,False
2026-08-15 17:24:00+00:00,cell_002,77.69,14.52,4.96,0.43,82.13,False,False
2026-08-15 17:25:00+00:00,cell_002,79.32,14.14,5.07,0.72,68.5,False,False
2026-08-15 17:26:00+00:00,cell_002,75.53,15.16,4.85,0.9,81.61,False,False
2026-08-15 17:27:00+00:00,cell_002,77.53,14.01,4.29,0.46,79.07,False,False
2026-08-15 17:28:00+00:00,cell_002,79.41,12.95,4.48,0.5,65.59,False,False
2026-08-15 17:29:00+00:00,cell_002,76.31,12.97,4.96,0.75,75.79,False,False
2026-08-15 17:30:00+00:00,cell_002,70.66,15.11,5.19,0.47,82.52,False,False
2026-08-15 17:31:00+00:00,cell_002,75.7,15.54,4.75,0.19,81.53,False,False
2026-08-15 17:32:00+00:00,cell_002,81.99,12.68,5.07,0.59,79.03,False,False
2026-08-15 17:33:00+00:00,cell_002,77.75,11.76,4.09,0.53,74.46,False,False
2026-08-15 17:34:00+00:00,cell_002,77.09,13.97,4.35,0.8,80.11,False,False
2026-08-15 17:35:00+00:00,cell_002,75.18,12.34,4.88,0.88,75.55,False,False
2026-08-15 17:36:00+00:00,cell_002,75.59,12.28,4.93,0.55,76.47,False,False
2026-08-15 17:37:00+00:00,cell_002,77.56,12.71,4.64,1.18,69.37,False,False
2026-08-15 17:38:00+00:00,cell_002,79.67,12.95,5.23,0.75,73.11,False,False
2026-08-15 17:39:00+00:00,cell_002,72.95,11.87,4.35,0.53,81.83,False,False
2026-08-15 17:40:00+00:00,cell_002,74.26,14.28,4.81,0.81,81.24,False,False
2026-08-15 17:41:00+00:00,cell_002,78.39,13.25,4.74,0.77,74.9,False,False
2026-08-15 17:42:00+00:00,cell_002,77.79,13.94,4.65,0.79,70.84,False,False
2026-08-15 17:43:00+00:00,cell_002,72.03,12.8,4.97,1.01,81.88,False,False
2026-08-15 17:44:00+00:00,cell_002,76.52,13.59,4.72,0.47,74.0,False,False
2026-08-15 17:45:00+00:00,cell_002,81.7,13.33,3.99,0.82,82.65,False,False
2026-08-15 17:46:00+00:00,cell_002,77.74,13.95,4.78,0.7,76.6,False,False
2026-08-15 17:47:00+00:00,cell_002,75.31,12.3,4.96,0.31,71.14,False,False
2026-08-15 17:48:00+00:00,cell_002,77.55,14.31,4.33,0.36,78.8,False,False
2026-08-15 17:49:00+00:00,cell_002,81.95,13.36,5.0,0.92,73.88,False,False
2026-08-15 17:50:00+00:00,cell_002,79.77,12.67,4.73,0.85,72.76,False,False
2026-08-15 17:51:00+00:00,cell_002,76.04,13.58,4.33,1.0,75.01,False,False
2026-08-15 17:52:00+00:00,cell_002,79.83,14.5,4.82,0.73,68.81,False,False
2026-08-15 17:53:00+00:00,cell_002,77.41,14.12,4.35,0.3,77.48,False,False
2026-08-15 17:54:00+00:00,cell_002,74.86,14.26,4.81,0.62,71.98,False,False
2026-08-15 17:55:00+00:00,cell_002,81.47,13.41,4.98,0.63,64.85,False,False
2026-08-15 17:56:00+00:00,cell_002,80.17,12.47,5.53,0.66,69.36,False,False
2026-08-15 17:57:00+00:00,cell_002,76.03,13.15,4.87,0.46,93.42,False,False
2026-08-15 17:58:00+00:00,cell_002,81.58,13.36,4.44,0.96,73.0,False,False
2026-08-15 17:59:00+00:00,cell_002,72.24,14.36,4.11,0.49,79.92,False,False
2026-08-15 18:00:00+00:00,cell_002,78.93,12.49,4.89,0.68,63.22,False,False
2026-08-15 18:01:00+00:00,cell_002,85.64,14.39,4.54,0.51,73.25,False,False
2026-08-15 18:02:00+00:00,cell_002,85.19,14.27,3.83,0.81,65.9,False,False
2026-08-15 18:03:00+00:00,cell_002,78.33,14.59,4.51,0.4,67.93,False,False
2026-08-15 18:04:00+00:00,cell_002,87.26,14.04,4.33,0.39,70.77,False,False
2026-08-15 18:05:00+00:00,cell_002,81.18,13.22,5.32,0.88,81.83,False,False
2026-08-15 18:06:00+00:00,cell_002,78.9,12.67,4.37,0.76,78.77,False,False
2026-08-15 18:07:00+00:00,cell_002,80.23,14.63,4.59,1.02,68.58,False,False
2026-08-15 18:08:00+00:00,cell_002,78.34,13.75,4.66,0.71,74.87,False,False
2026-08-15 18:09:00+00:00,cell_002,82.16,11.69,4.74,0.72,73.22,False,False
2026-08-15 18:10:00+00:00,cell_002,78.91,14.43,5.01,0.47,68.14,False,False
2026-08-15 18:11:00+00:00,cell_002,80.79,13.22,4.78,0.91,62.17,False,False
2026-08-15 18:12:00+00:00,cell_002,79.28,13.53,4.5,0.87,79.06,False,False
2026-08-15 18:13:00+00:00,cell_002,75.13,15.05,4.46,0.87,77.39,False,False
2026-08-15 18:14:00+00:00,cell_002,78.35,12.99,4.43,0.73,72.34,False,False
2026-08-15 18:15:00+00:00,cell_002,79.98,11.21,5.31,0.56,68.76,False,False
2026-08-15 18:16:00+00:00,cell_002,80.11,13.36,4.64,0.67,70.42,False,False
2026-08-15 18:17:00+00:00,cell_002,82.98,12.6,4.72,0.71,71.95,False,False
2026-08-15 18:18:00+00:00,cell_002,82.29,12.84,4.64,0.63,77.05,False,False
2026-08-15 18:19:00+00:00,cell_002,79.55,12.38,4.06,0.6,69.94,False,False
2026-08-15 18:20:00+00:00,cell_002,79.44,11.46,5.13,0.82,67.49,False,False
2026-08-15 18:21:00+00:00,cell_002,81.38,13.75,4.31,0.88,72.36,False,False
2026-08-15 18:22:00+00:00,cell_002,80.04,14.59,4.59,0.47,71.33,False,False
2026-08-15 18:23:00+00:00,cell_002,79.61,13.55,4.7,0.7,74.24,False,False
2026-08-15 18:24:00+00:00,cell_002,78.64,12.24,4.21,0.99,56.6,False,False
2026-08-15 18:25:00+00:00,cell_002,80.06,12.99,4.52,0.52,66.7,False,False
2026-08-15 18:26:00+00:00,cell_002,82.8,15.62,4.69,0.6,69.95,False,False
2026-08-15 18:27:00+00:00,cell_002,78.29,13.71,5.19,0.5,62.75,False,False
2026-08-15 18:28:00+00:00,cell_002,82.9,13.08,4.16,0.64,71.4,False,False
2026-08-15 18:29:00+00:00,cell_002,89.61,11.79,4.83,0.72,64.21,False,False
2026-08-15 18:30:00+00:00,cell_002,80.03,13.11,4.93,0.68,66.91,False,False
2026-08-15 18:31:00+00:00,cell_002,80.91,12.57,4.24,0.83,66.96,False,False
2026-08-15 18:32:00+00:00,cell_002,80.4,13.73,4.68,0.68,78.57,False,False
2026-08-15 18:33:00+00:00,cell_002,82.78,12.89,4.94,0.73,66.81,False,False
2026-08-15 18:34:00+00:00,cell_002,80.95,14.24,5.0,0.56,71.94,False,False
2026-08-15 18:35:00+00:00,cell_002,81.24,14.34,4.23,0.42,60.97,False,False
2026-08-15 18:36:00+00:00,cell_002,77.43,11.21,4.62,1.04,76.61,False,False
2026-08-15 18:37:00+00:00,cell_002,81.37,13.37,5.19,0.79,64.78,False,False
2026-08-15 18:38:00+00:00,cell_002,78.68,14.41,4.27,0.5,64.9,False,False
2026-08-15 18:39:00+00:00,cell_002,80.05,13.96,4.89,0.65,65.68,False,False
2026-08-15 18:40:00+00:00,cell_002,85.91,10.62,4.96,0.79,63.83,False,False
2026-08-15 18:41:00+00:00,cell_002,79.83,14.76,5.1,0.58,62.71,False,False
2026-08-15 18:42:00+00:00,cell_002,81.42,11.41,4.18,0.65,73.37,False,False
2026-08-15 18:43:00+00:00,cell_002,84.36,11.06,4.45,0.75,66.43,False,False
2026-08-15 18:44:00+00:00,cell_002,81.87,11.14,4.78,0.73,63.9,False,False
2026-08-15 18:45:00+00:00,cell_002,84.5,13.39,4.7,0.33,75.82,False,False
2026-08-15 18:46:00+00:00,cell_002,87.94,11.86,3.92,0.64,61.71,False,False
2026-08-15 18:47:00+00:00,cell_002,84.3,12.03,5.04,0.3,67.77,False,False
2026-08-15 18:48:00+00:00,cell_002,79.27,12.23,4.3,0.7,56.75,False,False
2026-08-15 18:49:00+00:00,cell_002,86.05,13.98,4.19,0.7,60.43,False,False
2026-08-15 18:50:00+00:00,cell_002,82.15,13.48,4.9,0.66,67.1,False,False
2026-08-15 18:51:00+00:00,cell_002,77.68,11.45,4.39,0.76,69.24,False,False
2026-08-15 18:52:00+00:00,cell_002,79.88,11.98,5.05,0.26,63.86,False,False
2026-08-15 18:53:00+00:00,cell_002,82.78,11.16,4.44,0.56,75.1,False,False
2026-08-15 18:54:00+00:00,cell_002,85.54,12.01,4.49,0.51,60.28,False,False
2026-08-15 18:55:00+00:00,cell_002,82.48,13.14,4.4,0.54,62.17,False,False
2026-08-15 18:56:00+00:00,cell_002,84.48,12.41,4.1,0.47,61.61,False,False
2026-08-15 18:57:00+00:00,cell_002,82.43,11.54,4.69,0.52,65.1,False,False
2026-08-15 18:58:00+00:00,cell_002,89.42,13.57,4.76,0.37,73.17,False,False
2026-08-15 18:59:00+00:00,cell_002,81.82,12.72,4.7,0.61,73.49,False,False
2026-08-15 19:00:00+00:00,cell_002,88.16,11.71,4.65,0.68,59.31,False,False
2026-08-15 19:01:00+00:00,cell_002,84.04,14.17,4.83,0.79,59.28,False,False
2026-08-15 19:02:00+00:00,cell_002,85.4,12.98,4.31,0.57,54.7,False,False
2026-08-15 19:03:00+00:00,cell_002,76.66,12.58,4.8,0.77,67.9,False,False
2026-08-15 19:04:00+00:00,cell_002,89.15,13.05,4.67,0.58,71.2,False,False
2026-08-15 19:05:00+00:00,cell_002,81.55,11.15,4.41,0.86,63.25,False,False
2026-08-15 19:06:00+00:00,cell_002,86.59,11.11,4.27,0.69,64.76,False,False
2026-08-15 19:07:00+00:00,cell_002,82.68,11.83,4.35,0.54,66.7,False,False
2026-08-15 19:08:00+00:00,cell_002,80.63,13.45,4.06,0.84,57.72,False,False
2026-08-15 19:09:00+00:00,cell_002,87.49,11.94,4.64,0.49,62.96,False,False
2026-08-15 19:10:00+00:00,cell_002,83.24,12.17,4.51,0.71,56.64,False,False
2026-08-15 19:11:00+00:00,cell_002,84.61,14.54,4.41,0.46,66.96,False,False
2026-08-15 19:12:00+00:00,cell_002,84.13,10.91,4.5,0.83,62.69,False,False
2026-08-15 19:13:00+00:00,cell_002,79.66,13.42,4.88,0.95,61.21,False,False
2026-08-15 19:14:00+00:00,cell_002,81.57,11.35,4.46,0.24,62.56,False,False
2026-08-15 19:15:00+00:00,cell_002,79.11,13.45,4.72,0.58,59.76,False,False
2026-08-15 19:16:00+00:00,cell_002,82.6,11.74,4.68,1.02,62.79,False,False
2026-08-15 19:17:00+00:00,cell_002,90.15,12.34,4.21,0.44,59.5,False,False
2026-08-15 19:18:00+00:00,cell_002,89.18,11.57,4.72,0.55,68.18,False,False
2026-08-15 19:19:00+00:00,cell_002,91.35,11.07,4.49,0.64,54.99,False,False
2026-08-15 19:20:00+00:00,cell_002,88.68,11.34,4.51,0.52,69.95,False,False
2026-08-15 19:21:00+00:00,cell_002,86.74,12.28,4.31,0.93,63.58,False,False
2026-08-15 19:22:00+00:00,cell_002,90.36,11.89,3.9,0.87,65.06,False,False
2026-08-15 19:23:00+00:00,cell_002,84.53,11.22,3.71,0.31,47.75,False,False
2026-08-15 19:24:00+00:00,cell_002,90.6,12.81,3.96,0.55,60.59,False,False
2026-08-15 19:25:00+00:00,cell_002,86.37,10.47,4.47,0.96,53.64,False,False
2026-08-15 19:26:00+00:00,cell_002,86.29,12.53,4.16,0.47,61.47,False,False
2026-08-15 19:27:00+00:00,cell_002,86.45,11.85,4.05,0.65,52.71,False,False
2026-08-15 19:28:00+00:00,cell_002,90.52,12.9,4.36,0.35,66.19,False,False
2026-08-15 19:29:00+00:00,cell_002,92.65,13.75,4.14,0.76,65.31,False,False
2026-08-15 19:30:00+00:00,cell_002,82.77,11.74,4.65,0.69,61.42,False,False
2026-08-15 19:31:00+00:00,cell_002,89.66,11.98,4.68,0.45,55.35,False,False
2026-08-15 19:32:00+00:00,cell_002,85.96,12.87,4.65,0.76,61.08,False,False
2026-08-15 19:33:00+00:00,cell_002,86.71,12.36,4.49,0.39,59.57,False,False
2026-08-15 19:34:00+00:00,cell_002,87.1,13.06,4.02,0.83,51.42,False,False
2026-08-15 19:35:00+00:00,cell_002,89.95,11.48,4.36,0.82,60.39,False,False
2026-08-15 19:36:00+00:00,cell_002,83.04,12.82,4.34,0.74,55.3,False,False
2026-08-15 19:37:00+00:00,cell_002,83.08,12.41,4.44,0.64,61.57,False,False
2026-08-15 19:38:00+00:00,cell_002,87.46,12.59,4.27,0.44,63.69,False,False
2026-08-15 19:39:00+00:00,cell_002,82.93,11.79,4.42,0.38,53.77,False,False
2026-08-15 19:40:00+00:00,cell_002,87.95,11.89,4.27,0.76,53.2,False,False
2026-08-15 19:41:00+00:00,cell_002,90.49,11.23,4.64,0.17,60.51,False,False
2026-08-15 19:42:00+00:00,cell_002,88.85,12.75,3.95,0.41,52.23,False,False
2026-08-15 19:43:00+00:00,cell_002,88.8,12.24,4.31,0.66,61.12,False,False
2026-08-15 19:44:00+00:00,cell_002,85.24,12.23,4.31,0.47,58.76,False,False
2026-08-15 19:45:00+00:00,cell_002,92.77,11.25,4.03,0.92,56.73,False,False
2026-08-15 19:46:00+00:00,cell_002,91.77,12.67,4.05,0.41,59.7,False,False
2026-08-15 19:47:00+00:00,cell_002,91.97,10.98,4.03,0.43,56.17,False,False
2026-08-15 19:48:00+00:00,cell_002,89.82,12.77,4.46,0.47,49.67,False,False
2026-08-15 19:49:00+00:00,cell_002,85.2,10.53,3.96,0.36,52.74,False,False
2026-08-15 19:50:00+00:00,cell_002,84.36,14.03,3.91,0.82,62.53,False,False
2026-08-15 19:51:00+00:00,cell_002,91.91,14.92,3.89,0.23,58.07,False,False
2026-08-15 19:52:00+00:00,cell_002,86.94,13.0,4.23,0.59,60.65,False,False
2026-08-15 19:53:00+00:00,cell_002,84.27,12.05,3.84,0.9,56.87,False,False
2026-08-15 19:54:00+00:00,cell_002,81.22,11.3,4.09,0.72,53.51,False,False
2026-08-15 19:55:00+00:00,cell_002,91.84,11.18,4.34,0.62,59.76,False,False
2026-08-15 19:56:00+00:00,cell_002,92.08,11.83,4.45,0.44,57.74,False,False
2026-08-15 19:57:00+00:00,cell_002,95.47,12.73,4.79,0.52,50.59,False,False
2026-08-15 19:58:00+00:00,cell_002,89.54,12.02,4.12,0.7,62.46,False,False
2026-08-15 19:59:00+00:00,cell_002,89.27,15.17,4.41,0.96,61.85,False,False
2026-08-15 20:00:00+00:00,cell_002,82.98,11.62,4.29,0.51,51.04,False,False
2026-08-15 20:01:00+00:00,cell_002,92.32,11.67,4.07,0.2,57.09,False,False
2026-08-15 20:02:00+00:00,cell_002,88.64,11.87,3.98,0.82,59.48,False,False
2026-08-15 20:03:00+00:00,cell_002,89.17,12.28,4.28,0.6,55.03,False,False
2026-08-15 20:04:00+00:00,cell_002,86.93,11.27,4.36,0.61,65.3,False,False
2026-08-15 20:05:00+00:00,cell_002,89.2,12.84,4.09,0.46,53.25,False,False
2026-08-15 20:06:00+00:00,cell_002,90.52,10.31,4.13,0.4,54.89,False,False
2026-08-15 20:07:00+00:00,cell_002,88.56,13.35,4.6,0.23,66.69,False,False
2026-08-15 20:08:00+00:00,cell_002,85.45,12.14,4.67,0.65,49.59,False,False
2026-08-15 20:09:00+00:00,cell_002,92.25,11.49,4.05,0.74,54.93,False,False
2026-08-15 20:10:00+00:00,cell_002,91.27,13.21,4.25,0.68,57.11,False,False
2026-08-15 20:11:00+00:00,cell_002,89.09,12.36,4.41,0.45,57.76,False,False
2026-08-15 20:12:00+00:00,cell_002,94.26,11.07,4.14,1.02,50.33,False,False
2026-08-15 20:13:00+00:00,cell_002,89.37,11.3,3.98,0.87,59.86,False,False
2026-08-15 20:14:00+00:00,cell_002,90.78,11.32,4.21,0.73,53.45,False,False
2026-08-15 20:15:00+00:00,cell_002,83.62,12.4,4.37,0.52,50.85,False,False
2026-08-15 20:16:00+00:00,cell_002,87.89,12.43,4.23,0.77,58.33,False,False
2026-08-15 20:17:00+00:00,cell_002,91.65,11.48,4.14,0.55,47.44,False,False
2026-08-15 20:18:00+00:00,cell_002,89.66,12.0,3.74,0.85,53.38,False,False
2026-08-15 20:19:00+00:00,cell_002,92.35,15.05,4.21,0.58,51.99,False,False
2026-08-15 20:20:00+00:00,cell_002,84.16,10.78,3.98,0.42,52.1,False,False
2026-08-15 20:21:00+00:00,cell_002,92.64,11.57,4.22,0.81,57.25,False,False
2026-08-15 20:22:00+00:00,cell_002,90.35,12.4,3.92,0.85,50.56,False,False
2026-08-15 20:23:00+00:00,cell_002,95.03,13.14,3.98,0.63,48.58,False,False
2026-08-15 20:24:00+00:00,cell_002,90.61,11.71,4.65,0.63,46.77,False,False
2026-08-15 20:25:00+00:00,cell_002,92.86,9.98,4.17,0.77,59.71,False,False
2026-08-15 20:26:00+00:00,cell_002,92.89,13.27,3.33,0.24,43.33,False,False
2026-08-15 20:27:00+00:00,cell_002,94.07,12.96,4.48,0.68,52.08,False,False
2026-08-15 20:28:00+00:00,cell_002,92.27,11.53,3.67,0.59,54.1,False,False
2026-08-15 20:29:00+00:00,cell_002,91.42,12.2,3.83,0.44,51.4,False,False
2026-08-15 20:30:00+00:00,cell_002,90.88,13.46,4.05,0.66,51.71,False,False
2026-08-15 20:31:00+00:00,cell_002,94.73,11.83,4.39,1.0,51.37,False,False
2026-08-15 20:32:00+00:00,cell_002,90.69,12.11,4.15,0.33,49.08,False,False
2026-08-15 20:33:00+00:00,cell_002,89.99,11.99,3.56,0.65,54.37,False,False
2026-08-15 20:34:00+00:00,cell_002,94.02,10.9,4.2,0.49,38.86,False,False
2026-08-15 20:35:00+00:00,cell_002,95.25,11.33,3.92,0.4,53.86,False,False
2026-08-15 20:36:00+00:00,cell_002,96.61,12.81,3.97,0.46,58.33,False,False
2026-08-15 20:37:00+00:00,cell_002,96.98,11.08,3.88,0.7,49.52,False,False
2026-08-15 20:38:00+00:00,cell_002,92.64,12.64,3.75,0.54,53.25,False,False
2026-08-15 20:39:00+00:00,cell_002,94.12,11.5,3.75,0.71,47.98,False,False
2026-08-15 20:40:00+00:00,cell_002,98.6,11.3,4.26,0.47,51.13,False,False
2026-08-15 20:41:00+00:00,cell_002,95.41,13.45,3.78,0.74,45.0,False,False
2026-08-15 20:42:00+00:00,cell_002,97.26,11.66,3.65,0.29,49.65,False,False
2026-08-15 20:43:00+00:00,cell_002,95.39,10.23,3.8,0.74,54.05,False,False
2026-08-15 20:44:00+00:00,cell_002,90.25,11.73,3.98,0.22,39.77,False,False
2026-08-15 20:45:00+00:00,cell_002,91.93,9.65,4.16,0.63,46.51,False,False
2026-08-15 20:46:00+00:00,cell_002,87.9,12.67,4.1,0.5,46.05,False,False
2026-08-15 20:47:00+00:00,cell_002,92.1,9.94,3.95,0.21,61.42,False,False
2026-08-15 20:48:00+00:00,cell_002,91.13,10.82,3.74,0.7,52.08,False,False
2026-08-15 20:49:00+00:00,cell_002,90.95,13.36,3.68,0.64,47.4,False,False
2026-08-15 20:50:00+00:00,cell_002,92.33,11.31,4.27,0.51,58.14,False,False
2026-08-15 20:51:00+00:00,cell_002,90.52,12.31,4.15,0.1,54.12,False,False
2026-08-15 20:52:00+00:00,cell_002,89.59,11.19,4.14,0.65,45.62,False,False
2026-08-15 20:53:00+00:00,cell_002,96.27,12.0,4.06,0.57,48.76,False,False
2026-08-15 20:54:00+00:00,cell_002,91.49,10.63,4.09,0.07,55.23,False,False
2026-08-15 20:55:00+00:00,cell_002,92.58,11.28,4.0,0.66,53.24,False,False
2026-08-15 20:56:00+00:00,cell_002,97.14,10.11,3.74,0.88,47.94,False,False
2026-08-15 20:57:00+00:00,cell_002,91.23,11.7,4.5,0.21,50.99,False,False
2026-08-15 20:58:00+00:00,cell_002,95.89,12.28,3.53,0.37,49.94,False,False
2026-08-15 20:59:00+00:00,cell_002,89.87,11.55,3.56,0.61,52.02,False,False
2026-08-15 21:00:00+00:00,cell_002,94.11,11.72,4.1,0.88,44.13,False,False
2026-08-15 21:01:00+00:00,cell_002,95.73,10.36,4.05,0.55,42.83,False,False
2026-08-15 21:02:00+00:00,cell_002,92.09,12.47,4.55,0.62,47.19,False,False
2026-08-15 21:03:00+00:00,cell_002,97.07,12.31,4.03,0.13,39.19,False,False
2026-08-15 21:04:00+00:00,cell_002,95.58,12.07,3.97,0.64,55.45,False,False
2026-08-15 21:05:00+00:00,cell_002,95.15,10.16,4.24,0.47,48.23,False,False
2026-08-15 21:06:00+00:00,cell_002,97.51,12.41,4.67,0.64,42.55,False,False
2026-08-15 21:07:00+00:00,cell_002,96.8,11.88,4.11,0.78,44.93,False,False
2026-08-15 21:08:00+00:00,cell_002,94.26,11.05,3.53,0.87,37.66,False,False
2026-08-15 21:09:00+00:00,cell_002,89.86,11.43,4.56,0.71,44.2,False,False
2026-08-15 21:10:00+00:00,cell_002,100.22,10.73,3.95,0.49,52.56,False,False
2026-08-15 21:11:00+00:00,cell_002,92.97,11.38,3.97,0.37,36.95,False,False
2026-08-15 21:12:00+00:00,cell_002,87.57,11.8,3.25,0.33,39.04,False,False
2026-08-15 21:13:00+00:00,cell_002,99.64,11.49,3.68,0.42,45.13,False,False
2026-08-15 21:14:00+00:00,cell_002,96.59,13.39,3.62,0.86,52.93,False,False
2026-08-15 21:15:00+00:00,cell_002,94.92,11.12,3.75,0.36,46.65,False,False
2026-08-15 21:16:00+00:00,cell_002,94.7,11.23,4.15,0.35,39.88,False,False
2026-08-15 21:17:00+00:00,cell_002,97.64,10.0,3.34,0.44,44.83,False,False
2026-08-15 21:18:00+00:00,cell_002,101.71,11.39,3.24,0.47,43.48,False,False
2026-08-15 21:19:00+00:00,cell_002,93.95,10.89,4.34,0.36,41.35,False,False
2026-08-15 21:20:00+00:00,cell_002,92.72,10.45,4.02,0.62,38.63,False,False
2026-08-15 21:21:00+00:00,cell_002,94.56,12.14,3.83,0.63,43.93,False,False
2026-08-15 21:22:00+00:00,cell_002,91.16,12.18,4.05,0.46,41.79,False,False
2026-08-15 21:23:00+00:00,cell_002,94.94,11.46,3.78,0.52,40.29,False,False
2026-08-15 21:24:00+00:00,cell_002,99.2,10.97,3.54,0.44,43.78,False,False
2026-08-15 21:25:00+00:00,cell_002,96.07,11.81,3.47,0.73,45.32,False,False
2026-08-15 21:26:00+00:00,cell_002,96.91,12.55,3.87,0.38,44.46,False,False
2026-08-15 21:27:00+00:00,cell_002,98.67,12.34,3.87,0.33,44.15,False,False
2026-08-15 21:28:00+00:00,cell_002,94.87,11.15,3.59,0.94,50.89,False,False
2026-08-15 21:29:00+00:00,cell_002,92.33,11.98,4.08,0.25,50.94,False,False
2026-08-15 21:30:00+00:00,cell_002,95.31,11.83,4.07,0.61,47.35,False,False
2026-08-15 21:31:00+00:00,cell_002,95.5,12.9,3.36,0.42,50.56,False,False
2026-08-15 21:32:00+00:00,cell_002,98.42,13.04,4.17,0.79,56.64,False,False
2026-08-15 21:33:00+00:00,cell_002,98.31,10.87,3.77,0.31,41.7,False,False
2026-08-15 21:34:00+00:00,cell_002,89.95,11.94,3.66,0.57,50.37,False,False
2026-08-15 21:35:00+00:00,cell_002,91.48,10.15,4.0,0.59,41.49,False,False
2026-08-15 21:36:00+00:00,cell_002,99.69,11.43,3.69,0.73,48.51,False,False
2026-08-15 21:37:00+00:00,cell_002,92.78,11.41,3.23,0.45,47.71,False,False
2026-08-15 21:38:00+00:00,cell_002,99.45,11.13,3.64,0.87,44.57,False,False
2026-08-15 21:39:00+00:00,cell_002,88.76,11.86,3.56,0.61,46.04,False,False
2026-08-15 21:40:00+00:00,cell_002,101.88,11.16,3.71,0.73,48.28,False,False
2026-08-15 21:41:00+00:00,cell_002,96.75,10.97,3.92,0.74,44.82,False,False
2026-08-15 21:42:00+00:00,cell_002,100.11,9.93,3.53,0.53,47.19,False,False
2026-08-15 21:43:00+00:00,cell_002,97.24,10.37,4.17,0.45,40.07,False,False
2026-08-15 21:44:00+00:00,cell_002,101.36,11.85,3.81,0.36,43.65,False,False
2026-08-15 21:45:00+00:00,cell_002,101.29,10.4,3.94,0.56,39.54,False,False
2026-08-15 21:46:00+00:00,cell_002,96.58,11.45,3.62,0.37,34.73,False,False
2026-08-15 21:47:00+00:00,cell_002,92.57,11.39,4.18,0.56,43.09,False,False
2026-08-15 21:48:00+00:00,cell_002,91.89,10.0,4.03,0.72,45.11,False,False
2026-08-15 21:49:00+00:00,cell_002,94.25,12.33,3.37,0.42,40.34,False,False
2026-08-15 21:50:00+00:00,cell_002,94.49,11.49,3.69,0.2,42.66,False,False
2026-08-15 21:51:00+00:00,cell_002,101.82,11.05,4.48,0.47,55.06,False,False
2026-08-15 21:52:00+00:00,cell_002,95.69,11.01,4.28,0.46,42.15,False,False
2026-08-15 21:53:00+00:00,cell_002,98.45,9.38,3.81,0.57,47.63,False,False
2026-08-15 21:54:00+00:00,cell_002,92.93,9.3,4.11,0.53,43.28,False,False
2026-08-15 21:55:00+00:00,cell_002,96.51,12.15,3.64,0.52,40.93,False,False
2026-08-15 21:56:00+00:00,cell_002,97.66,10.3,4.06,0.59,37.58,False,False
2026-08-15 21:57:00+00:00,cell_002,97.51,10.27,3.39,0.6,37.29,False,False
2026-08-15 21:58:00+00:00,cell_002,93.76,9.22,3.29,0.65,30.87,False,False
2026-08-15 21:59:00+00:00,cell_002,99.71,11.71,4.39,0.37,37.95,False,False
2026-08-15 22:00:00+00:00,cell_002,100.23,11.04,3.91,0.41,29.99,False,False
2026-08-15 22:01:00+00:00,cell_002,96.99,11.17,3.52,0.37,42.67,False,False
2026-08-15 22:02:00+00:00,cell_002,91.51,11.29,3.95,0.61,42.15,False,False
2026-08-15 22:03:00+00:00,cell_002,99.82,11.35,3.87,0.36,42.23,False,False
2026-08-15 22:04:00+00:00,cell_002,98.85,10.82,3.22,0.45,39.13,False,False
2026-08-15 22:05:00+00:00,cell_002,102.17,10.76,3.82,0.94,40.39,False,False
2026-08-15 22:06:00+00:00,cell_002,94.93,10.53,3.95,0.61,39.37,False,False
2026-08-15 22:07:00+00:00,cell_002,103.46,9.32,4.25,0.58,41.9,False,False
2026-08-15 22:08:00+00:00,cell_002,96.65,9.52,3.59,0.35,41.91,False,False
2026-08-15 22:09:00+00:00,cell_002,105.01,12.65,3.13,0.71,35.46,False,False
2026-08-15 22:10:00+00:00,cell_002,96.16,12.46,3.45,0.45,46.97,False,False
2026-08-15 22:11:00+00:00,cell_002,99.62,8.55,3.47,0.74,42.16,False,False
2026-08-15 22:12:00+00:00,cell_002,93.15,11.29,3.56,0.43,33.73,False,False
2026-08-15 22:13:00+00:00,cell_002,97.8,9.64,3.71,0.19,41.38,False,False
2026-08-15 22:14:00+00:00,cell_002,98.01,13.14,3.77,0.41,45.34,False,False
2026-08-15 22:15:00+00:00,cell_002,99.83,9.74,4.28,0.45,33.18,False,False
2026-08-15 22:16:00+00:00,cell_002,97.58,11.33,3.08,0.41,26.5,False,False
2026-08-15 22:17:00+00:00,cell_002,98.17,10.85,3.01,0.62,32.85,False,False
2026-08-15 22:18:00+00:00,cell_002,102.15,11.42,3.55,0.82,47.58,False,False
2026-08-15 22:19:00+00:00,cell_002,96.79,11.87,3.29,0.09,32.78,False,False
2026-08-15 22:20:00+00:00,cell_002,97.6,9.76,3.53,0.33,41.3,False,False
2026-08-15 22:21:00+00:00,cell_002,100.17,12.3,3.11,0.59,37.57,False,False
2026-08-15 22:22:00+00:00,cell_002,99.25,10.09,4.14,0.28,49.43,False,False
2026-08-15 22:23:00+00:00,cell_002,98.59,9.05,4.19,0.71,44.23,False,False
2026-08-15 22:24:00+00:00,cell_002,99.29,10.3,3.65,0.3,39.76,False,False
2026-08-15 22:25:00+00:00,cell_002,95.08,10.61,4.22,0.55,35.76,False,False
2026-08-15 22:26:00+00:00,cell_002,105.07,11.95,4.43,0.26,42.84,False,False
2026-08-15 22:27:00+00:00,cell_002,97.66,11.38,3.62,0.54,28.21,False,False
2026-08-15 22:28:00+00:00,cell_002,96.56,11.28,3.81,0.13,33.77,False,False
2026-08-15 22:29:00+00:00,cell_002,100.03,10.03,3.23,0.39,38.7,False,False
2026-08-15 22:30:00+00:00,cell_002,95.91,11.9,3.46,0.45,28.83,False,False
2026-08-15 22:31:00+00:00,cell_002,98.29,11.18,4.06,0.66,37.14,False,False
2026-08-15 22:32:00+00:00,cell_002,103.18,11.25,3.84,0.67,28.81,False,False
2026-08-15 22:33:00+00:00,cell_002,99.63,12.06,3.64,0.49,38.11,False,False
2026-08-15 22:34:00+00:00,cell_002,97.38,10.22,3.76,0.67,35.79,False,False
2026-08-15 22:35:00+00:00,cell_002,96.16,12.47,3.91,0.35,35.79,False,False
2026-08-15 22:36:00+00:00,cell_002,100.73,11.36,4.0,0.71,38.16,False,False
2026-08-15 22:37:00+00:00,cell_002,97.02,11.62,3.56,0.68,36.03,False,False
2026-08-15 22:38:00+00:00,cell_002,96.95,10.98,3.52,0.54,40.25,False,False
2026-08-15 22:39:00+00:00,cell_002,100.87,10.36,3.68,0.63,31.11,False,False
2026-08-15 22:40:00+00:00,cell_002,102.46,12.93,3.34,0.37,28.49,False,False
2026-08-15 22:41:00+00:00,cell_002,97.74,10.63,3.51,0.49,44.02,False,False
2026-08-15 22:42:00+00:00,cell_002,95.38,9.99,3.87,0.69,31.89,False,False
2026-08-15 22:43:00+00:00,cell_002,98.93,9.7,3.75,0.52,34.65,False,False
2026-08-15 22:44:00+00:00,cell_002,101.93,12.52,4.02,0.42,39.41,False,False
2026-08-15 22:45:00+00:00,cell_002,101.15,11.36,3.48,0.52,32.15,False,False
2026-08-15 22:46:00+00:00,cell_002,98.1,9.43,4.1,0.12,28.37,False,False
2026-08-15 22:47:00+00:00,cell_002,101.35,10.45,3.45,0.56,35.73,False,False
2026-08-15 22:48:00+00:00,cell_002,98.18,10.55,3.41,0.26,30.75,False,False
2026-08-15 22:49:00+00:00,cell_002,97.04,9.89,3.16,0.19,44.72,False,False
2026-08-15 22:50:00+00:00,cell_002,104.72,11.33,2.87,0.45,36.9,False,False
2026-08-15 22:51:00+00:00,cell_002,103.93,10.48,3.78,0.66,42.57,False,False
2026-08-15 22:52:00+00:00,cell_002,97.7,10.64,3.61,0.4,34.03,False,False
2026-08-15 22:53:00+00:00,cell_002,102.04,9.53,3.75,0.5,38.21,False,False
2026-08-15 22:54:00+00:00,cell_002,96.47,10.04,3.57,0.57,33.13,False,False
2026-08-15 22:55:00+00:00,cell_002,104.94,9.59,3.52,0.5,31.7,False,False
2026-08-15 22:56:00+00:00,cell_002,102.57,13.26,3.68,0.54,28.82,False,False
2026-08-15 22:57:00+00:00,cell_002,101.33,7.96,3.96,0.42,38.06,False,False
2026-08-15 22:58:00+00:00,cell_002,96.68,9.93,3.81,0.33,37.72,False,False
2026-08-15 22:59:00+00:00,cell_002,104.03,10.56,4.08,0.49,31.63,False,False
2026-08-15 23:00:00+00:00,cell_002,101.81,10.06,3.75,0.72,31.83,False,False
2026-08-15 23:01:00+00:00,cell_002,102.41,10.82,3.39,0.35,38.38,False,False
2026-08-15 23:02:00+00:00,cell_002,104.43,9.71,4.3,0.45,32.2,False,False
2026-08-15 23:03:00+00:00,cell_002,102.74,10.87,4.0,0.41,32.86,False,False
2026-08-15 23:04:00+00:00,cell_002,97.25,11.8,3.63,0.89,44.46,False,False
2026-08-15 23:05:00+00:00,cell_002,104.41,8.54,3.76,0.67,34.27,False,False
2026-08-15 23:06:00+00:00,cell_002,98.75,10.0,3.73,0.37,30.52,False,False
2026-08-15 23:07:00+00:00,cell_002,100.17,10.07,3.23,0.0,31.35,False,False
2026-08-15 23:08:00+00:00,cell_002,100.11,12.06,3.58,0.58,41.32,False,False
2026-08-15 23:09:00+00:00,cell_002,97.18,10.81,3.59,0.35,34.44,False,False
2026-08-15 23:10:00+00:00,cell_002,98.89,9.64,3.9,0.03,32.92,False,False
2026-08-15 23:11:00+00:00,cell_002,97.96,10.62,3.49,0.34,26.38,False,False
2026-08-15 23:12:00+00:00,cell_002,98.16,9.04,3.68,0.75,22.42,False,False
2026-08-15 23:13:00+00:00,cell_002,101.0,12.05,4.09,0.55,37.41,False,False
2026-08-15 23:14:00+00:00,cell_002,103.77,10.89,3.62,0.35,24.98,False,False
2026-08-15 23:15:00+00:00,cell_002,107.06,10.4,3.77,0.49,32.28,False,False
2026-08-15 23:16:00+00:00,cell_002,103.12,10.8,3.77,0.5,29.06,False,False
2026-08-15 23:17:00+00:00,cell_002,106.54,10.2,3.51,0.64,36.89,False,False
2026-08-15 23:18:00+00:00,cell_002,97.97,9.46,3.58,0.52,32.31,False,False
2026-08-15 23:19:00+00:00,cell_002,106.85,9.97,3.49,0.55,37.75,False,False
2026-08-15 23:20:00+00:00,cell_002,100.65,11.54,3.16,0.31,34.51,False,False
2026-08-15 23:21:00+00:00,cell_002,108.3,10.48,3.48,0.57,35.88,False,False
2026-08-15 23:22:00+00:00,cell_002,98.76,10.8,3.27,0.0,36.6,False,False
2026-08-15 23:23:00+00:00,cell_002,104.92,11.58,3.62,0.7,37.32,False,False
2026-08-15 23:24:00+00:00,cell_002,98.14,11.28,3.88,0.35,40.11,False,False
2026-08-15 23:25:00+00:00,cell_002,98.38,9.91,4.13,0.59,32.73,False,False
2026-08-15 23:26:00+00:00,cell_002,108.51,11.24,3.39,0.46,25.61,False,False
2026-08-15 23:27:00+00:00,cell_002,99.27,10.6,3.59,0.08,33.11,False,False
2026-08-15 23:28:00+00:00,cell_002,102.62,9.55,3.37,0.16,33.05,False,False
2026-08-15 23:29:00+00:00,cell_002,98.39,11.13,3.18,0.6,33.71,False,False
2026-08-15 23:30:00+00:00,cell_002,102.04,11.37,3.55,0.37,28.33,False,False
2026-08-15 23:31:00+00:00,cell_002,108.07,8.81,2.89,0.23,35.2,False,False
2026-08-15 23:32:00+00:00,cell_002,102.85,9.39,3.74,0.54,28.01,False,False
2026-08-15 23:33:00+00:00,cell_002,100.44,9.5,3.36,0.55,38.31,False,False
2026-08-15 23:34:00+00:00,cell_002,100.89,12.4,3.37,0.37,37.55,False,False
2026-08-15 23:35:00+00:00,cell_002,101.73,9.63,3.0,0.65,39.43,False,False
2026-08-15 23:36:00+00:00,cell_002,102.27,8.57,3.19,0.23,31.37,False,False
2026-08-15 23:37:00+00:00,cell_002,103.37,9.17,3.71,0.33,25.96,False,False
2026-08-15 23:38:00+00:00,cell_002,104.58,11.17,3.6,0.31,33.3,False,False
2026-08-15 23:39:00+00:00,cell_002,100.34,9.72,3.42,0.83,35.72,False,False
2026-08-15 23:40:00+00:00,cell_002,104.05,9.53,3.54,0.22,25.06,False,False
2026-08-15 23:41:00+00:00,cell_002,97.25,8.67,3.24,0.6,26.96,False,False
2026-08-15 23:42:00+00:00,cell_002,102.9,11.25,2.9,0.66,38.75,False,False
2026-08-15 23:43:00+00:00,cell_002,100.08,11.24,3.76,0.37,39.89,False,False
2026-08-15 23:44:00+00:00,cell_002,101.85,10.59,3.76,0.35,35.01,False,False
2026-08-15 23:45:00+00:00,cell_002,103.94,9.42,3.42,0.82,32.28,False,False
2026-08-15 23:46:00+00:00,cell_002,106.54,9.77,3.87,0.42,26.3,False,False
2026-08-15 23:47:00+00:00,cell_002,101.62,9.75,3.12,0.56,35.11,False,False
2026-08-15 23:48:00+00:00,cell_002,103.52,10.09,3.75,0.57,27.31,False,False
2026-08-15 23:49:00+00:00,cell_002,103.09,9.56,3.27,0.32,43.05,False,False
2026-08-15 23:50:00+00:00,cell_002,97.2,9.32,3.35,0.22,38.75,False,False
2026-08-15 23:51:00+00:00,cell_002,103.34,10.31,3.14,0.26,27.94,False,False
2026-08-15 23:52:00+00:00,cell_002,108.69,11.77,3.78,0.13,33.69,False,False
2026-08-15 23:53:00+00:00,cell_002,105.44,9.19,3.78,0.63,27.86,False,False
2026-08-15 23:54:00+00:00,cell_002,101.43,10.53,3.4,0.07,32.85,False,False
2026-08-15 23:55:00+00:00,cell_002,101.4,11.47,3.39,0.47,36.49,False,False
2026-08-15 23:56:00+00:00,cell_002,100.97,10.47,3.88,0.68,32.23,False,False
2026-08-15 23:57:00+00:00,cell_002,104.64,10.45,3.52,0.0,30.84,False,False
2026-08-15 23:58:00+00:00,cell_002,102.92,9.51,3.41,0.17,34.75,False,False
2026-08-15 23:59:00+00:00,cell_002,98.33,11.12,2.89,0.24,35.12,False,False
2026-08-16 00:00:00+00:00,cell_002,104.81,11.38,3.85,0.6,25.54,False,False
2026-08-16 00:01:00+00:00,cell_002,104.46,11.65,3.15,0.61,29.43,False,False
2026-08-16 00:02:00+00:00,cell_002,102.82,10.91,3.6,0.34,31.07,False,False
2026-08-16 00:03:00+00:00,cell_002,103.47,9.92,3.09,0.67,31.57,False,False
2026-08-16 00:04:00+00:00,cell_002,100.32,10.25,3.6,0.44,39.91,False,False
2026-08-16 00:05:00+00:00,cell_002,107.39,9.37,3.33,0.48,29.31,False,False
2026-08-16 00:06:00+00:00,cell_002,98.52,10.45,3.23,0.44,29.34,False,False
2026-08-16 00:07:00+00:00,cell_002,102.76,10.61,2.87,0.63,27.42,False,False
2026-08-16 00:08:00+00:00,cell_002,102.98,10.75,3.34,0.57,32.57,False,False
2026-08-16 00:09:00+00:00,cell_002,101.79,11.62,2.92,0.47,22.47,False,False
2026-08-16 00:10:00+00:00,cell_002,103.16,10.34,3.51,0.1,29.8,False,False
2026-08-16 00:11:00+00:00,cell_002,100.01,9.56,3.57,0.6,33.29,False,False
2026-08-16 00:12:00+00:00,cell_002,101.31,10.11,3.53,0.62,34.13,False,False
2026-08-16 00:13:00+00:00,cell_002,100.1,10.6,3.27,0.46,33.65,False,False
2026-08-16 00:14:00+00:00,cell_002,102.49,11.04,3.17,0.68,28.84,False,False
2026-08-16 00:15:00+00:00,cell_002,107.3,9.89,3.66,0.56,29.11,False,False
2026-08-16 00:16:00+00:00,cell_002,104.63,9.87,4.14,0.46,31.42,False,False
2026-08-16 00:17:00+00:00,cell_002,99.28,10.9,3.35,0.61,30.27,False,False
2026-08-16 00:18:00+00:00,cell_002,102.33,9.48,3.65,0.28,30.09,False,False
2026-08-16 00:19:00+00:00,cell_002,103.02,10.72,3.33,0.51,26.73,False,False
2026-08-16 00:20:00+00:00,cell_002,101.13,11.16,3.42,0.54,29.93,False,False
2026-08-16 00:21:00+00:00,cell_002,101.77,10.28,3.26,0.72,21.7,False,False
2026-08-16 00:22:00+00:00,cell_002,107.03,10.93,3.61,0.32,31.68,False,False
2026-08-16 00:23:00+00:00,cell_002,98.08,9.21,2.87,0.26,27.17,False,False
2026-08-16 00:24:00+00:00,cell_002,104.45,10.01,2.67,0.61,31.46,False,False
2026-08-16 00:25:00+00:00,cell_002,97.75,9.37,3.38,0.38,31.44,False,False
2026-08-16 00:26:00+00:00,cell_002,104.09,10.78,3.77,0.22,31.58,False,False
2026-08-16 00:27:00+00:00,cell_002,100.63,7.77,3.66,0.51,27.53,False,False
2026-08-16 00:28:00+00:00,cell_002,105.16,11.05,3.64,0.94,36.66,False,False
2026-08-16 00:29:00+00:00,cell_002,109.13,9.59,4.02,0.56,22.24,False,False
2026-08-16 00:30:00+00:00,cell_002,103.09,9.47,3.89,0.21,35.95,False,False
2026-08-16 00:31:00+00:00,cell_002,107.27,11.49,3.37,0.31,30.87,False,False
2026-08-16 00:32:00+00:00,cell_002,105.35,10.09,3.31,0.26,26.67,False,False
2026-08-16 00:33:00+00:00,cell_002,104.66,9.78,2.92,0.23,35.64,False,False
2026-08-16 00:34:00+00:00,cell_002,100.15,10.54,3.45,0.45,35.69,False,False
2026-08-16 00:35:00+00:00,cell_002,106.63,10.41,3.95,0.33,27.09,False,False
2026-08-16 00:36:00+00:00,cell_002,104.59,10.11,3.79,0.78,42.09,False,False
2026-08-16 00:37:00+00:00,cell_002,100.2,11.3,3.84,0.33,29.46,False,False
2026-08-16 00:38:00+00:00,cell_002,100.57,7.98,3.46,0.55,26.48,False,False
2026-08-16 00:39:00+00:00,cell_002,101.67,9.18,3.31,0.52,28.28,False,False
2026-08-16 00:40:00+00:00,cell_002,100.74,9.2,3.57,0.66,23.12,False,False
2026-08-16 00:41:00+00:00,cell_002,102.93,11.83,3.69,0.35,25.18,False,False
2026-08-16 00:42:00+00:00,cell_002,105.09,11.6,3.4,0.2,22.37,False,False
2026-08-16 00:43:00+00:00,cell_002,102.69,10.37,3.66,0.35,35.32,False,False
2026-08-16 00:44:00+00:00,cell_002,104.02,10.18,3.28,0.58,29.97,False,False
2026-08-16 00:45:00+00:00,cell_002,99.64,9.89,3.47,0.41,29.3,False,False
2026-08-16 00:46:00+00:00,cell_002,106.51,11.27,3.27,0.33,23.98,False,False
2026-08-16 00:47:00+00:00,cell_002,106.03,9.04,3.48,0.65,27.37,False,False
2026-08-16 00:48:00+00:00,cell_002,109.68,11.12,3.52,0.54,22.18,False,False
2026-08-16 00:49:00+00:00,cell_002,100.28,11.88,3.44,0.0,25.52,False,False
2026-08-16 00:50:00+00:00,cell_002,99.94,10.44,3.2,0.31,26.0,False,False
2026-08-16 00:51:00+00:00,cell_002,99.45,10.53,3.02,0.75,34.76,False,False
2026-08-16 00:52:00+00:00,cell_002,107.09,10.39,4.02,0.49,27.28,False,False
2026-08-16 00:53:00+00:00,cell_002,99.2,9.81,3.66,0.5,36.57,False,False
2026-08-16 00:54:00+00:00,cell_002,102.09,8.6,3.38,0.13,23.66,False,False
2026-08-16 00:55:00+00:00,cell_002,98.68,10.38,3.74,0.6,26.48,False,False
2026-08-16 00:56:00+00:00,cell_002,103.64,9.59,3.45,0.51,31.88,False,False
2026-08-16 00:57:00+00:00,cell_002,104.08,9.35,3.86,0.43,29.21,False,False
2026-08-16 00:58:00+00:00,cell_002,104.81,10.02,3.25,0.33,28.36,False,False
2026-08-16 00:59:00+00:00,cell_002,103.12,10.95,3.12,0.55,30.86,False,False
2026-08-16 01:00:00+00:00,cell_002,99.99,10.65,3.08,0.27,28.25,False,False
2026-08-16 01:01:00+00:00,cell_002,104.94,10.59,3.34,0.51,19.82,False,False
2026-08-16 01:02:00+00:00,cell_002,103.6,10.89,2.83,0.31,19.57,False,False
2026-08-16 01:03:00+00:00,cell_002,103.56,10.63,3.4,0.32,40.4,False,False
2026-08-16 01:04:00+00:00,cell_002,100.77,11.12,3.2,0.26,37.24,False,False
2026-08-16 01:05:00+00:00,cell_002,104.62,11.31,3.31,0.64,34.01,False,False
2026-08-16 01:06:00+00:00,cell_002,105.91,11.12,3.6,0.58,31.78,False,False
2026-08-16 01:07:00+00:00,cell_002,100.9,9.53,3.61,0.64,30.0,False,False
2026-08-16 01:08:00+00:00,cell_002,99.36,11.05,2.94,0.54,32.97,False,False
2026-08-16 01:09:00+00:00,cell_002,105.65,9.78,3.74,0.5,26.46,False,False
2026-08-16 01:10:00+00:00,cell_002,98.01,9.27,3.23,0.81,28.44,False,False
2026-08-16 01:11:00+00:00,cell_002,100.38,9.6,2.8,0.4,35.04,False,False
2026-08-16 01:12:00+00:00,cell_002,101.1,9.33,2.78,0.81,34.54,False,False
2026-08-16 01:13:00+00:00,cell_002,100.82,11.09,3.74,0.75,30.68,False,False
2026-08-16 01:14:00+00:00,cell_002,105.58,10.49,3.55,0.7,27.81,False,False
2026-08-16 01:15:00+00:00,cell_002,106.84,11.31,3.76,0.65,36.29,False,False
2026-08-16 01:16:00+00:00,cell_002,106.38,11.31,4.09,0.85,26.56,False,False
2026-08-16 01:17:00+00:00,cell_002,100.55,10.11,3.33,0.53,31.81,False,False
2026-08-16 01:18:00+00:00,cell_002,107.83,10.92,3.84,0.38,39.93,False,False
2026-08-16 01:19:00+00:00,cell_002,99.5,8.83,3.22,0.38,32.09,False,False
2026-08-16 01:20:00+00:00,cell_002,104.08,9.37,3.27,0.27,30.13,False,False
2026-08-16 01:21:00+00:00,cell_002,103.89,8.78,3.71,0.72,24.4,False,False
2026-08-16 01:22:00+00:00,cell_002,107.87,9.33,3.04,0.68,32.67,False,False
2026-08-16 01:23:00+00:00,cell_002,104.83,9.46,2.92,0.61,25.4,False,False
2026-08-16 01:24:00+00:00,cell_002,108.38,9.72,3.05,0.25,22.72,False,False
2026-08-16 01:25:00+00:00,cell_002,100.69,9.78,3.16,0.68,28.78,False,False
2026-08-16 01:26:00+00:00,cell_002,105.86,9.53,3.11,0.39,28.4,False,False
2026-08-16 01:27:00+00:00,cell_002,106.7,9.16,3.23,0.28,27.2,False,False
2026-08-16 01:28:00+00:00,cell_002,104.91,11.22,3.73,0.9,30.42,False,False
2026-08-16 01:29:00+00:00,cell_002,100.79,10.09,3.57,0.34,31.34,False,False
2026-08-16 01:30:00+00:00,cell_002,102.44,10.79,3.32,0.48,33.08,False,False
2026-08-16 01:31:00+00:00,cell_002,105.13,9.51,3.6,0.23,33.76,False,False
2026-08-16 01:32:00+00:00,cell_002,105.54,9.2,3.95,0.49,36.35,False,False
2026-08-16 01:33:00+00:00,cell_002,100.35,11.28,3.59,0.61,28.98,False,False
2026-08-16 01:34:00+00:00,cell_002,99.8,11.42,3.74,0.73,32.67,False,False
2026-08-16 01:35:00+00:00,cell_002,107.01,10.51,3.37,0.32,21.22,False,False
2026-08-16 01:36:00+00:00,cell_002,106.15,10.16,3.67,0.53,31.35,False,False
2026-08-16 01:37:00+00:00,cell_002,107.02,11.86,3.72,0.29,29.38,False,False
2026-08-16 01:38:00+00:00,cell_002,108.66,11.36,2.8,0.42,23.44,False,False
2026-08-16 01:39:00+00:00,cell_002,103.62,10.03,4.18,0.6,28.39,False,False
2026-08-16 01:40:00+00:00,cell_002,98.48,9.29,3.32,0.17,29.03,False,False
2026-08-16 01:41:00+00:00,cell_002,107.48,11.71,3.29,0.62,32.76,False,False
2026-08-16 01:42:00+00:00,cell_002,102.69,7.82,3.43,0.16,30.49,False,False
2026-08-16 01:43:00+00:00,cell_002,108.26,10.17,4.02,0.5,29.35,False,False
2026-08-16 01:44:00+00:00,cell_002,100.59,9.82,2.92,0.43,26.15,False,False
2026-08-16 01:45:00+00:00,cell_002,105.97,9.59,3.68,0.37,36.09,False,False
2026-08-16 01:46:00+00:00,cell_002,99.9,9.47,3.37,0.41,43.15,False,False
2026-08-16 01:47:00+00:00,cell_002,107.5,10.17,3.65,0.69,30.34,False,False
2026-08-16 01:48:00+00:00,cell_002,98.38,11.35,3.27,0.27,30.4,False,False
2026-08-16 01:49:00+00:00,cell_002,103.2,9.45,3.42,0.35,33.13,False,False
2026-08-16 01:50:00+00:00,cell_002,102.64,11.82,3.26,0.9,24.21,False,False
2026-08-16 01:51:00+00:00,cell_002,101.01,9.97,3.51,0.64,25.72,False,False
2026-08-16 01:52:00+00:00,cell_002,102.89,8.97,3.24,0.53,33.48,False,False
2026-08-16 01:53:00+00:00,cell_002,100.68,9.49,3.5,0.67,35.2,False,False
2026-08-16 01:54:00+00:00,cell_002,102.0,9.75,3.6,0.46,30.42,False,False
2026-08-16 01:55:00+00:00,cell_002,103.3,9.79,4.12,0.49,32.08,False,False
2026-08-16 01:56:00+00:00,cell_002,100.28,9.2,3.53,0.28,29.03,False,False
2026-08-16 01:57:00+00:00,cell_002,102.51,10.92,3.32,0.62,33.66,False,False
2026-08-16 01:58:00+00:00,cell_002,104.95,10.91,3.27,0.33,28.97,False,False
2026-08-16 01:59:00+00:00,cell_002,100.1,10.13,3.21,0.77,29.87,False,False
2026-08-16 02:00:00+00:00,cell_002,103.03,9.17,3.32,0.33,45.07,False,False
2026-08-16 02:01:00+00:00,cell_002,99.47,9.66,3.26,0.5,32.29,False,False
2026-08-16 02:02:00+00:00,cell_002,107.6,10.33,3.85,0.23,29.24,False,False
2026-08-16 02:03:00+00:00,cell_002,103.92,9.0,3.48,0.29,34.58,False,False
2026-08-16 02:04:00+00:00,cell_002,98.67,9.02,3.4,0.33,25.05,False,False
2026-08-16 02:05:00+00:00,cell_002,108.16,10.01,3.53,0.74,25.08,False,False
2026-08-16 02:06:00+00:00,cell_002,103.7,8.78,3.81,0.6,27.06,False,False
2026-08-16 02:07:00+00:00,cell_002,99.97,11.0,3.22,0.62,39.99,False,False
2026-08-16 02:08:00+00:00,cell_002,109.91,10.47,3.44,0.76,29.87,False,False
2026-08-16 02:09:00+00:00,cell_002,102.08,11.66,4.02,0.49,32.78,False,False
2026-08-16 02:10:00+00:00,cell_002,97.69,9.08,3.12,0.12,30.05,False,False
2026-08-16 02:11:00+00:00,cell_002,106.21,9.64,3.24,0.51,36.99,False,False
2026-08-16 02:12:00+00:00,cell_002,103.37,11.11,3.69,0.6,29.0,False,False
2026-08-16 02:13:00+00:00,cell_002,106.53,11.11,3.34,0.43,26.93,False,False
2026-08-16 02:14:00+00:00,cell_002,102.8,8.75,3.35,0.75,34.05,False,False
2026-08-16 02:15:00+00:00,cell_002,100.28,11.87,3.56,0.37,28.43,False,False
2026-08-16 02:16:00+00:00,cell_002,98.77,9.56,3.22,0.14,30.57,False,False
2026-08-16 02:17:00+00:00,cell_002,100.0,11.75,3.67,0.57,31.52,False,False
2026-08-16 02:18:00+00:00,cell_002,100.21,10.12,4.16,0.54,32.92,False,False
2026-08-16 02:19:00+00:00,cell_002,97.43,11.24,3.08,0.24,32.76,False,False
2026-08-16 02:20:00+00:00,cell_002,99.94,8.26,3.18,0.4,22.58,False,False
2026-08-16 02:21:00+00:00,cell_002,101.67,14.36,4.09,0.54,25.97,False,False
2026-08-16 02:22:00+00:00,cell_002,101.29,10.37,3.31,0.1,27.44,False,False
2026-08-16 02:23:00+00:00,cell_002,92.52,11.7,3.45,0.45,34.78,False,False
2026-08-16 02:24:00+00:00,cell_002,98.79,10.47,3.07,0.47,35.62,False,False
2026-08-16 02:25:00+00:00,cell_002,101.59,10.77,3.97,0.74,32.38,False,False
2026-08-16 02:26:00+00:00,cell_002,100.02,11.41,3.74,0.89,25.38,False,False
2026-08-16 02:27:00+00:00,cell_002,103.58,12.16,3.59,0.45,35.09,False,False
2026-08-16 02:28:00+00:00,cell_002,100.24,10.41,3.51,0.17,38.4,False,False
2026-08-16 02:29:00+00:00,cell_002,101.62,12.01,3.34,0.75,36.17,False,False
2026-08-16 02:30:00+00:00,cell_002,103.08,10.44,3.45,0.27,37.61,False,False
2026-08-16 02:31:00+00:00,cell_002,104.8,11.03,3.69,0.67,27.02,False,False
2026-08-16 02:32:00+00:00,cell_002,102.04,10.65,3.2,0.56,31.08,False,False
2026-08-16 02:33:00+00:00,cell_002,96.6,10.63,3.99,0.62,41.4,False,False
2026-08-16 02:34:00+00:00,cell_002,105.94,10.22,3.97,0.61,29.06,False,False
2026-08-16 02:35:00+00:00,cell_002,104.75,10.12,3.78,0.44,33.39,False,False
2026-08-16 02:36:00+00:00,cell_002,98.65,10.28,3.67,0.68,25.13,False,False
2026-08-16 02:37:00+00:00,cell_002,102.48,11.42,3.8,0.43,29.61,False,False
2026-08-16 02:38:00+00:00,cell_002,98.86,11.65,4.09,0.87,26.87,False,False
2026-08-16 02:39:00+00:00,cell_002,100.06,8.47,3.34,0.62,27.99,False,False
2026-08-16 02:40:00+00:00,cell_002,103.71,10.05,3.83,0.48,35.1,False,False
2026-08-16 02:41:00+00:00,cell_002,102.14,8.73,3.11,0.34,36.9,False,False
2026-08-16 02:42:00+00:00,cell_002,102.5,10.66,3.62,0.68,38.3,False,False
2026-08-16 02:43:00+00:00,cell_002,102.79,9.18,3.63,0.39,31.37,False,False
2026-08-16 02:44:00+00:00,cell_002,105.66,9.24,3.74,0.26,32.65,False,False
2026-08-16 02:45:00+00:00,cell_002,103.41,10.16,3.17,0.53,32.6,False,False
2026-08-16 02:46:00+00:00,cell_002,101.45,8.96,3.47,0.15,40.44,False,False
2026-08-16 02:47:00+00:00,cell_002,100.33,11.05,3.68,0.58,40.1,False,False
2026-08-16 02:48:00+00:00,cell_002,100.81,10.69,3.69,0.39,36.58,False,False
2026-08-16 02:49:00+00:00,cell_002,100.27,9.77,3.56,0.84,34.3,False,False
2026-08-16 02:50:00+00:00,cell_002,101.48,10.97,3.65,0.46,34.15,False,False
2026-08-16 02:51:00+00:00,cell_002,97.24,10.08,3.59,0.6,34.62,False,False
2026-08-16 02:52:00+00:00,cell_002,101.21,10.6,3.34,0.74,28.47,False,False
2026-08-16 02:53:00+00:00,cell_002,104.84,13.13,3.51,0.46,34.68,False,False
2026-08-16 02:54:00+00:00,cell_002,101.16,10.27,3.15,0.64,25.73,False,False
2026-08-16 02:55:00+00:00,cell_002,100.86,10.63,3.49,0.82,33.51,False,False
2026-08-16 02:56:00+00:00,cell_002,95.84,11.28,3.45,0.41,32.86,False,False
2026-08-16 02:57:00+00:00,cell_002,96.72,13.42,3.3,0.54,30.64,False,False
2026-08-16 02:58:00+00:00,cell_002,97.01,9.92,3.54,0.73,33.38,False,False
2026-08-16 02:59:00+00:00,cell_002,99.8,10.16,3.45,0.46,43.23,False,False
2026-08-16 03:00:00+00:00,cell_002,99.61,11.11,3.9,0.45,30.69,False,False
2026-08-16 03:01:00+00:00,cell_002,99.24,10.1,3.94,0.26,36.21,False,False
2026-08-16 03:02:00+00:00,cell_002,100.87,10.82,2.88,0.16,38.03,False,False
2026-08-16 03:03:00+00:00,cell_002,104.14,12.53,3.49,0.36,25.11,False,False
2026-08-16 03:04:00+00:00,cell_002,102.54,10.33,3.55,0.13,38.89,False,False
2026-08-16 03:05:00+00:00,cell_002,105.54,10.13,3.61,0.67,31.62,False,False
2026-08-16 03:06:00+00:00,cell_002,95.7,12.39,3.54,0.31,30.69,False,False
2026-08-16 03:07:00+00:00,cell_002,101.18,10.12,3.4,0.85,37.02,False,False
2026-08-16 03:08:00+00:00,cell_002,99.62,10.91,3.85,1.0,37.28,False,False
2026-08-16 03:09:00+00:00,cell_002,102.3,8.7,3.76,0.47,41.31,False,False
2026-08-16 03:10:00+00:00,cell_002,98.21,11.27,4.0,0.55,30.56,False,False
2026-08-16 03:11:00+00:00,cell_002,100.7,10.87,3.43,0.54,30.31,False,False
2026-08-16 03:12:00+00:00,cell_002,98.86,9.14,3.21,0.32,33.11,False,False
2026-08-16 03:13:00+00:00,cell_002,101.5,10.59,3.93,0.11,39.8,False,False
2026-08-16 03:14:00+00:00,cell_002,103.91,11.59,3.68,0.25,34.38,False,False
2026-08-16 03:15:00+00:00,cell_002,94.09,10.09,3.42,0.02,23.44,False,False
2026-08-16 03:16:00+00:00,cell_002,98.88,10.13,3.43,0.28,34.79,False,False
2026-08-16 03:17:00+00:00,cell_002,105.19,11.82,3.19,0.81,34.6,False,False
2026-08-16 03:18:00+00:00,cell_002,102.96,10.59,3.56,0.41,31.81,False,False
2026-08-16 03:19:00+00:00,cell_002,101.65,11.35,3.52,0.52,38.73,False,False
2026-08-16 03:20:00+00:00,cell_002,97.32,11.91,3.07,0.82,37.52,False,False
2026-08-16 03:21:00+00:00,cell_002,97.62,9.83,3.19,0.37,37.62,False,False
2026-08-16 03:22:00+00:00,cell_002,100.21,9.88,3.56,0.45,33.84,False,False
2026-08-16 03:23:00+00:00,cell_002,99.38,11.05,3.83,0.41,33.19,False,False
2026-08-16 03:24:00+00:00,cell_002,96.23,9.89,3.07,0.84,30.98,False,False
2026-08-16 03:25:00+00:00,cell_002,98.22,10.69,3.45,0.58,38.54,False,False
2026-08-16 03:26:00+00:00,cell_002,106.83,11.06,3.78,0.62,41.78,False,False
2026-08-16 03:27:00+00:00,cell_002,100.79,11.47,4.16,0.65,39.36,False,False
2026-08-16 03:28:00+00:00,cell_002,94.87,10.4,3.64,0.48,35.37,False,False
2026-08-16 03:29:00+00:00,cell_002,104.51,12.5,3.55,0.43,36.46,False,False
2026-08-16 03:30:00+00:00,cell_002,97.61,13.34,3.86,0.57,35.67,False,False
2026-08-16 03:31:00+00:00,cell_002,104.87,9.92,3.55,0.45,39.03,False,False
2026-08-16 03:32:00+00:00,cell_002,102.14,13.43,3.18,0.51,38.22,False,False
2026-08-16 03:33:00+00:00,cell_002,90.47,10.18,3.57,0.67,40.52,False,False
2026-08-16 03:34:00+00:00,cell_002,92.94,9.28,3.91,0.53,42.93,False,False
2026-08-16 03:35:00+00:00,cell_002,99.07,10.86,3.95,0.61,36.84,False,False
2026-08-16 03:36:00+00:00,cell_002,100.46,11.26,3.42,0.67,34.48,False,False
2026-08-16 03:37:00+00:00,cell_002,100.87,10.23,3.0,0.17,26.56,False,False
2026-08-16 03:38:00+00:00,cell_002,102.01,10.54,3.59,0.19,41.83,False,False
2026-08-16 03:39:00+00:00,cell_002,98.39,11.53,3.78,0.29,33.04,False,False
2026-08-16 03:40:00+00:00,cell_002,94.44,9.08,3.99,0.12,37.52,False,False
2026-08-16 03:41:00+00:00,cell_002,97.66,10.69,4.21,0.3,37.2,False,False
2026-08-16 03:42:00+00:00,cell_002,92.98,9.6,4.2,0.85,25.0,False,False
2026-08-16 03:43:00+00:00,cell_002,97.65,10.33,3.7,0.59,43.25,False,False
2026-08-16 03:44:00+00:00,cell_002,102.28,12.44,3.79,0.64,43.83,False,False
2026-08-16 03:45:00+00:00,cell_002,103.13,11.14,3.3,0.56,39.57,False,False
2026-08-16 03:46:00+00:00,cell_002,97.09,13.21,4.04,0.56,32.56,False,False
2026-08-16 03:47:00+00:00,cell_002,99.7,10.32,4.09,0.63,38.29,False,False
2026-08-16 03:48:00+00:00,cell_002,94.26,12.09,3.14,0.58,41.57,False,False
2026-08-16 03:49:00+00:00,cell_002,101.19,11.78,3.83,0.66,36.29,False,False
2026-08-16 03:50:00+00:00,cell_002,96.0,9.17,3.8,0.23,47.44,False,False
2026-08-16 03:51:00+00:00,cell_002,97.02,10.28,4.13,0.66,39.6,False,False
2026-08-16 03:52:00+00:00,cell_002,100.18,12.31,3.79,0.74,46.32,False,False
2026-08-16 03:53:00+00:00,cell_002,96.84,11.34,3.79,0.25,35.0,False,False
2026-08-16 03:54:00+00:00,cell_002,99.5,10.11,3.88,0.45,45.22,False,False
2026-08-16 03:55:00+00:00,cell_002,96.94,9.25,3.58,0.49,43.02,False,False
2026-08-16 03:56:00+00:00,cell_002,99.22,9.01,3.41,0.48,36.6,False,False
2026-08-16 03:57:00+00:00,cell_002,97.88,11.8,3.66,0.52,40.34,False,False
2026-08-16 03:58:00+00:00,cell_002,101.25,9.77,3.59,0.75,43.53,False,False
2026-08-16 03:59:00+00:00,cell_002,95.49,12.59,3.74,0.78,34.22,False,False
2026-08-16 04:00:00+00:00,cell_002,99.99,11.95,4.61,0.46,30.47,False,False
2026-08-16 04:01:00+00:00,cell_002,97.58,8.32,3.93,0.1,33.41,False,False
2026-08-16 04:02:00+00:00,cell_002,98.88,11.42,3.52,0.28,38.37,False,False
2026-08-16 04:03:00+00:00,cell_002,95.4,10.26,3.56,0.82,39.42,False,False
2026-08-16 04:04:00+00:00,cell_002,102.15,10.84,4.16,0.29,38.68,False,False
2026-08-16 04:05:00+00:00,cell_002,98.95,11.07,3.74,0.25,34.46,False,False
2026-08-16 04:06:00+00:00,cell_002,93.57,10.75,4.05,0.5,46.1,False,False
2026-08-16 04:07:00+00:00,cell_002,100.02,11.33,3.42,0.48,44.6,False,False
2026-08-16 04:08:00+00:00,cell_002,103.1,9.77,3.69,0.21,44.01,False,False
2026-08-16 04:09:00+00:00,cell_002,94.29,11.87,3.68,0.58,40.48,False,False
2026-08-16 04:10:00+00:00,cell_002,94.24,9.42,4.06,0.39,48.63,False,False
2026-08-16 04:11:00+00:00,cell_002,101.38,10.71,3.84,0.7,43.63,False,False
2026-08-16 04:12:00+00:00,cell_002,95.03,10.72,3.91,0.32,35.24,False,False
2026-08-16 04:13:00+00:00,cell_002,99.82,12.56,3.99,0.59,45.53,False,False
2026-08-16 04:14:00+00:00,cell_002,97.59,9.94,3.76,0.29,38.16,False,False
2026-08-16 04:15:00+00:00,cell_002,95.44,11.39,3.97,0.7,33.36,False,False
2026-08-16 04:16:00+00:00,cell_002,96.9,11.8,3.77,0.31,50.17,False,False
2026-08-16 04:17:00+00:00,cell_002,100.03,11.84,4.24,0.44,40.13,False,False
2026-08-16 04:18:00+00:00,cell_002,97.93,10.8,3.6,0.51,36.46,False,False
2026-08-16 04:19:00+00:00,cell_002,93.65,11.67,3.6,0.75,43.8,False,False
2026-08-16 04:20:00+00:00,cell_002,95.39,12.52,3.71,0.37,44.68,False,False
2026-08-16 04:21:00+00:00,cell_002,99.36,10.33,3.51,0.51,40.3,False,False
2026-08-16 04:22:00+00:00,cell_002,101.68,10.76,3.43,0.42,34.49,False,False
2026-08-16 04:23:00+00:00,cell_002,98.5,11.19,3.76,0.35,39.25,False,False
2026-08-16 04:24:00+00:00,cell_002,103.45,10.3,4.32,0.5,45.9,False,False
2026-08-16 04:25:00+00:00,cell_002,95.51,12.74,3.93,0.34,48.78,False,False
2026-08-16 04:26:00+00:00,cell_002,98.29,10.9,3.89,0.49,56.83,False,False
2026-08-16 04:27:00+00:00,cell_002,96.98,10.94,3.74,0.58,33.94,False,False
2026-08-16 04:28:00+00:00,cell_002,101.68,10.16,4.24,0.68,43.64,False,False
2026-08-16 04:29:00+00:00,cell_002,96.07,11.64,3.46,0.76,40.76,False,False
2026-08-16 04:30:00+00:00,cell_002,99.28,11.92,3.49,0.84,44.08,False,False
2026-08-16 04:31:00+00:00,cell_002,95.54,9.98,3.83,0.53,35.66,False,False
2026-08-16 04:32:00+00:00,cell_002,93.64,11.84,3.98,0.55,46.38,False,False
2026-08-16 04:33:00+00:00,cell_002,100.93,12.04,3.56,0.43,42.79,False,False
2026-08-16 04:34:00+00:00,cell_002,95.2,11.52,3.71,0.65,46.51,False,False
2026-08-16 04:35:00+00:00,cell_002,96.07,10.32,3.86,0.56,30.0,False,False
2026-08-16 04:36:00+00:00,cell_002,92.74,10.92,4.33,0.83,47.43,False,False
2026-08-16 04:37:00+00:00,cell_002,98.24,9.64,3.37,0.62,36.23,False,False
2026-08-16 04:38:00+00:00,cell_002,91.5,9.86,4.04,0.41,45.56,False,False
2026-08-16 04:39:00+00:00,cell_002,91.54,12.08,4.15,0.67,54.83,False,False
2026-08-16 04:40:00+00:00,cell_002,98.71,12.7,4.45,0.42,36.55,False,False
2026-08-16 04:41:00+00:00,cell_002,95.29,10.92,3.48,0.35,43.94,False,False
2026-08-16 04:42:00+00:00,cell_002,93.94,11.86,3.55,0.54,43.86,False,False
2026-08-16 04:43:00+00:00,cell_002,91.56,10.7,3.66,0.12,45.28,False,False
2026-08-16 04:44:00+00:00,cell_002,96.53,11.21,3.48,0.67,38.22,False,False
2026-08-16 04:45:00+00:00,cell_002,97.48,11.73,4.24,0.5,44.17,False,False
2026-08-16 04:46:00+00:00,cell_002,96.08,11.83,4.02,0.61,47.91,False,False
2026-08-16 04:47:00+00:00,cell_002,89.42,10.89,3.93,0.86,47.71,False,False
2026-08-16 04:48:00+00:00,cell_002,98.06,12.16,4.05,0.76,41.1,False,False
2026-08-16 04:49:00+00:00,cell_002,95.57,10.15,4.26,0.53,39.01,False,False
2026-08-16 04:50:00+00:00,cell_002,93.06,12.84,3.16,0.51,46.81,False,False
2026-08-16 04:51:00+00:00,cell_002,94.76,10.49,4.05,0.82,47.22,False,False
2026-08-16 04:52:00+00:00,cell_002,91.08,11.94,4.03,0.33,52.01,False,False
2026-08-16 04:53:00+00:00,cell_002,96.1,9.86,4.11,0.57,50.4,False,False
2026-08-16 04:54:00+00:00,cell_002,93.52,10.2,3.47,0.89,55.15,False,False
2026-08-16 04:55:00+00:00,cell_002,96.63,9.71,3.9,0.59,44.85,False,False
2026-08-16 04:56:00+00:00,cell_002,95.38,10.09,3.64,0.67,45.85,False,False
2026-08-16 04:57:00+00:00,cell_002,94.85,12.6,4.33,0.61,45.85,False,False
2026-08-16 04:58:00+00:00,cell_002,95.63,11.09,3.98,0.5,42.59,False,False
2026-08-16 04:59:00+00:00,cell_002,96.36,12.05,3.89,0.43,52.47,False,False
2026-08-16 05:00:00+00:00,cell_002,90.11,12.02,4.05,0.45,52.2,False,False
2026-08-16 05:01:00+00:00,cell_002,96.71,12.1,3.59,0.46,46.79,False,False
2026-08-16 05:02:00+00:00,cell_002,88.28,12.66,4.36,0.51,53.64,False,False
2026-08-16 05:03:00+00:00,cell_002,93.11,11.25,4.37,0.74,45.36,False,False
2026-08-16 05:04:00+00:00,cell_002,97.64,11.07,3.57,0.59,44.01,False,False
2026-08-16 05:05:00+00:00,cell_002,94.03,10.02,4.33,0.31,55.63,False,False
2026-08-16 05:06:00+00:00,cell_002,92.55,11.59,4.48,0.7,51.05,False,False
2026-08-16 05:07:00+00:00,cell_002,91.81,11.46,3.76,0.47,53.75,False,False
2026-08-16 05:08:00+00:00,cell_002,89.81,10.49,3.71,0.41,49.47,False,False
2026-08-16 05:09:00+00:00,cell_002,98.41,10.85,3.71,0.38,49.52,False,False
2026-08-16 05:10:00+00:00,cell_002,88.52,10.73,4.23,0.37,53.09,False,False
2026-08-16 05:11:00+00:00,cell_002,89.38,10.27,4.54,0.63,47.21,False,False
2026-08-16 05:12:00+00:00,cell_002,87.75,13.09,3.84,1.03,50.87,False,False
2026-08-16 05:13:00+00:00,cell_002,97.56,12.17,4.16,0.54,58.84,False,False
2026-08-16 05:14:00+00:00,cell_002,91.93,13.12,4.19,0.35,51.4,False,False
2026-08-16 05:15:00+00:00,cell_002,94.62,12.49,3.84,0.51,41.27,False,False
2026-08-16 05:16:00+00:00,cell_002,94.4,12.72,3.85,0.27,48.59,False,False
2026-08-16 05:17:00+00:00,cell_002,94.14,9.86,4.02,0.37,48.03,False,False
2026-08-16 05:18:00+00:00,cell_002,92.82,10.95,4.07,0.81,49.05,False,False
2026-08-16 05:19:00+00:00,cell_002,92.91,12.79,3.8,0.56,48.35,False,False
2026-08-16 05:20:00+00:00,cell_002,96.09,12.49,3.94,0.79,52.92,False,False
2026-08-16 05:21:00+00:00,cell_002,92.25,12.53,4.14,0.63,45.72,False,False
2026-08-16 05:22:00+00:00,cell_002,90.14,10.71,4.08,0.35,50.17,False,False
2026-08-16 05:23:00+00:00,cell_002,95.8,12.26,4.72,0.3,51.47,False,False
2026-08-16 05:24:00+00:00,cell_002,93.42,10.42,3.79,0.78,63.61,False,False
2026-08-16 05:25:00+00:00,cell_002,85.28,11.55,4.55,0.43,52.16,False,False
2026-08-16 05:26:00+00:00,cell_002,90.4,12.21,4.21,0.43,45.54,False,False
2026-08-16 05:27:00+00:00,cell_002,91.08,10.69,4.03,0.39,44.84,False,False
2026-08-16 05:28:00+00:00,cell_002,95.99,11.82,4.87,0.67,55.58,False,False
2026-08-16 05:29:00+00:00,cell_002,91.72,11.44,4.17,0.6,60.01,False,False
2026-08-16 05:30:00+00:00,cell_002,89.29,11.47,3.72,0.54,44.48,False,False
2026-08-16 05:31:00+00:00,cell_002,88.17,11.35,4.15,0.73,54.76,False,False
2026-08-16 05:32:00+00:00,cell_002,91.39,10.72,4.47,0.38,46.61,False,False
2026-08-16 05:33:00+00:00,cell_002,94.18,10.9,4.25,0.53,51.61,False,False
2026-08-16 05:34:00+00:00,cell_002,96.43,12.05,4.3,0.58,58.61,False,False
2026-08-16 05:35:00+00:00,cell_002,87.01,10.5,4.01,0.65,51.6,False,False
2026-08-16 05:36:00+00:00,cell_002,91.6,11.25,4.08,0.73,49.92,False,False
2026-08-16 05:37:00+00:00,cell_002,89.68,12.09,3.87,0.25,66.9,False,False
2026-08-16 05:38:00+00:00,cell_002,90.51,11.84,3.87,0.67,62.41,False,False
2026-08-16 05:39:00+00:00,cell_002,88.52,11.07,4.25,0.5,52.79,False,False
2026-08-16 05:40:00+00:00,cell_002,86.3,12.31,4.37,0.48,53.87,False,False
2026-08-16 05:41:00+00:00,cell_002,91.72,12.38,3.93,0.36,51.19,False,False
2026-08-16 05:42:00+00:00,cell_002,89.38,12.62,3.99,0.31,55.65,False,False
2026-08-16 05:43:00+00:00,cell_002,92.82,11.7,4.58,0.59,46.54,False,False
2026-08-16 05:44:00+00:00,cell_002,90.69,13.08,3.84,0.46,57.66,False,False
2026-08-16 05:45:00+00:00,cell_002,95.19,11.46,3.92,0.51,42.58,False,False
2026-08-16 05:46:00+00:00,cell_002,94.03,10.57,3.64,0.47,58.54,False,False
2026-08-16 05:47:00+00:00,cell_002,96.22,10.76,3.98,0.4,55.62,False,False
2026-08-16 05:48:00+00:00,cell_002,87.38,12.03,4.13,0.19,47.86,False,False
2026-08-16 05:49:00+00:00,cell_002,93.83,10.8,4.42,0.54,60.66,False,False
2026-08-16 05:50:00+00:00,cell_002,90.27,12.86,4.11,0.52,51.67,False,False
2026-08-16 05:51:00+00:00,cell_002,91.56,12.86,4.37,0.66,60.42,False,False
2026-08-16 05:52:00+00:00,cell_002,89.79,13.44,3.83,0.39,44.84,False,False
2026-08-16 05:53:00+00:00,cell_002,90.18,12.47,3.86,0.77,48.69,False,False
2026-08-16 05:54:00+00:00,cell_002,88.47,10.34,3.73,1.11,50.41,False,False
2026-08-16 05:55:00+00:00,cell_002,93.36,11.89,4.38,0.67,54.82,False,False
2026-08-16 05:56:00+00:00,cell_002,87.06,11.87,4.02,0.24,56.58,False,False
2026-08-16 05:57:00+00:00,cell_002,89.43,12.45,4.84,0.46,56.79,False,False
2026-08-16 05:58:00+00:00,cell_002,91.37,11.92,4.81,0.21,47.95,False,False
2026-08-16 05:59:00+00:00,cell_002,88.18,13.05,4.4,0.19,51.05,False,False
2026-08-16 06:00:00+00:00,cell_002,92.1,11.76,3.68,0.69,52.39,False,False
2026-08-16 06:01:00+00:00,cell_002,88.01,12.22,4.17,0.59,47.46,False,False
2026-08-16 06:02:00+00:00,cell_002,88.4,12.24,4.25,0.74,54.87,False,False
2026-08-16 06:03:00+00:00,cell_002,92.62,12.15,4.26,1.04,50.02,False,False
2026-08-16 06:04:00+00:00,cell_002,87.36,12.1,3.57,0.43,53.83,False,False
2026-08-16 06:05:00+00:00,cell_002,91.84,11.74,3.92,0.69,56.11,False,False
2026-08-16 06:06:00+00:00,cell_002,90.68,12.15,3.89,0.47,57.94,False,False
2026-08-16 06:07:00+00:00,cell_002,94.65,11.52,4.18,0.57,55.19,False,False
2026-08-16 06:08:00+00:00,cell_002,86.84,11.45,4.34,1.02,56.31,False,False
2026-08-16 06:09:00+00:00,cell_002,87.5,11.33,4.37,0.46,57.12,False,False
2026-08-16 06:10:00+00:00,cell_002,89.16,12.05,4.03,0.61,58.45,False,False
2026-08-16 06:11:00+00:00,cell_002,87.36,11.51,4.3,0.97,40.21,False,False
2026-08-16 06:12:00+00:00,cell_002,89.49,10.54,4.3,0.62,54.4,False,False
2026-08-16 06:13:00+00:00,cell_002,88.57,13.61,4.09,0.58,61.19,False,False
2026-08-16 06:14:00+00:00,cell_002,84.41,11.74,4.43,0.7,48.86,False,False
2026-08-16 06:15:00+00:00,cell_002,85.6,11.57,4.62,0.97,63.65,False,False
2026-08-16 06:16:00+00:00,cell_002,92.99,11.53,3.99,0.71,58.84,False,False
2026-08-16 06:17:00+00:00,cell_002,86.49,11.53,4.05,0.75,59.66,False,False
2026-08-16 06:18:00+00:00,cell_002,88.93,11.57,4.26,0.61,61.53,False,False
2026-08-16 06:19:00+00:00,cell_002,85.7,11.67,4.59,0.5,60.97,False,False
2026-08-16 06:20:00+00:00,cell_002,85.23,13.05,4.15,0.68,63.53,False,False
2026-08-16 06:21:00+00:00,cell_002,90.64,11.95,4.77,0.41,62.41,False,False
2026-08-16 06:22:00+00:00,cell_002,88.1,13.33,4.71,0.55,55.6,False,False
2026-08-16 06:23:00+00:00,cell_002,84.45,13.3,3.81,0.54,56.46,False,False
2026-08-16 06:24:00+00:00,cell_002,87.76,10.24,4.4,0.86,65.88,False,False
2026-08-16 06:25:00+00:00,cell_002,88.26,12.8,4.32,0.49,63.51,False,False
2026-08-16 06:26:00+00:00,cell_002,92.09,11.33,4.07,0.83,65.13,False,False
2026-08-16 06:27:00+00:00,cell_002,80.8,13.46,4.29,0.6,56.88,False,False
2026-08-16 06:28:00+00:00,cell_002,90.09,11.84,4.5,0.6,56.24,False,False
2026-08-16 06:29:00+00:00,cell_002,85.58,11.87,4.24,0.87,62.26,False,False
2026-08-16 06:30:00+00:00,cell_002,92.51,12.31,4.69,0.49,61.65,False,False
2026-08-16 06:31:00+00:00,cell_002,91.49,12.96,4.04,0.73,64.91,False,False
2026-08-16 06:32:00+00:00,cell_002,91.94,11.05,4.35,0.45,64.34,False,False
2026-08-16 06:33:00+00:00,cell_002,85.16,12.59,4.34,1.01,59.77,False,False
2026-08-16 06:34:00+00:00,cell_002,82.51,13.62,4.06,0.52,71.29,False,False
2026-08-16 06:35:00+00:00,cell_002,86.26,12.61,3.9,0.86,62.79,False,False
2026-08-16 06:36:00+00:00,cell_002,83.51,12.49,4.46,0.47,63.01,False,False
2026-08-16 06:37:00+00:00,cell_002,85.87,11.5,4.17,0.78,48.84,False,False
2026-08-16 06:38:00+00:00,cell_002,82.04,12.58,3.91,0.91,59.79,False,False
2026-08-16 06:39:00+00:00,cell_002,84.67,13.06,4.36,0.71,51.96,False,False
2026-08-16 06:40:00+00:00,cell_002,90.06,12.61,4.24,0.72,52.67,False,False
2026-08-16 06:41:00+00:00,cell_002,86.44,12.66,4.39,0.43,64.15,False,False
2026-08-16 06:42:00+00:00,cell_002,82.44,13.16,4.69,0.33,62.91,False,False
2026-08-16 06:43:00+00:00,cell_002,87.29,12.67,4.31,0.66,66.64,False,False
2026-08-16 06:44:00+00:00,cell_002,83.53,11.84,4.79,0.9,68.08,False,False
2026-08-16 06:45:00+00:00,cell_002,88.9,12.84,4.5,0.5,63.84,False,False
2026-08-16 06:46:00+00:00,cell_002,88.18,11.68,4.49,0.53,67.17,False,False
2026-08-16 06:47:00+00:00,cell_002,87.16,12.75,3.81,0.71,62.94,False,False
2026-08-16 06:48:00+00:00,cell_002,90.33,11.82,4.27,0.45,70.63,False,False
2026-08-16 06:49:00+00:00,cell_002,84.42,15.05,4.57,0.69,64.28,False,False
2026-08-16 06:50:00+00:00,cell_002,90.85,13.97,4.42,0.72,68.41,False,False
2026-08-16 06:51:00+00:00,cell_002,86.32,13.48,4.09,0.54,67.57,False,False
2026-08-16 06:52:00+00:00,cell_002,87.15,12.95,4.25,0.3,63.09,False,False
2026-08-16 06:53:00+00:00,cell_002,78.18,12.61,4.81,0.73,67.59,False,False
2026-08-16 06:54:00+00:00,cell_002,84.15,11.0,4.47,0.6,63.87,False,False
2026-08-16 06:55:00+00:00,cell_002,83.73,13.03,4.61,0.57,69.15,False,False
2026-08-16 06:56:00+00:00,cell_002,81.01,11.66,4.75,0.71,64.8,False,False
2026-08-16 06:57:00+00:00,cell_002,81.51,12.14,4.55,0.67,59.08,False,False
2026-08-16 06:58:00+00:00,cell_002,87.87,11.52,4.55,0.4,65.21,False,False
2026-08-16 06:59:00+00:00,cell_002,86.1,10.48,4.28,0.61,65.56,False,False
2026-08-16 07:00:00+00:00,cell_002,86.16,11.8,4.79,0.55,68.14,False,False
2026-08-16 07:01:00+00:00,cell_002,90.28,12.76,4.3,0.95,66.6,False,False
2026-08-16 07:02:00+00:00,cell_002,85.45,10.06,4.69,0.59,66.64,False,False
2026-08-16 07:03:00+00:00,cell_002,88.01,12.73,4.77,0.88,77.25,False,False
2026-08-16 07:04:00+00:00,cell_002,84.66,14.59,4.69,0.97,66.15,False,False
2026-08-16 07:05:00+00:00,cell_002,81.83,12.25,4.58,0.69,52.08,False,False
2026-08-16 07:06:00+00:00,cell_002,83.61,13.56,4.14,0.3,64.05,False,False
2026-08-16 07:07:00+00:00,cell_002,85.54,11.95,4.94,0.83,66.19,False,False
2026-08-16 07:08:00+00:00,cell_002,78.69,15.5,4.69,0.27,69.42,False,False
2026-08-16 07:09:00+00:00,cell_002,84.08,13.1,4.16,0.67,68.13,False,False
2026-08-16 07:10:00+00:00,cell_002,84.71,12.69,4.43,0.76,67.3,False,False
2026-08-16 07:11:00+00:00,cell_002,80.99,11.86,4.52,0.52,67.65,False,False
2026-08-16 07:12:00+00:00,cell_002,79.04,12.57,4.77,0.93,62.13,False,False
2026-08-16 07:13:00+00:00,cell_002,84.59,12.61,3.99,1.03,63.09,False,False
2026-08-16 07:14:00+00:00,cell_002,83.22,12.5,4.57,0.8,75.31,False,False
2026-08-16 07:15:00+00:00,cell_002,86.38,11.37,4.58,0.22,65.94,False,False
2026-08-16 07:16:00+00:00,cell_002,83.21,12.01,4.27,0.65,69.75,False,False
2026-08-16 07:17:00+00:00,cell_002,76.09,13.69,4.75,0.35,70.8,False,False
2026-08-16 07:18:00+00:00,cell_002,82.6,12.06,4.55,0.72,68.7,False,False
2026-08-16 07:19:00+00:00,cell_002,84.76,14.61,4.74,0.78,68.68,False,False
2026-08-16 07:20:00+00:00,cell_002,78.39,14.58,4.31,0.73,67.94,False,False
2026-08-16 07:21:00+00:00,cell_002,77.46,11.79,4.7,0.26,59.82,False,False
2026-08-16 07:22:00+00:00,cell_002,84.21,11.8,4.75,0.48,72.63,False,False
2026-08-16 07:23:00+00:00,cell_002,85.44,10.73,4.39,0.58,67.37,False,False
2026-08-16 07:24:00+00:00,cell_002,81.28,15.46,4.41,0.62,68.93,False,False
2026-08-16 07:25:00+00:00,cell_002,83.07,12.82,4.25,0.71,68.16,False,False
2026-08-16 07:26:00+00:00,cell_002,79.02,12.67,4.3,0.62,76.16,False,False
2026-08-16 07:27:00+00:00,cell_002,80.08,12.89,4.42,0.48,64.35,False,False
2026-08-16 07:28:00+00:00,cell_002,83.06,13.48,4.59,0.44,67.63,False,False
2026-08-16 07:29:00+00:00,cell_002,82.17,11.22,4.76,0.5,70.91,False,False
2026-08-16 07:30:00+00:00,cell_002,82.67,13.57,4.71,0.67,74.57,False,False
2026-08-16 07:31:00+00:00,cell_002,82.87,14.26,4.87,0.96,68.38,False,False
2026-08-16 07:32:00+00:00,cell_002,88.37,13.26,4.45,0.63,68.44,False,False
2026-08-16 07:33:00+00:00,cell_002,72.62,13.25,4.23,0.38,73.48,False,False
2026-08-16 07:34:00+00:00,cell_002,83.1,11.98,4.29,1.18,72.23,False,False
2026-08-16 07:35:00+00:00,cell_002,79.43,14.4,4.95,0.68,74.39,False,False
2026-08-16 07:36:00+00:00,cell_002,78.53,13.48,4.02,0.87,67.15,False,False
2026-08-16 07:37:00+00:00,cell_002,82.19,12.2,4.94,0.58,69.99,False,False
2026-08-16 07:38:00+00:00,cell_002,81.6,13.51,4.26,0.67,70.29,False,False
2026-08-16 07:39:00+00:00,cell_002,83.14,14.24,4.71,0.54,79.05,False,False
2026-08-16 07:40:00+00:00,cell_002,81.02,11.68,5.05,0.93,79.04,False,False
2026-08-16 07:41:00+00:00,cell_002,78.04,14.38,4.69,0.61,69.77,False,False
2026-08-16 07:42:00+00:00,cell_002,76.79,13.12,4.72,0.41,62.18,False,False
2026-08-16 07:43:00+00:00,cell_002,78.67,13.44,4.4,0.64,61.83,False,False
2026-08-16 07:44:00+00:00,cell_002,82.45,12.23,4.76,0.9,71.12,False,False
2026-08-16 07:45:00+00:00,cell_002,83.2,11.05,4.85,0.42,68.78,False,False
2026-08-16 07:46:00+00:00,cell_002,74.91,13.52,5.28,0.73,79.16,False,False
2026-08-16 07:47:00+00:00,cell_002,79.33,12.05,4.64,0.58,78.25,False,False
2026-08-16 07:48:00+00:00,cell_002,79.04,11.53,5.5,0.76,81.48,False,False
2026-08-16 07:49:00+00:00,cell_002,80.81,12.12,4.35,0.74,74.67,False,False
2026-08-16 07:50:00+00:00,cell_002,77.79,14.08,4.81,0.75,60.54,False,False
2026-08-16 07:51:00+00:00,cell_002,75.24,14.35,4.59,0.34,70.5,False,False
2026-08-16 07:52:00+00:00,cell_002,78.52,14.65,4.64,0.63,66.69,False,False
2026-08-16 07:53:00+00:00,cell_002,83.25,14.47,4.33,1.27,77.02,False,False
2026-08-16 07:54:00+00:00,cell_002,73.11,12.44,4.97,0.23,68.51,False,False
2026-08-16 07:55:00+00:00,cell_002,75.88,12.17,5.1,0.48,75.56,False,False
2026-08-16 07:56:00+00:00,cell_002,78.96,13.94,4.82,0.87,71.63,False,False
2026-08-16 07:57:00+00:00,cell_002,77.44,13.76,4.94,0.81,70.78,False,False
2026-08-16 07:58:00+00:00,cell_002,75.71,14.14,4.46,0.72,84.37,False,False
2026-08-16 07:59:00+00:00,cell_002,76.96,14.03,4.4,0.25,74.77,False,False
2026-08-16 08:00:00+00:00,cell_002,79.96,13.35,4.97,0.97,72.06,False,False
2026-08-16 08:01:00+00:00,cell_002,79.65,14.39,4.83,0.66,71.93,False,False
2026-08-16 08:02:00+00:00,cell_002,81.43,13.46,5.15,0.75,75.27,False,False
2026-08-16 08:03:00+00:00,cell_002,80.66,14.61,4.89,0.48,80.48,False,False
2026-08-16 08:04:00+00:00,cell_002,74.54,12.58,4.17,0.82,85.05,False,False
2026-08-16 08:05:00+00:00,cell_002,80.21,11.76,4.64,0.57,72.88,False,False
2026-08-16 08:06:00+00:00,cell_002,80.54,13.18,5.1,0.52,71.85,False,False
2026-08-16 08:07:00+00:00,cell_002,76.93,13.23,4.55,0.87,79.28,False,False
2026-08-16 08:08:00+00:00,cell_002,82.06,12.97,4.79,0.79,76.7,False,False
2026-08-16 08:09:00+00:00,cell_002,76.38,12.19,4.49,0.7,70.4,False,False
2026-08-16 08:10:00+00:00,cell_002,81.38,13.19,5.09,0.83,67.29,False,False
2026-08-16 08:11:00+00:00,cell_002,79.9,12.44,4.75,1.1,69.42,False,False
2026-08-16 08:12:00+00:00,cell_002,77.51,12.52,4.84,0.74,73.57,False,False
2026-08-16 08:13:00+00:00,cell_002,74.97,12.62,4.85,0.49,83.03,False,False
2026-08-16 08:14:00+00:00,cell_002,76.15,11.54,4.9,0.81,68.55,False,False
2026-08-16 08:15:00+00:00,cell_002,75.78,13.22,4.53,0.72,77.44,False,False
2026-08-16 08:16:00+00:00,cell_002,83.14,13.95,5.12,0.78,78.18,False,False
2026-08-16 08:17:00+00:00,cell_002,80.87,12.39,4.96,0.6,81.77,False,False
2026-08-16 08:18:00+00:00,cell_002,80.56,14.73,4.93,0.97,70.97,False,False
2026-08-16 08:19:00+00:00,cell_002,78.45,12.66,5.0,0.89,73.46,False,False
2026-08-16 08:20:00+00:00,cell_002,75.91,13.46,4.85,0.64,79.33,False,False
2026-08-16 08:21:00+00:00,cell_002,79.52,12.78,4.99,0.4,81.72,False,False
2026-08-16 08:22:00+00:00,cell_002,74.46,12.16,4.69,0.83,77.65,False,False
2026-08-16 08:23:00+00:00,cell_002,81.72,13.02,5.24,0.72,78.68,False,False
2026-08-16 08:24:00+00:00,cell_002,72.51,12.83,4.12,0.46,81.12,False,False
2026-08-16 08:25:00+00:00,cell_002,73.79,13.44,4.97,0.65,68.96,False,False
2026-08-16 08:26:00+00:00,cell_002,78.81,13.86,4.74,0.57,75.11,False,False
2026-08-16 08:27:00+00:00,cell_002,75.93,15.55,5.49,0.83,73.92,False,False
2026-08-16 08:28:00+00:00,cell_002,80.42,13.91,4.88,0.46,78.44,False,False
2026-08-16 08:29:00+00:00,cell_002,80.4,13.73,5.09,0.92,71.56,False,False
2026-08-16 08:30:00+00:00,cell_002,69.26,13.38,4.37,0.96,75.68,False,False
2026-08-16 08:31:00+00:00,cell_002,74.0,12.19,4.59,0.56,77.09,False,False
2026-08-16 08:32:00+00:00,cell_002,73.86,13.95,4.88,0.67,79.12,False,False
2026-08-16 08:33:00+00:00,cell_002,79.02,12.95,5.13,0.65,83.49,False,False
2026-08-16 08:34:00+00:00,cell_002,72.1,13.66,4.81,0.6,90.91,False,False
2026-08-16 08:35:00+00:00,cell_002,68.95,13.27,5.27,0.97,79.97,False,False
2026-08-16 08:36:00+00:00,cell_002,73.04,10.9,4.93,0.66,73.72,False,False
2026-08-16 08:37:00+00:00,cell_002,77.68,13.37,5.59,0.66,81.21,False,False
2026-08-16 08:38:00+00:00,cell_002,81.8,13.3,4.77,0.63,79.1,False,False
2026-08-16 08:39:00+00:00,cell_002,70.89,14.35,5.29,0.42,81.75,False,False
2026-08-16 08:40:00+00:00,cell_002,73.18,14.57,5.06,0.81,80.46,False,False
2026-08-16 08:41:00+00:00,cell_002,76.14,14.22,4.98,1.09,75.16,False,False
2026-08-16 08:42:00+00:00,cell_002,78.87,13.27,4.76,0.77,82.73,False,False
2026-08-16 08:43:00+00:00,cell_002,81.78,14.19,5.03,0.55,85.36,False,False
2026-08-16 08:44:00+00:00,cell_002,76.52,13.3,4.67,0.7,81.95,False,False
2026-08-16 08:45:00+00:00,cell_002,77.69,13.87,4.92,0.83,85.45,False,False
2026-08-16 08:46:00+00:00,cell_002,75.59,14.95,4.54,0.89,81.22,False,False
2026-08-16 08:47:00+00:00,cell_002,79.65,14.04,5.21,0.67,75.63,False,False
2026-08-16 08:48:00+00:00,cell_002,73.54,15.86,4.84,0.78,82.46,False,False
2026-08-16 08:49:00+00:00,cell_002,75.17,14.77,5.23,0.38,81.03,False,False
2026-08-16 08:50:00+00:00,cell_002,68.47,12.92,5.2,0.56,82.09,False,False
2026-08-16 08:51:00+00:00,cell_002,77.21,13.47,5.27,0.87,80.17,False,False
2026-08-16 08:52:00+00:00,cell_002,79.71,13.43,4.77,0.6,80.34,False,False
2026-08-16 08:53:00+00:00,cell_002,76.84,13.56,5.41,0.48,84.13,False,False
2026-08-16 08:54:00+00:00,cell_002,72.5,14.14,5.17,0.7,86.79,False,False
2026-08-16 08:55:00+00:00,cell_002,70.46,12.76,4.61,0.66,73.9,False,False
2026-08-16 08:56:00+00:00,cell_002,79.71,13.47,4.93,0.81,84.2,False,False
2026-08-16 08:57:00+00:00,cell_002,71.59,13.36,5.03,0.75,89.65,False,False
2026-08-16 08:58:00+00:00,cell_002,73.47,13.66,5.05,0.93,86.38,False,False
2026-08-16 08:59:00+00:00,cell_002,70.04,15.49,5.62,0.42,82.6,False,False
2026-08-16 09:00:00+00:00,cell_002,75.71,13.35,4.74,0.91,82.62,False,False
2026-08-16 09:01:00+00:00,cell_002,79.66,12.77,4.97,0.76,82.34,False,False
2026-08-16 09:02:00+00:00,cell_002,74.55,15.07,4.9,0.96,90.74,False,False
2026-08-16 09:03:00+00:00,cell_002,78.13,14.27,4.92,0.9,82.49,False,False
2026-08-16 09:04:00+00:00,cell_002,71.3,15.53,5.57,0.8,78.77,False,False
2026-08-16 09:05:00+00:00,cell_002,73.69,13.14,5.05,0.84,83.29,False,False
2026-08-16 09:06:00+00:00,cell_002,74.46,13.96,5.26,0.91,78.95,False,False
2026-08-16 09:07:00+00:00,cell_002,71.42,14.15,5.23,0.54,86.91,False,False
2026-08-16 09:08:00+00:00,cell_002,70.88,14.6,5.13,0.76,78.98,False,False
2026-08-16 09:09:00+00:00,cell_002,71.74,15.13,5.33,0.57,93.43,False,False
2026-08-16 09:10:00+00:00,cell_002,72.84,13.33,5.23,0.6,88.36,False,False
2026-08-16 09:11:00+00:00,cell_002,71.97,13.71,5.1,0.72,78.01,False,False
2026-08-16 09:12:00+00:00,cell_002,77.34,12.71,4.94,0.53,84.22,False,False
2026-08-16 09:13:00+00:00,cell_002,66.93,13.59,5.09,0.88,77.43,False,False
2026-08-16 09:14:00+00:00,cell_002,73.62,17.64,5.21,0.69,82.61,False,False
2026-08-16 09:15:00+00:00,cell_002,68.54,13.52,4.88,0.86,91.75,False,False
2026-08-16 09:16:00+00:00,cell_002,76.23,13.61,5.09,0.74,76.98,False,False
2026-08-16 09:17:00+00:00,cell_002,70.78,15.28,4.94,0.66,78.79,False,False
2026-08-16 09:18:00+00:00,cell_002,72.88,14.88,4.97,1.04,83.2,False,False
2026-08-16 09:19:00+00:00,cell_002,76.95,13.37,5.11,0.72,84.95,False,False
2026-08-16 09:20:00+00:00,cell_002,67.91,14.41,5.46,0.87,84.44,False,False
2026-08-16 09:21:00+00:00,cell_002,76.89,15.74,5.15,0.57,78.83,False,False
2026-08-16 09:22:00+00:00,cell_002,74.25,16.08,5.35,0.61,73.06,False,False
2026-08-16 09:23:00+00:00,cell_002,71.34,14.98,5.33,0.6,90.89,False,False
2026-08-16 09:24:00+00:00,cell_002,65.52,13.24,5.51,0.26,86.63,False,False
2026-08-16 09:25:00+00:00,cell_002,78.18,14.08,4.92,0.41,79.08,False,False
2026-08-16 09:26:00+00:00,cell_002,71.46,13.86,5.01,0.69,84.49,False,False
2026-08-16 09:27:00+00:00,cell_002,74.31,15.78,5.3,0.8,83.72,False,False
2026-08-16 09:28:00+00:00,cell_002,72.82,13.19,5.33,0.57,79.41,False,False
2026-08-16 09:29:00+00:00,cell_002,78.5,13.08,5.34,0.67,82.54,False,False
2026-08-16 09:30:00+00:00,cell_002,68.97,12.97,5.11,0.81,77.48,False,False
2026-08-16 09:31:00+00:00,cell_002,75.3,12.72,5.76,0.42,83.98,False,False
2026-08-16 09:32:00+00:00,cell_002,77.63,14.15,5.37,0.68,85.49,False,False
2026-08-16 09:33:00+00:00,cell_002,68.45,13.55,5.36,0.8,75.78,False,False
2026-08-16 09:34:00+00:00,cell_002,71.35,12.52,4.75,0.97,84.28,False,False
2026-08-16 09:35:00+00:00,cell_002,72.92,13.36,4.94,0.32,85.78,False,False
2026-08-16 09:36:00+00:00,cell_002,74.01,14.38,4.64,0.72,76.92,False,False
2026-08-16 09:37:00+00:00,cell_002,73.47,14.66,4.91,0.63,93.65,False,False
2026-08-16 09:38:00+00:00,cell_002,74.88,13.27,5.44,0.7,92.0,False,False
2026-08-16 09:39:00+00:00,cell_002,71.67,12.9,4.87,0.43,92.72,False,False
2026-08-16 09:40:00+00:00,cell_002,72.76,15.41,5.23,0.61,81.42,False,False
2026-08-16 09:41:00+00:00,cell_002,67.85,13.6,4.95,1.14,93.69,False,False
2026-08-16 09:42:00+00:00,cell_002,68.37,16.13,5.25,0.98,84.72,False,False
2026-08-16 09:43:00+00:00,cell_002,71.09,14.42,4.96,1.04,94.54,False,False
2026-08-16 09:44:00+00:00,cell_002,70.25,12.26,5.27,0.84,87.0,False,False
2026-08-16 09:45:00+00:00,cell_002,73.27,13.47,4.87,0.66,83.84,False,False
2026-08-16 09:46:00+00:00,cell_002,65.6,14.19,5.01,0.47,84.05,False,False
2026-08-16 09:47:00+00:00,cell_002,72.52,14.95,4.76,0.74,94.59,False,False
2026-08-16 09:48:00+00:00,cell_002,73.33,13.06,4.81,0.89,92.65,False,False
2026-08-16 09:49:00+00:00,cell_002,64.34,14.1,5.14,1.39,82.08,False,False
2026-08-16 09:50:00+00:00,cell_002,75.94,13.41,5.02,0.72,87.51,False,False
2026-08-16 09:51:00+00:00,cell_002,76.75,14.98,4.84,1.03,82.31,False,False
2026-08-16 09:52:00+00:00,cell_002,74.11,12.98,5.02,0.55,90.87,False,False
2026-08-16 09:53:00+00:00,cell_002,70.07,14.31,4.6,0.8,83.78,False,False
2026-08-16 09:54:00+00:00,cell_002,69.84,13.88,4.97,0.59,87.07,False,False
2026-08-16 09:55:00+00:00,cell_002,68.87,14.5,5.19,0.82,87.69,False,False
2026-08-16 09:56:00+00:00,cell_002,70.53,13.96,5.02,1.03,96.72,False,False
2026-08-16 09:57:00+00:00,cell_002,69.13,13.15,4.96,1.06,82.04,False,False
2026-08-16 09:58:00+00:00,cell_002,71.46,14.02,4.96,0.96,87.11,False,False
2026-08-16 09:59:00+00:00,cell_002,70.48,12.98,5.43,0.49,93.2,False,False
2026-08-16 10:00:00+00:00,cell_002,72.11,13.24,4.79,0.83,93.36,False,False
2026-08-16 10:01:00+00:00,cell_002,69.11,14.19,4.92,1.02,85.38,False,False
2026-08-16 10:02:00+00:00,cell_002,67.14,12.44,4.95,0.57,92.18,False,False
2026-08-16 10:03:00+00:00,cell_002,73.69,15.22,5.52,0.72,95.46,False,False
2026-08-16 10:04:00+00:00,cell_002,67.07,14.61,5.69,0.96,93.61,False,False
2026-08-16 10:05:00+00:00,cell_002,69.49,16.27,5.5,0.09,86.67,False,False
2026-08-16 10:06:00+00:00,cell_002,69.48,16.46,5.08,0.62,88.29,False,False
2026-08-16 10:07:00+00:00,cell_002,70.2,13.22,5.39,1.17,84.09,False,False
2026-08-16 10:08:00+00:00,cell_002,69.48,15.07,5.25,1.26,88.25,False,False
2026-08-16 10:09:00+00:00,cell_002,68.73,14.55,5.13,1.05,89.21,False,False
2026-08-16 10:10:00+00:00,cell_002,70.32,15.46,5.5,0.27,89.83,False,False
2026-08-16 10:11:00+00:00,cell_002,66.86,14.04,4.74,0.95,92.17,False,False
2026-08-16 10:12:00+00:00,cell_002,68.97,14.08,5.46,0.97,90.85,False,False
2026-08-16 10:13:00+00:00,cell_002,69.81,14.3,5.43,0.7,89.14,False,False
2026-08-16 10:14:00+00:00,cell_002,64.16,14.63,4.99,1.28,82.11,False,False
2026-08-16 10:15:00+00:00,cell_002,73.3,14.32,5.03,0.5,90.46,False,False
2026-08-16 10:16:00+00:00,cell_002,75.63,14.97,5.05,0.98,96.74,False,False
2026-08-16 10:17:00+00:00,cell_002,71.18,13.86,5.53,0.61,95.24,False,False
2026-08-16 10:18:00+00:00,cell_002,68.13,12.9,5.32,1.0,83.74,False,False
2026-08-16 10:19:00+00:00,cell_002,68.22,13.98,4.96,1.02,90.1,False,False
2026-08-16 10:20:00+00:00,cell_002,66.05,13.94,5.43,0.86,90.32,False,False
2026-08-16 10:21:00+00:00,cell_002,73.8,16.71,5.1,0.35,93.2,False,False
2026-08-16 10:22:00+00:00,cell_002,65.05,14.45,4.93,0.68,90.08,False,False
2026-08-16 10:23:00+00:00,cell_002,71.82,15.29,5.52,1.0,100.0,False,False
2026-08-16 10:24:00+00:00,cell_002,67.55,14.34,5.38,0.62,91.4,False,False
2026-08-16 10:25:00+00:00,cell_002,72.93,13.34,5.25,0.54,82.5,False,False
2026-08-16 10:26:00+00:00,cell_002,70.84,13.5,5.79,0.84,95.89,False,False
2026-08-16 10:27:00+00:00,cell_002,71.46,14.85,5.2,0.69,94.6,False,False
2026-08-16 10:28:00+00:00,cell_002,69.27,15.38,4.94,0.55,89.05,False,False
2026-08-16 10:29:00+00:00,cell_002,73.68,15.21,5.43,0.59,92.15,False,False
2026-08-16 10:30:00+00:00,cell_002,63.78,14.83,5.63,0.8,94.51,False,False
2026-08-16 10:31:00+00:00,cell_002,63.39,15.15,5.53,0.89,86.91,False,False
2026-08-16 10:32:00+00:00,cell_002,63.92,15.05,5.45,0.53,95.55,False,False
2026-08-16 10:33:00+00:00,cell_002,67.09,14.95,5.04,0.9,91.19,False,False
2026-08-16 10:34:00+00:00,cell_002,66.27,15.11,4.88,0.65,87.62,False,False
2026-08-16 10:35:00+00:00,cell_002,66.77,14.88,5.29,1.01,93.75,False,False
2026-08-16 10:36:00+00:00,cell_002,73.31,14.11,5.0,0.95,88.57,False,False
2026-08-16 10:37:00+00:00,cell_002,66.45,14.65,5.15,0.82,100.0,False,False
2026-08-16 10:38:00+00:00,cell_002,71.0,16.77,5.24,0.8,94.86,False,False
2026-08-16 10:39:00+00:00,cell_002,68.44,15.09,5.62,1.17,97.41,False,False
2026-08-16 10:40:00+00:00,cell_002,71.43,15.81,5.59,0.84,79.5,False,False
2026-08-16 10:41:00+00:00,cell_002,69.21,14.18,4.82,0.91,93.68,False,False
2026-08-16 10:42:00+00:00,cell_002,69.13,14.51,5.61,1.23,100.0,False,False
2026-08-16 10:43:00+00:00,cell_002,67.16,13.68,5.28,0.85,87.59,False,False
2026-08-16 10:44:00+00:00,cell_002,65.19,14.04,5.14,0.86,99.4,False,False
2026-08-16 10:45:00+00:00,cell_002,63.17,15.34,5.35,0.69,90.39,False,False
2026-08-16 10:46:00+00:00,cell_002,69.72,13.56,5.2,0.44,93.09,False,False
2026-08-16 10:47:00+00:00,cell_002,73.45,16.5,5.11,0.77,89.73,False,False
2026-08-16 10:48:00+00:00,cell_002,66.13,14.87,5.43,0.66,96.91,False,False
2026-08-16 10:49:00+00:00,cell_002,67.66,16.44,5.5,0.76,95.7,False,False
2026-08-16 10:50:00+00:00,cell_002,64.59,15.96,5.58,1.04,97.48,False,False
2026-08-16 10:51:00+00:00,cell_002,67.23,14.93,5.3,0.61,88.1,False,False
2026-08-16 10:52:00+00:00,cell_002,66.56,13.83,5.98,0.39,99.33,False,False
2026-08-16 10:53:00+00:00,cell_002,65.51,14.31,5.5,0.43,89.36,False,False
2026-08-16 10:54:00+00:00,cell_002,64.45,14.73,5.27,0.58,98.01,False,False
2026-08-16 10:55:00+00:00,cell_002,70.5,14.62,5.68,0.5,100.0,False,False
2026-08-16 10:56:00+00:00,cell_002,70.47,14.97,5.04,0.75,92.14,False,False
2026-08-16 10:57:00+00:00,cell_002,71.59,16.69,5.02,0.41,95.87,False,False
2026-08-16 10:58:00+00:00,cell_002,69.83,14.26,5.41,0.64,93.83,False,False
2026-08-16 10:59:00+00:00,cell_002,64.59,13.79,4.73,0.55,82.63,False,False
2026-08-16 11:00:00+00:00,cell_002,65.37,15.25,5.24,0.65,99.42,False,False
2026-08-16 11:01:00+00:00,cell_002,68.21,15.1,5.48,1.12,93.28,False,False
2026-08-16 11:02:00+00:00,cell_002,64.76,13.8,5.73,0.89,94.56,False,False
2026-08-16 11:03:00+00:00,cell_002,71.59,15.88,5.33,1.09,100.0,False,False
2026-08-16 11:04:00+00:00,cell_002,67.01,13.05,5.75,0.93,94.56,False,False
2026-08-16 11:05:00+00:00,cell_002,64.3,15.83,4.97,1.02,96.29,False,False
2026-08-16 11:06:00+00:00,cell_002,68.93,15.98,5.44,0.6,100.0,False,False
2026-08-16 11:07:00+00:00,cell_002,69.32,16.89,5.67,0.7,99.62,False,False
2026-08-16 11:08:00+00:00,cell_002,68.24,14.49,5.81,0.88,98.7,False,False
2026-08-16 11:09:00+00:00,cell_002,69.4,14.93,5.22,0.68,95.45,False,False
2026-08-16 11:10:00+00:00,cell_002,67.98,14.99,5.68,0.63,99.24,False,False
2026-08-16 11:11:00+00:00,cell_002,71.59,14.23,5.88,1.02,100.0,False,False
2026-08-16 11:12:00+00:00,cell_002,69.93,15.04,5.16,0.84,96.12,False,False
2026-08-16 11:13:00+00:00,cell_002,64.76,15.23,5.61,0.89,90.14,False,False
2026-08-16 11:14:00+00:00,cell_002,64.6,15.21,5.2,0.45,98.51,False,False
2026-08-16 11:15:00+00:00,cell_002,66.28,15.74,5.35,0.56,100.0,False,False
2026-08-16 11:16:00+00:00,cell_002,66.56,15.57,5.82,0.73,94.42,False,False
2026-08-16 11:17:00+00:00,cell_002,64.52,14.79,5.07,0.68,95.02,False,False
2026-08-16 11:18:00+00:00,cell_002,63.56,13.35,5.49,0.64,92.62,False,False
2026-08-16 11:19:00+00:00,cell_002,65.82,16.47,5.14,0.61,100.0,False,False
2026-08-16 11:20:00+00:00,cell_002,64.46,13.71,6.12,0.79,94.95,False,False
2026-08-16 11:21:00+00:00,cell_002,66.59,15.21,5.31,0.82,94.7,False,False
2026-08-16 11:22:00+00:00,cell_002,59.49,13.44,5.44,0.43,95.22,False,False
2026-08-16 11:23:00+00:00,cell_002,69.6,14.41,5.67,0.73,100.0,False,False
2026-08-16 11:24:00+00:00,cell_002,65.31,15.05,5.27,0.97,100.0,False,False
2026-08-16 11:25:00+00:00,cell_002,67.22,15.16,5.25,0.83,98.87,False,False
2026-08-16 11:26:00+00:00,cell_002,59.07,13.82,5.57,1.0,96.63,False,False
2026-08-16 11:27:00+00:00,cell_002,66.45,16.48,5.71,0.65,94.27,False,False
2026-08-16 11:28:00+00:00,cell_002,65.74,14.45,5.22,0.74,97.95,False,False
2026-08-16 11:29:00+00:00,cell_002,65.97,16.02,5.38,0.48,96.81,False,False
2026-08-16 11:30:00+00:00,cell_002,66.68,14.49,5.49,0.76,100.0,False,False
2026-08-16 11:31:00+00:00,cell_002,64.39,14.62,5.67,0.69,100.0,False,False
2026-08-16 11:32:00+00:00,cell_002,67.17,17.06,5.38,0.7,100.0,False,False
2026-08-16 11:33:00+00:00,cell_002,57.97,15.09,5.16,0.57,100.0,False,False
2026-08-16 11:34:00+00:00,cell_002,66.8,13.09,5.02,0.88,100.0,False,False
2026-08-16 11:35:00+00:00,cell_002,66.5,15.04,5.2,0.78,99.73,False,False
2026-08-16 11:36:00+00:00,cell_002,70.55,14.88,5.59,0.96,99.63,False,False
2026-08-16 11:37:00+00:00,cell_002,66.73,14.51,5.44,0.5,100.0,False,False
2026-08-16 11:38:00+00:00,cell_002,58.91,13.7,5.4,0.91,100.0,False,False
2026-08-16 11:39:00+00:00,cell_002,64.42,14.28,5.41,0.88,95.3,False,False
2026-08-16 11:40:00+00:00,cell_002,64.42,16.66,5.51,0.42,95.26,False,False
2026-08-16 11:41:00+00:00,cell_002,65.48,14.36,5.62,1.03,95.87,False,False
2026-08-16 11:42:00+00:00,cell_002,64.72,15.24,5.13,0.97,100.0,False,False
2026-08-16 11:43:00+00:00,cell_002,65.93,14.39,4.8,1.03,100.0,False,False
2026-08-16 11:44:00+00:00,cell_002,62.83,13.79,5.32,0.86,95.42,False,False
2026-08-16 11:45:00+00:00,cell_002,70.45,14.43,5.17,0.72,99.0,False,False
2026-08-16 11:46:00+00:00,cell_002,65.28,15.8,5.05,0.88,100.0,False,False
2026-08-16 11:47:00+00:00,cell_002,72.14,16.05,5.39,0.63,100.0,False,False
2026-08-16 11:48:00+00:00,cell_002,61.54,14.55,5.08,1.04,98.67,False,False
2026-08-16 11:49:00+00:00,cell_002,64.29,14.54,6.0,0.61,100.0,False,False
2026-08-16 11:50:00+00:00,cell_002,67.75,17.26,5.32,0.9,95.96,False,False
2026-08-16 11:51:00+00:00,cell_002,61.05,15.5,5.32,0.67,100.0,False,False
2026-08-16 11:52:00+00:00,cell_002,69.12,16.06,6.07,0.66,100.0,False,False
2026-08-16 11:53:00+00:00,cell_002,65.9,15.67,5.74,0.89,89.8,False,False
2026-08-16 11:54:00+00:00,cell_002,65.83,16.52,5.46,1.03,94.21,False,False
2026-08-16 11:55:00+00:00,cell_002,69.35,14.97,5.26,0.64,97.36,False,False
2026-08-16 11:56:00+00:00,cell_002,64.01,15.29,5.38,0.9,95.04,False,False
2026-08-16 11:57:00+00:00,cell_002,63.67,14.7,5.83,1.05,92.18,False,False
2026-08-16 11:58:00+00:00,cell_002,64.11,13.81,5.36,0.86,92.95,False,False
2026-08-16 11:59:00+00:00,cell_002,64.38,14.63,5.59,1.0,96.94,False,False
2026-08-16 12:00:00+00:00,cell_002,61.54,12.96,5.59,0.72,96.34,False,False
2026-08-16 12:01:00+00:00,cell_002,66.43,14.19,5.73,0.85,100.0,False,False
2026-08-16 12:02:00+00:00,cell_002,64.19,15.46,5.33,0.81,100.0,False,False
2026-08-16 12:03:00+00:00,cell_002,64.65,16.36,5.93,1.03,99.47,False,False
2026-08-16 12:04:00+00:00,cell_002,64.7,13.88,5.3,0.67,99.28,False,False
2026-08-16 12:05:00+00:00,cell_002,67.61,15.82,5.88,0.85,95.35,False,False
2026-08-16 12:06:00+00:00,cell_002,66.1,14.8,5.55,0.56,100.0,False,False
2026-08-16 12:07:00+00:00,cell_002,66.56,14.91,5.49,0.66,92.7,False,False
2026-08-16 12:08:00+00:00,cell_002,64.63,16.06,5.54,1.13,98.0,False,False
2026-08-16 12:09:00+00:00,cell_002,66.58,15.59,5.63,1.21,95.71,False,False
2026-08-16 12:10:00+00:00,cell_002,71.0,13.78,5.73,0.74,100.0,False,False
2026-08-16 12:11:00+00:00,cell_002,68.61,14.83,6.11,0.65,100.0,False,False
2026-08-16 12:12:00+00:00,cell_002,62.24,14.67,5.09,1.12,100.0,False,False
2026-08-16 12:13:00+00:00,cell_002,68.47,15.87,5.44,0.63,100.0,False,False
2026-08-16 12:14:00+00:00,cell_002,66.41,16.09,5.5,0.81,100.0,False,False
2026-08-16 12:15:00+00:00,cell_002,65.08,15.71,5.87,0.92,99.68,False,False
2026-08-16 12:16:00+00:00,cell_002,67.43,14.97,5.31,1.12,96.58,False,False
2026-08-16 12:17:00+00:00,cell_002,66.98,14.12,5.46,0.56,93.66,False,False
2026-08-16 12:18:00+00:00,cell_002,65.58,14.44,6.0,0.66,91.99,False,False
2026-08-16 12:19:00+00:00,cell_002,63.87,15.05,5.39,0.75,100.0,False,False
2026-08-16 12:20:00+00:00,cell_002,62.7,15.38,5.17,0.7,100.0,False,False
2026-08-16 12:21:00+00:00,cell_002,67.41,14.81,6.09,1.1,93.01,False,False
2026-08-16 12:22:00+00:00,cell_002,65.95,16.38,4.86,0.69,97.62,False,False
2026-08-16 12:23:00+00:00,cell_002,64.1,15.93,5.32,0.62,100.0,False,False
2026-08-16 12:24:00+00:00,cell_002,64.82,16.86,5.73,0.54,98.99,False,False
2026-08-16 12:25:00+00:00,cell_002,63.76,13.91,5.59,0.51,100.0,False,False
2026-08-16 12:26:00+00:00,cell_002,61.8,15.92,5.43,0.77,100.0,False,False
2026-08-16 12:27:00+00:00,cell_002,68.54,16.27,5.06,0.88,87.31,False,False
2026-08-16 12:28:00+00:00,cell_002,65.23,14.22,5.52,0.41,99.99,False,False
2026-08-16 12:29:00+00:00,cell_002,59.15,15.42,5.2,0.76,100.0,False,False
2026-08-16 12:30:00+00:00,cell_002,67.07,15.14,5.45,0.64,100.0,False,False
2026-08-16 12:31:00+00:00,cell_002,65.71,14.95,5.3,0.73,100.0,False,False
2026-08-16 12:32:00+00:00,cell_002,66.46,14.06,5.38,0.65,97.17,False,False
2026-08-16 12:33:00+00:00,cell_002,67.99,14.73,5.36,0.77,100.0,False,False
2026-08-16 12:34:00+00:00,cell_002,64.31,14.43,5.91,0.51,97.09,False,False
2026-08-16 12:35:00+00:00,cell_002,65.2,16.04,6.23,0.87,87.08,False,False
2026-08-16 12:36:00+00:00,cell_002,60.79,16.59,5.35,0.72,95.22,False,False
2026-08-16 12:37:00+00:00,cell_002,63.16,14.19,5.93,1.01,98.32,False,False
2026-08-16 12:38:00+00:00,cell_002,67.55,15.9,5.14,0.86,100.0,False,False
2026-08-16 12:39:00+00:00,cell_002,64.61,15.24,5.81,0.64,93.47,False,False
2026-08-16 12:40:00+00:00,cell_002,63.59,15.46,5.61,0.87,99.56,False,False
2026-08-16 12:41:00+00:00,cell_002,65.52,14.73,5.01,1.01,100.0,False,False
2026-08-16 12:42:00+00:00,cell_002,62.0,14.38,5.26,0.74,100.0,False,False
2026-08-16 12:43:00+00:00,cell_002,63.03,16.59,5.35,0.87,88.55,False,False
2026-08-16 12:44:00+00:00,cell_002,67.06,14.63,5.58,0.85,95.06,False,False
2026-08-16 12:45:00+00:00,cell_002,59.55,15.96,5.56,0.87,100.0,False,False
2026-08-16 12:46:00+00:00,cell_002,63.13,15.86,5.34,0.84,100.0,False,False
2026-08-16 12:47:00+00:00,cell_002,64.99,14.98,5.15,0.52,95.04,False,False
2026-08-16 12:48:00+00:00,cell_002,65.86,15.74,4.9,0.55,100.0,False,False
2026-08-16 12:49:00+00:00,cell_002,62.13,14.73,5.34,0.47,100.0,False,False
2026-08-16 12:50:00+00:00,cell_002,66.15,15.58,5.44,0.56,86.82,False,False
2026-08-16 12:51:00+00:00,cell_002,64.78,13.39,5.98,0.83,100.0,False,False
2026-08-16 12:52:00+00:00,cell_002,68.39,14.58,5.52,0.89,96.51,False,False
2026-08-16 12:53:00+00:00,cell_002,66.59,15.19,5.3,0.6,100.0,False,False
2026-08-16 12:54:00+00:00,cell_002,63.92,13.58,5.92,0.56,100.0,False,False
2026-08-16 12:55:00+00:00,cell_002,67.94,13.98,5.64,0.88,100.0,False,False
2026-08-16 12:56:00+00:00,cell_002,64.76,13.57,5.45,0.73,100.0,False,False
2026-08-16 12:57:00+00:00,cell_002,65.9,15.7,4.96,0.5,100.0,False,False
2026-08-16 12:58:00+00:00,cell_002,62.95,13.82,5.25,1.23,100.0,False,False
2026-08-16 12:59:00+00:00,cell_002,61.86,14.04,5.5,0.85,100.0,False,False
2026-08-16 13:00:00+00:00,cell_002,60.12,14.61,5.37,0.86,93.76,False,False
2026-08-16 13:01:00+00:00,cell_002,63.0,15.93,5.65,0.63,100.0,False,False
2026-08-16 13:02:00+00:00,cell_002,64.64,12.28,5.57,1.07,100.0,False,False
2026-08-16 13:03:00+00:00,cell_002,62.85,14.65,4.79,0.89,100.0,False,False
2026-08-16 13:04:00+00:00,cell_002,65.4,16.2,5.42,1.12,100.0,False,False
2026-08-16 13:05:00+00:00,cell_002,64.1,14.22,5.59,0.63,96.04,False,False
2026-08-16 13:06:00+00:00,cell_002,64.65,15.41,5.92,0.75,100.0,False,False
2026-08-16 13:07:00+00:00,cell_002,68.24,15.64,5.02,0.35,100.0,False,False
2026-08-16 13:08:00+00:00,cell_002,69.03,13.55,5.23,0.96,100.0,False,False
2026-08-16 13:09:00+00:00,cell_002,60.24,14.78,5.59,0.88,100.0,False,False
2026-08-16 13:10:00+00:00,cell_002,61.29,14.47,5.18,1.09,100.0,False,False
2026-08-16 13:11:00+00:00,cell_002,65.16,15.27,5.65,0.66,99.18,False,False
2026-08-16 13:12:00+00:00,cell_002,63.5,15.64,5.54,0.89,99.54,False,False
2026-08-16 13:13:00+00:00,cell_002,60.23,15.4,5.7,0.77,100.0,False,False
2026-08-16 13:14:00+00:00,cell_002,65.83,15.69,6.21,0.84,100.0,False,False
2026-08-16 13:15:00+00:00,cell_002,61.37,14.25,5.39,0.73,96.66,False,False
2026-08-16 13:16:00+00:00,cell_002,66.67,14.82,5.36,0.43,100.0,False,False
2026-08-16 13:17:00+00:00,cell_002,67.59,15.8,5.8,0.82,96.6,False,False
2026-08-16 13:18:00+00:00,cell_002,68.1,15.59,6.06,0.81,93.44,False,False
2026-08-16 13:19:00+00:00,cell_002,62.56,13.43,5.72,1.01,100.0,False,False
2026-08-16 13:20:00+00:00,cell_002,64.79,15.38,5.84,0.73,93.55,False,False
2026-08-16 13:21:00+00:00,cell_002,68.04,13.73,5.44,0.94,100.0,False,False
2026-08-16 13:22:00+00:00,cell_002,58.44,13.88,5.63,0.65,94.88,False,False
2026-08-16 13:23:00+00:00,cell_002,61.36,16.13,5.4,0.61,98.5,False,False
2026-08-16 13:24:00+00:00,cell_002,66.34,15.89,5.06,0.85,95.26,False,False
2026-08-16 13:25:00+00:00,cell_002,69.31,14.39,5.47,0.66,99.03,False,False
2026-08-16 13:26:00+00:00,cell_002,57.41,15.2,5.53,1.22,100.0,False,False
2026-08-16 13:27:00+00:00,cell_002,61.3,15.54,5.42,0.56,95.13,False,False
2026-08-16 13:28:00+00:00,cell_002,63.75,14.22,5.82,1.08,100.0,False,False
2026-08-16 13:29:00+00:00,cell_002,65.13,12.82,5.69,0.47,100.0,False,False
2026-08-16 13:30:00+00:00,cell_002,70.48,15.37,5.63,0.95,93.91,False,False
2026-08-16 13:31:00+00:00,cell_002,67.77,16.56,5.29,1.03,100.0,False,False
2026-08-16 13:32:00+00:00,cell_002,66.19,14.43,5.49,0.88,100.0,False,False
2026-08-16 13:33:00+00:00,cell_002,60.59,15.03,5.33,0.98,100.0,False,False
2026-08-16 13:34:00+00:00,cell_002,64.87,16.13,5.39,0.87,100.0,False,False
2026-08-16 13:35:00+00:00,cell_002,67.33,16.48,5.41,0.84,99.59,False,False
2026-08-16 13:36:00+00:00,cell_002,61.52,15.47,5.57,0.84,100.0,False,False
2026-08-16 13:37:00+00:00,cell_002,63.66,14.58,5.5,0.66,100.0,False,False
2026-08-16 13:38:00+00:00,cell_002,64.47,15.2,5.21,0.75,98.0,False,False
2026-08-16 13:39:00+00:00,cell_002,62.89,14.72,5.49,0.79,96.11,False,False
2026-08-16 13:40:00+00:00,cell_002,67.07,14.7,5.65,0.4,94.68,False,False
2026-08-16 13:41:00+00:00,cell_002,67.56,15.65,5.67,0.81,92.52,False,False
2026-08-16 13:42:00+00:00,cell_002,62.46,15.46,5.14,1.0,100.0,False,False
2026-08-16 13:43:00+00:00,cell_002,61.81,15.49,5.47,0.99,100.0,False,False
2026-08-16 13:44:00+00:00,cell_002,64.78,14.78,5.01,0.46,99.57,False,False
2026-08-16 13:45:00+00:00,cell_002,66.05,16.51,5.29,0.67,100.0,False,False
2026-08-16 13:46:00+00:00,cell_002,70.7,14.26,5.46,1.0,94.77,False,False
2026-08-16 13:47:00+00:00,cell_002,65.1,13.29,5.67,0.54,100.0,False,False
2026-08-16 13:48:00+00:00,cell_002,63.95,14.41,5.73,1.0,100.0,False,False
2026-08-16 13:49:00+00:00,cell_002,62.73,15.43,5.23,0.6,92.39,False,False
2026-08-16 13:50:00+00:00,cell_002,65.62,14.85,5.58,0.8,96.84,False,False
2026-08-16 13:51:00+00:00,cell_002,64.32,14.0,5.35,0.44,96.26,False,False
2026-08-16 13:52:00+00:00,cell_002,67.47,16.35,5.53,1.12,100.0,False,False
2026-08-16 13:53:00+00:00,cell_002,65.79,13.04,5.33,0.46,100.0,False,False
2026-08-16 13:54:00+00:00,cell_002,64.89,14.87,5.2,0.7,100.0,False,False
2026-08-16 13:55:00+00:00,cell_002,62.39,14.95,5.8,0.78,93.31,False,False
2026-08-16 13:56:00+00:00,cell_002,66.52,17.37,5.63,0.52,97.24,False,False
2026-08-16 13:57:00+00:00,cell_002,64.77,15.95,5.69,0.83,100.0,False,False
2026-08-16 13:58:00+00:00,cell_002,67.32,15.55,5.72,0.89,100.0,False,False
2026-08-16 13:59:00+00:00,cell_002,60.97,17.24,5.34,0.68,91.22,False,False
2026-08-16 14:00:00+00:00,cell_002,66.21,15.72,5.47,0.97,97.85,False,False
2026-08-16 14:01:00+00:00,cell_002,67.61,15.92,5.27,0.61,92.8,False,False
2026-08-16 14:02:00+00:00,cell_002,65.48,14.53,5.68,0.69,99.82,False,False
2026-08-16 14:03:00+00:00,cell_002,67.87,16.35,5.94,0.54,95.66,False,False
2026-08-16 14:04:00+00:00,cell_002,66.63,14.04,5.75,0.71,96.6,False,False
2026-08-16 14:05:00+00:00,cell_002,63.56,14.39,5.55,0.97,89.02,False,False
2026-08-16 14:06:00+00:00,cell_002,61.97,16.65,5.15,0.74,100.0,False,False
2026-08-16 14:07:00+00:00,cell_002,68.41,14.97,5.31,0.62,100.0,False,False
2026-08-16 14:08:00+00:00,cell_002,63.78,15.19,5.54,0.6,99.76,False,False
2026-08-16 14:09:00+00:00,cell_002,65.13,16.83,5.84,0.77,99.96,False,False
2026-08-16 14:10:00+00:00,cell_002,63.94,14.33,5.54,0.88,100.0,False,False
2026-08-16 14:11:00+00:00,cell_002,68.74,15.06,5.45,0.95,85.95,False,False
2026-08-16 14:12:00+00:00,cell_002,58.78,13.55,5.21,1.03,96.61,False,False
2026-08-16 14:13:00+00:00,cell_002,68.28,15.8,5.44,1.02,96.15,False,False
2026-08-16 14:14:00+00:00,cell_002,64.03,15.81,5.6,0.99,97.31,False,False
2026-08-16 14:15:00+00:00,cell_002,71.99,15.33,5.65,0.75,97.14,False,False
2026-08-16 14:16:00+00:00,cell_002,68.44,14.21,5.46,0.79,92.04,False,False
2026-08-16 14:17:00+00:00,cell_002,63.3,15.45,5.14,0.92,99.64,False,False
2026-08-16 14:18:00+00:00,cell_002,70.43,14.23,5.83,0.87,92.88,False,False
2026-08-16 14:19:00+00:00,cell_002,63.86,13.58,5.65,0.95,96.95,False,False
2026-08-16 14:20:00+00:00,cell_002,67.57,15.96,5.27,0.29,89.81,False,False
2026-08-16 14:21:00+00:00,cell_002,67.19,15.13,5.86,0.84,89.39,False,False
2026-08-16 14:22:00+00:00,cell_002,72.43,14.59,5.8,0.64,100.0,False,False
2026-08-16 14:23:00+00:00,cell_002,63.05,15.57,5.52,0.79,93.99,False,False
2026-08-16 14:24:00+00:00,cell_002,58.75,13.7,5.3,0.94,100.0,False,False
2026-08-16 14:25:00+00:00,cell_002,62.44,15.89,5.3,0.45,87.72,False,False
2026-08-16 14:26:00+00:00,cell_002,66.02,15.56,5.42,1.01,94.36,False,False
2026-08-16 14:27:00+00:00,cell_002,62.84,13.44,4.81,0.71,92.81,False,False
2026-08-16 14:28:00+00:00,cell_002,61.85,16.15,5.55,0.54,92.07,False,False
2026-08-16 14:29:00+00:00,cell_002,65.08,17.32,5.43,0.41,100.0,False,False
2026-08-16 14:30:00+00:00,cell_002,68.92,16.37,5.32,1.14,94.83,False,False
2026-08-16 14:31:00+00:00,cell_002,57.44,16.23,5.23,0.62,100.0,False,False
2026-08-16 14:32:00+00:00,cell_002,66.69,14.83,5.65,0.78,100.0,False,False
2026-08-16 14:33:00+00:00,cell_002,66.71,13.05,5.12,0.84,98.42,False,False
2026-08-16 14:34:00+00:00,cell_002,68.63,14.8,5.61,0.69,100.0,False,False
2026-08-16 14:35:00+00:00,cell_002,63.13,14.75,5.34,0.4,93.14,False,False
2026-08-16 14:36:00+00:00,cell_002,71.48,14.68,5.64,0.82,93.83,False,False
2026-08-16 14:37:00+00:00,cell_002,66.9,14.42,5.14,1.03,96.33,False,False
2026-08-16 14:38:00+00:00,cell_002,67.63,15.22,5.76,0.7,100.0,False,False
2026-08-16 14:39:00+00:00,cell_002,64.84,14.27,5.35,0.96,100.0,False,False
2026-08-16 14:40:00+00:00,cell_002,69.83,14.06,5.47,1.09,93.99,False,False
2026-08-16 14:41:00+00:00,cell_002,73.87,14.67,5.01,0.38,100.0,False,False
2026-08-16 14:42:00+00:00,cell_002,65.56,14.77,5.65,1.06,94.4,False,False
2026-08-16 14:43:00+00:00,cell_002,67.35,14.36,5.34,1.12,100.0,False,False
2026-08-16 14:44:00+00:00,cell_002,68.43,16.2,5.16,0.86,100.0,False,False
2026-08-16 14:45:00+00:00,cell_002,70.89,15.34,6.19,0.88,93.04,False,False
2026-08-16 14:46:00+00:00,cell_002,69.72,15.59,5.91,1.21,94.66,False,False
2026-08-16 14:47:00+00:00,cell_002,68.27,15.8,4.86,0.84,95.44,False,False
2026-08-16 14:48:00+00:00,cell_002,68.52,14.42,5.32,1.2,90.52,False,False
2026-08-16 14:49:00+00:00,cell_002,69.46,16.6,4.79,0.97,100.0,False,False
2026-08-16 14:50:00+00:00,cell_002,69.9,15.59,5.14,0.59,96.22,False,False
2026-08-16 14:51:00+00:00,cell_002,70.04,15.36,4.92,0.65,97.23,False,False
2026-08-16 14:52:00+00:00,cell_002,65.25,13.65,5.36,0.93,90.4,False,False
2026-08-16 14:53:00+00:00,cell_002,75.35,13.9,4.87,0.56,93.98,False,False
2026-08-16 14:54:00+00:00,cell_002,67.96,15.35,5.7,1.03,91.47,False,False
2026-08-16 14:55:00+00:00,cell_002,68.71,13.77,5.15,0.92,100.0,False,False
2026-08-16 14:56:00+00:00,cell_002,70.03,14.33,5.65,0.87,96.19,False,False
2026-08-16 14:57:00+00:00,cell_002,68.89,14.97,5.66,0.43,99.53,False,False
2026-08-16 14:58:00+00:00,cell_002,70.01,14.46,6.1,0.85,89.25,False,False
2026-08-16 14:59:00+00:00,cell_002,65.4,15.56,5.48,0.72,94.89,False,False
2026-08-16 15:00:00+00:00,cell_002,67.47,15.74,5.41,0.83,93.25,False,False
2026-08-16 15:01:00+00:00,cell_002,67.37,13.74,5.0,0.7,92.73,False,False
2026-08-16 15:02:00+00:00,cell_002,70.24,14.36,5.38,0.52,100.0,False,False
2026-08-16 15:03:00+00:00,cell_002,67.71,14.48,5.17,0.75,94.95,False,False
2026-08-16 15:04:00+00:00,cell_002,68.12,14.54,5.42,0.66,86.49,False,False
2026-08-16 15:05:00+00:00,cell_002,68.29,15.1,5.34,0.41,76.87,False,False
2026-08-16 15:06:00+00:00,cell_002,71.68,12.21,5.29,1.15,99.28,False,False
2026-08-16 15:07:00+00:00,cell_002,59.58,14.72,4.88,0.65,95.14,False,False
2026-08-16 15:08:00+00:00,cell_002,68.91,12.3,5.69,0.62,98.11,False,False
2026-08-16 15:09:00+00:00,cell_002,66.55,15.27,5.59,0.63,100.0,False,False
2026-08-16 15:10:00+00:00,cell_002,62.36,14.26,5.45,0.81,98.46,False,False
2026-08-16 15:11:00+00:00,cell_002,64.54,14.88,5.33,0.8,95.47,False,False
2026-08-16 15:12:00+00:00,cell_002,64.55,14.46,5.57,0.57,93.08,False,False
2026-08-16 15:13:00+00:00,cell_002,66.58,15.64,5.31,0.48,97.21,False,False
2026-08-16 15:14:00+00:00,cell_002,65.38,13.99,5.84,1.02,92.2,False,False
2026-08-16 15:15:00+00:00,cell_002,68.08,14.43,5.35,0.49,92.04,False,False
2026-08-16 15:16:00+00:00,cell_002,70.31,15.29,5.57,0.71,95.93,False,False
2026-08-16 15:17:00+00:00,cell_002,68.5,16.77,5.3,0.92,100.0,False,False
2026-08-16 15:18:00+00:00,cell_002,65.98,13.93,5.24,0.55,92.72,False,False
2026-08-16 15:19:00+00:00,cell_002,68.7,15.79,5.33,0.82,86.73,False,False
2026-08-16 15:20:00+00:00,cell_002,70.01,13.44,5.34,0.65,90.3,False,False
2026-08-16 15:21:00+00:00,cell_002,71.74,13.9,4.84,0.66,95.3,False,False
2026-08-16 15:22:00+00:00,cell_002,65.78,16.29,5.63,0.73,90.46,False,False
2026-08-16 15:23:00+00:00,cell_002,73.41,14.84,5.06,1.02,95.31,False,False
2026-08-16 15:24:00+00:00,cell_002,68.85,14.67,5.05,0.42,89.89,False,False
2026-08-16 15:25:00+00:00,cell_002,68.82,14.25,5.16,0.92,93.66,False,False
2026-08-16 15:26:00+00:00,cell_002,66.33,14.07,5.34,1.14,95.04,False,False
2026-08-16 15:27:00+00:00,cell_002,64.52,14.13,5.25,0.85,86.14,False,False
2026-08-16 15:28:00+00:00,cell_002,64.32,15.81,5.39,0.81,99.45,False,False
2026-08-16 15:29:00+00:00,cell_002,73.96,13.61,5.15,0.94,100.0,False,False
2026-08-16 15:30:00+00:00,cell_002,72.95,13.45,5.75,0.72,90.37,False,False
2026-08-16 15:31:00+00:00,cell_002,70.57,13.73,5.19,0.11,96.94,False,False
2026-08-16 15:32:00+00:00,cell_002,65.44,14.25,5.41,1.17,96.19,False,False
2026-08-16 15:33:00+00:00,cell_002,68.49,12.6,4.69,0.5,94.82,False,False
2026-08-16 15:34:00+00:00,cell_002,64.42,13.52,4.81,0.82,87.37,False,False
2026-08-16 15:35:00+00:00,cell_002,67.09,14.89,4.99,0.69,96.64,False,False
2026-08-16 15:36:00+00:00,cell_002,64.22,14.92,5.07,0.71,95.76,False,False
2026-08-16 15:37:00+00:00,cell_002,67.8,15.84,5.22,0.69,87.16,False,False
2026-08-16 15:38:00+00:00,cell_002,68.0,14.81,5.57,0.99,82.92,False,False
2026-08-16 15:39:00+00:00,cell_002,67.18,15.17,4.65,0.8,91.5,False,False
2026-08-16 15:40:00+00:00,cell_002,66.39,15.79,5.41,0.77,86.97,False,False
2026-08-16 15:41:00+00:00,cell_002,68.75,14.15,5.05,0.7,94.9,False,False
2026-08-16 15:42:00+00:00,cell_002,70.87,15.57,5.07,0.7,88.12,False,False
2026-08-16 15:43:00+00:00,cell_002,73.18,15.06,5.87,0.94,90.26,False,False
2026-08-16 15:44:00+00:00,cell_002,67.3,14.32,5.26,0.69,91.11,False,False
2026-08-16 15:45:00+00:00,cell_002,71.22,15.31,5.1,0.58,81.88,False,False
2026-08-16 15:46:00+00:00,cell_002,71.22,13.06,4.91,0.68,90.89,False,False
2026-08-16 15:47:00+00:00,cell_002,70.62,14.4,5.41,0.66,82.97,False,False
