ts,cell_id,throughput,latency,jitter,packet_loss,cell_load,is_missing
2026-08-10 20:20:00+00:00,cell_001,133.79,16.16,4.05,0.57,54.14,False
2026-08-10 20:21:00+00:00,cell_001,130.5,17.27,3.49,0.21,57.18,False
2026-08-10 20:22:00+00:00,cell_001,131.27,18.79,4.14,0.49,50.54,False
2026-08-10 20:23:00+00:00,cell_001,133.94,17.02,4.08,0.26,45.51,False
2026-08-10 20:24:00+00:00,cell_001,129.88,17.38,3.89,0.27,53.3,False
2026-08-10 20:25:00+00:00,cell_001,130.59,17.52,3.23,0.75,46.66,False
2026-08-10 20:26:00+00:00,cell_001,133.01,15.65,4.18,0.58,55.19,False
2026-08-10 20:27:00+00:00,cell_001,136.56,16.65,3.73,0.52,55.47,False
2026-08-10 20:28:00+00:00,cell_001,135.08,16.61,3.65,0.47,62.75,False
2026-08-10 20:29:00+00:00,cell_001,136.0,14.63,3.62,0.62,58.94,False
2026-08-10 20:30:00+00:00,cell_001,133.07,17.53,3.39,0.46,53.14,False
2026-08-10 20:31:00+00:00,cell_001,137.48,15.8,4.11,0.41,50.36,False
2026-08-10 20:32:00+00:00,cell_001,127.89,17.39,4.68,0.77,55.91,False
2026-08-10 20:33:00+00:00,cell_001,139.29,15.94,3.79,0.43,52.87,False
2026-08-10 20:34:00+00:00,cell_001,139.79,18.73,4.21,0.82,48.87,False
2026-08-10 20:35:00+00:00,cell_001,134.82,16.39,3.93,0.44,40.75,False
2026-08-10 20:36:00+00:00,cell_001,136.06,18.58,4.04,0.7,62.43,False
2026-08-10 20:37:00+00:00,cell_001,133.56,16.47,3.93,0.6,56.14,False
2026-08-10 20:38:00+00:00,cell_001,133.16,16.58,4.18,0.66,53.88,False
2026-08-10 20:39:00+00:00,cell_001,132.07,18.18,3.58,0.61,50.82,False
2026-08-10 20:40:00+00:00,cell_001,133.86,15.69,3.97,0.69,59.88,False
2026-08-10 20:41:00+00:00,cell_001,135.79,16.64,4.28,0.84,54.69,False
2026-08-10 20:42:00+00:00,cell_001,135.49,17.12,4.14,0.37,43.14,False
2026-08-10 20:43:00+00:00,cell_001,140.3,16.97,4.03,0.85,48.68,False
2026-08-10 20:44:00+00:00,cell_001,134.75,16.59,3.95,0.49,53.6,False
2026-08-10 20:45:00+00:00,cell_001,130.1,16.44,3.81,0.19,55.72,False
2026-08-10 20:46:00+00:00,cell_001,139.61,17.37,3.81,0.68,48.08,False
2026-08-10 20:47:00+00:00,cell_001,131.12,16.68,3.45,0.71,57.05,False
2026-08-10 20:48:00+00:00,cell_001,133.21,17.46,4.06,0.65,42.63,False
2026-08-10 20:49:00+00:00,cell_001,135.82,16.87,4.31,0.48,47.85,False
2026-08-10 20:50:00+00:00,cell_001,136.36,17.12,3.99,0.36,47.92,False
2026-08-10 20:51:00+00:00,cell_001,130.88,17.59,3.9,0.44,53.62,False
2026-08-10 20:52:00+00:00,cell_001,133.09,16.13,4.07,0.58,55.25,False
2026-08-10 20:53:00+00:00,cell_001,131.0,17.53,3.25,0.49,54.99,False
2026-08-10 20:54:00+00:00,cell_001,137.41,16.26,3.73,0.33,41.51,False
2026-08-10 20:55:00+00:00,cell_001,139.2,15.0,3.86,0.49,49.04,False
2026-08-10 20:56:00+00:00,cell_001,132.1,16.06,3.37,0.37,40.53,False
2026-08-10 20:57:00+00:00,cell_001,138.86,15.65,3.92,0.41,48.25,False
2026-08-10 20:58:00+00:00,cell_001,138.77,16.74,3.31,0.68,56.26,False
2026-08-10 20:59:00+00:00,cell_001,134.11,16.06,4.07,0.3,57.92,False
2026-08-10 21:00:00+00:00,cell_001,130.24,16.46,3.93,0.6,50.06,False
2026-08-10 21:01:00+00:00,cell_001,133.08,17.34,3.8,0.43,48.98,False
2026-08-10 21:02:00+00:00,cell_001,134.62,17.79,4.08,0.59,46.53,False
2026-08-10 21:03:00+00:00,cell_001,141.13,16.59,3.89,0.35,47.16,False
2026-08-10 21:04:00+00:00,cell_001,136.26,17.37,3.99,0.49,54.41,False
2026-08-10 21:05:00+00:00,cell_001,133.7,16.09,3.93,0.36,42.67,False
2026-08-10 21:06:00+00:00,cell_001,137.27,14.69,3.58,0.59,45.52,False
2026-08-10 21:07:00+00:00,cell_001,133.04,15.06,4.31,0.17,46.81,False
2026-08-10 21:08:00+00:00,cell_001,138.58,16.03,4.21,0.51,43.04,False
2026-08-10 21:09:00+00:00,cell_001,134.2,17.01,3.96,0.27,48.97,False
2026-08-10 21:10:00+00:00,cell_001,134.74,16.01,3.87,0.4,54.06,False
2026-08-10 21:11:00+00:00,cell_001,138.47,17.38,4.05,0.46,49.32,False
2026-08-10 21:12:00+00:00,cell_001,142.7,18.01,4.2,0.67,42.52,False
2026-08-10 21:13:00+00:00,cell_001,144.14,15.28,4.38,0.19,42.14,False
2026-08-10 21:14:00+00:00,cell_001,134.53,18.28,3.65,0.15,39.39,False
2026-08-10 21:15:00+00:00,cell_001,135.97,14.51,4.12,0.75,45.05,False
2026-08-10 21:16:00+00:00,cell_001,139.4,17.98,3.78,0.46,41.3,False
2026-08-10 21:17:00+00:00,cell_001,141.47,16.08,3.32,0.18,46.55,False
2026-08-10 21:18:00+00:00,cell_001,131.57,15.87,4.05,0.44,41.7,False
2026-08-10 21:19:00+00:00,cell_001,138.42,16.08,4.23,0.43,38.04,False
2026-08-10 21:20:00+00:00,cell_001,136.8,15.28,4.08,0.41,35.25,False
2026-08-10 21:21:00+00:00,cell_001,132.59,17.57,3.73,0.57,47.94,False
2026-08-10 21:22:00+00:00,cell_001,134.45,15.36,3.9,0.18,37.73,False
2026-08-10 21:23:00+00:00,cell_001,136.86,15.48,3.99,0.53,47.03,False
2026-08-10 21:24:00+00:00,cell_001,138.84,14.65,3.95,0.42,41.17,False
2026-08-10 21:25:00+00:00,cell_001,141.79,15.29,4.14,0.5,45.61,False
2026-08-10 21:26:00+00:00,cell_001,139.92,15.3,4.05,0.69,43.94,False
2026-08-10 21:27:00+00:00,cell_001,141.8,15.22,3.59,0.72,44.8,False
2026-08-10 21:28:00+00:00,cell_001,139.14,15.8,3.77,0.83,48.71,False
2026-08-10 21:29:00+00:00,cell_001,137.04,14.85,3.61,0.13,40.27,False
2026-08-10 21:30:00+00:00,cell_001,138.7,17.55,3.8,0.58,51.13,False
2026-08-10 21:31:00+00:00,cell_001,141.44,15.79,3.19,0.67,47.39,False
2026-08-10 21:32:00+00:00,cell_001,142.55,16.31,4.32,0.39,41.76,False
2026-08-10 21:33:00+00:00,cell_001,139.1,16.78,3.51,0.5,42.17,False
2026-08-10 21:34:00+00:00,cell_001,136.85,17.93,3.59,0.78,43.78,False
2026-08-10 21:35:00+00:00,cell_001,140.74,16.81,3.76,0.47,40.95,False
2026-08-10 21:36:00+00:00,cell_001,141.27,15.64,3.32,0.77,34.27,False
2026-08-10 21:37:00+00:00,cell_001,143.63,14.8,3.63,0.5,37.94,False
2026-08-10 21:38:00+00:00,cell_001,137.99,16.2,3.78,0.6,37.81,False
2026-08-10 21:39:00+00:00,cell_001,138.12,16.91,4.22,0.69,41.62,False
2026-08-10 21:40:00+00:00,cell_001,142.48,15.98,3.76,0.29,36.4,False
2026-08-10 21:41:00+00:00,cell_001,139.08,15.89,3.59,0.59,46.52,False
2026-08-10 21:42:00+00:00,cell_001,139.05,16.03,3.37,0.41,42.9,False
2026-08-10 21:43:00+00:00,cell_001,144.26,13.93,4.35,0.75,40.06,False
2026-08-10 21:44:00+00:00,cell_001,136.47,15.94,3.73,0.44,37.93,False
2026-08-10 21:45:00+00:00,cell_001,146.85,16.51,3.73,0.44,42.01,False
2026-08-10 21:46:00+00:00,cell_001,138.93,15.72,3.29,0.34,46.49,False
2026-08-10 21:47:00+00:00,cell_001,143.46,16.88,3.85,0.49,32.27,False
2026-08-10 21:48:00+00:00,cell_001,140.63,16.9,3.52,0.61,34.06,False
2026-08-10 21:49:00+00:00,cell_001,141.86,15.23,4.13,0.52,36.3,False
2026-08-10 21:50:00+00:00,cell_001,140.35,16.16,3.83,0.95,34.78,False
2026-08-10 21:51:00+00:00,cell_001,143.8,15.75,3.72,0.42,33.98,False
2026-08-10 21:52:00+00:00,cell_001,140.28,13.67,3.28,0.33,41.16,False
2026-08-10 21:53:00+00:00,cell_001,139.69,15.5,3.65,0.48,40.81,False
2026-08-10 21:54:00+00:00,cell_001,146.94,14.65,3.61,0.57,39.0,False
2026-08-10 21:55:00+00:00,cell_001,141.67,15.8,3.71,0.25,41.78,False
2026-08-10 21:56:00+00:00,cell_001,139.65,16.34,3.08,0.77,40.27,False
2026-08-10 21:57:00+00:00,cell_001,137.29,15.43,3.39,0.45,36.76,False
2026-08-10 21:58:00+00:00,cell_001,147.45,14.73,3.51,0.84,38.29,False
2026-08-10 21:59:00+00:00,cell_001,140.28,15.86,3.81,0.77,41.42,False
2026-08-10 22:00:00+00:00,cell_001,148.21,18.06,3.08,0.63,34.16,False
2026-08-10 22:01:00+00:00,cell_001,143.31,13.43,4.07,0.5,41.61,False
2026-08-10 22:02:00+00:00,cell_001,142.63,15.82,4.02,0.3,23.96,False
2026-08-10 22:03:00+00:00,cell_001,142.79,15.04,3.35,0.37,39.75,False
2026-08-10 22:04:00+00:00,cell_001,149.02,15.14,4.38,0.28,41.4,False
2026-08-10 22:05:00+00:00,cell_001,135.88,15.46,3.71,0.27,34.88,False
2026-08-10 22:06:00+00:00,cell_001,143.18,15.21,3.6,0.56,44.93,False
2026-08-10 22:07:00+00:00,cell_001,141.83,16.14,3.81,0.56,45.22,False
2026-08-10 22:08:00+00:00,cell_001,142.07,15.29,3.76,0.19,40.45,False
2026-08-10 22:09:00+00:00,cell_001,143.24,13.36,3.66,0.4,47.39,False
2026-08-10 22:10:00+00:00,cell_001,142.08,16.79,3.3,0.33,35.19,False
2026-08-10 22:11:00+00:00,cell_001,143.52,16.63,3.49,0.79,43.49,False
2026-08-10 22:12:00+00:00,cell_001,142.97,14.88,3.73,0.08,46.05,False
2026-08-10 22:13:00+00:00,cell_001,139.18,15.53,3.87,0.88,33.18,False
2026-08-10 22:14:00+00:00,cell_001,144.35,16.69,4.04,0.61,39.17,False
2026-08-10 22:15:00+00:00,cell_001,145.43,16.49,3.47,0.0,31.29,False
2026-08-10 22:16:00+00:00,cell_001,141.74,16.8,3.63,0.36,42.76,False
2026-08-10 22:17:00+00:00,cell_001,149.05,15.81,3.41,0.58,46.82,False
2026-08-10 22:18:00+00:00,cell_001,147.53,16.2,3.93,0.36,35.65,False
2026-08-10 22:19:00+00:00,cell_001,146.14,16.83,3.5,0.44,38.12,False
2026-08-10 22:20:00+00:00,cell_001,146.18,15.06,3.42,0.95,35.63,False
2026-08-10 22:21:00+00:00,cell_001,143.86,15.84,3.61,0.41,50.55,False
2026-08-10 22:22:00+00:00,cell_001,147.27,13.24,3.09,0.27,33.45,False
2026-08-10 22:23:00+00:00,cell_001,148.63,13.8,3.75,0.67,33.33,False
2026-08-10 22:24:00+00:00,cell_001,146.42,15.87,3.49,0.21,40.59,False
2026-08-10 22:25:00+00:00,cell_001,142.37,16.01,4.41,0.63,37.26,False
2026-08-10 22:26:00+00:00,cell_001,144.03,14.96,3.39,0.6,50.17,False
2026-08-10 22:27:00+00:00,cell_001,145.95,14.73,3.5,0.85,47.44,False
2026-08-10 22:28:00+00:00,cell_001,146.82,14.98,3.88,0.57,40.5,False
2026-08-10 22:29:00+00:00,cell_001,144.15,15.51,3.81,0.44,41.98,False
2026-08-10 22:30:00+00:00,cell_001,142.76,13.0,3.88,0.48,40.89,False
2026-08-10 22:31:00+00:00,cell_001,149.28,15.77,3.48,0.91,42.37,False
2026-08-10 22:32:00+00:00,cell_001,141.39,15.33,3.22,0.5,39.67,False
2026-08-10 22:33:00+00:00,cell_001,141.85,15.53,4.36,0.44,31.91,False
2026-08-10 22:34:00+00:00,cell_001,140.77,15.15,3.71,0.47,32.75,False
2026-08-10 22:35:00+00:00,cell_001,141.99,13.88,3.62,0.58,41.63,False
2026-08-10 22:36:00+00:00,cell_001,148.64,14.16,3.79,0.41,34.18,False
2026-08-10 22:37:00+00:00,cell_001,148.81,16.77,3.16,0.28,43.3,False
2026-08-10 22:38:00+00:00,cell_001,144.82,14.6,3.41,0.35,40.14,False
2026-08-10 22:39:00+00:00,cell_001,146.6,16.04,3.23,0.31,30.48,False
2026-08-10 22:40:00+00:00,cell_001,145.15,14.14,3.59,0.45,30.59,False
2026-08-10 22:41:00+00:00,cell_001,141.68,15.2,3.13,0.36,29.71,False
2026-08-10 22:42:00+00:00,cell_001,151.98,14.76,3.74,0.44,40.08,False
2026-08-10 22:43:00+00:00,cell_001,149.52,14.91,3.89,0.45,41.89,False
2026-08-10 22:44:00+00:00,cell_001,146.52,14.85,3.88,0.53,34.04,False
2026-08-10 22:45:00+00:00,cell_001,142.96,16.62,3.66,0.29,35.88,False
2026-08-10 22:46:00+00:00,cell_001,144.92,17.1,3.59,0.82,37.41,False
2026-08-10 22:47:00+00:00,cell_001,143.59,15.4,3.4,0.73,40.11,False
2026-08-10 22:48:00+00:00,cell_001,146.03,14.74,3.66,0.59,33.9,False
2026-08-10 22:49:00+00:00,cell_001,146.73,13.82,3.49,0.63,37.73,False
2026-08-10 22:50:00+00:00,cell_001,144.84,13.74,2.96,0.25,35.12,False
2026-08-10 22:51:00+00:00,cell_001,141.57,16.58,3.33,0.36,27.6,False
2026-08-10 22:52:00+00:00,cell_001,152.39,13.65,3.75,0.38,42.16,False
2026-08-10 22:53:00+00:00,cell_001,146.77,14.67,3.17,0.19,36.82,False
2026-08-10 22:54:00+00:00,cell_001,147.5,15.26,3.17,0.4,34.2,False
2026-08-10 22:55:00+00:00,cell_001,144.92,12.5,3.45,0.93,31.29,False
2026-08-10 22:56:00+00:00,cell_001,141.57,13.84,2.85,0.5,31.46,False
2026-08-10 22:57:00+00:00,cell_001,146.07,13.74,3.72,0.78,27.69,False
2026-08-10 22:58:00+00:00,cell_001,145.41,14.41,3.69,0.77,29.22,False
2026-08-10 22:59:00+00:00,cell_001,148.57,15.33,3.78,0.29,30.08,False
2026-08-10 23:00:00+00:00,cell_001,149.22,16.09,3.56,0.48,31.91,False
2026-08-10 23:01:00+00:00,cell_001,148.86,14.39,3.24,0.39,41.22,False
2026-08-10 23:02:00+00:00,cell_001,149.59,14.58,3.12,0.66,37.52,False
2026-08-10 23:03:00+00:00,cell_001,152.1,14.92,3.65,0.57,29.87,False
2026-08-10 23:04:00+00:00,cell_001,147.91,14.22,3.7,0.81,26.42,False
2026-08-10 23:05:00+00:00,cell_001,150.1,15.44,3.15,0.51,29.73,False
2026-08-10 23:06:00+00:00,cell_001,148.35,15.46,3.11,0.64,41.47,False
2026-08-10 23:07:00+00:00,cell_001,141.22,12.29,3.47,0.34,37.49,False
2026-08-10 23:08:00+00:00,cell_001,146.52,15.64,3.52,0.18,33.19,False
2026-08-10 23:09:00+00:00,cell_001,144.43,15.12,3.76,0.6,33.94,False
2026-08-10 23:10:00+00:00,cell_001,147.79,15.25,3.67,0.5,39.68,False
2026-08-10 23:11:00+00:00,cell_001,144.78,16.16,3.45,0.58,33.77,False
2026-08-10 23:12:00+00:00,cell_001,149.02,13.19,3.78,0.75,45.14,False
2026-08-10 23:13:00+00:00,cell_001,150.21,13.71,3.36,0.54,34.16,False
2026-08-10 23:14:00+00:00,cell_001,150.93,14.89,3.37,0.63,29.02,False
2026-08-10 23:15:00+00:00,cell_001,152.23,12.63,3.72,0.67,23.51,False
2026-08-10 23:16:00+00:00,cell_001,142.4,14.73,3.75,0.44,35.75,False
2026-08-10 23:17:00+00:00,cell_001,143.88,15.79,3.76,0.35,32.43,False
2026-08-10 23:18:00+00:00,cell_001,156.32,15.33,3.4,0.86,28.72,False
2026-08-10 23:19:00+00:00,cell_001,150.61,15.0,3.48,0.54,36.8,False
2026-08-10 23:20:00+00:00,cell_001,148.31,14.69,3.2,0.52,34.63,False
2026-08-10 23:21:00+00:00,cell_001,147.79,14.49,3.72,0.27,30.92,False
2026-08-10 23:22:00+00:00,cell_001,147.57,14.42,3.27,0.52,34.68,False
2026-08-10 23:23:00+00:00,cell_001,141.99,15.13,2.85,0.53,32.4,False
2026-08-10 23:24:00+00:00,cell_001,145.53,13.34,3.32,0.28,37.65,False
2026-08-10 23:25:00+00:00,cell_001,147.56,16.35,3.19,0.61,33.42,False
2026-08-10 23:26:00+00:00,cell_001,145.79,14.14,2.63,0.41,30.99,False
2026-08-10 23:27:00+00:00,cell_001,146.23,15.43,3.27,0.02,39.07,False
2026-08-10 23:28:00+00:00,cell_001,155.71,14.95,3.68,0.36,27.44,False
2026-08-10 23:29:00+00:00,cell_001,147.33,13.71,3.56,0.66,25.68,False
2026-08-10 23:30:00+00:00,cell_001,148.97,16.15,3.56,0.28,29.67,False
2026-08-10 23:31:00+00:00,cell_001,148.91,15.93,3.86,0.95,23.68,False
2026-08-10 23:32:00+00:00,cell_001,149.99,13.28,3.26,0.56,24.87,False
2026-08-10 23:33:00+00:00,cell_001,146.84,14.77,3.09,0.91,31.3,False
2026-08-10 23:34:00+00:00,cell_001,152.06,15.04,3.58,0.24,32.73,False
2026-08-10 23:35:00+00:00,cell_001,149.69,12.76,3.54,0.22,31.06,False
2026-08-10 23:36:00+00:00,cell_001,144.55,12.7,3.05,0.41,34.84,False
2026-08-10 23:37:00+00:00,cell_001,148.13,13.99,3.37,0.21,29.93,False
2026-08-10 23:38:00+00:00,cell_001,147.98,13.5,3.59,0.37,22.73,False
2026-08-10 23:39:00+00:00,cell_001,147.88,13.76,3.51,0.78,35.9,False
2026-08-10 23:40:00+00:00,cell_001,150.11,13.49,3.64,0.4,31.7,False
2026-08-10 23:41:00+00:00,cell_001,150.52,14.68,3.22,0.14,35.54,False
2026-08-10 23:42:00+00:00,cell_001,150.21,13.9,2.99,0.52,35.14,False
2026-08-10 23:43:00+00:00,cell_001,149.72,15.9,3.14,0.72,37.37,False
2026-08-10 23:44:00+00:00,cell_001,149.0,14.96,3.68,0.09,27.48,False
2026-08-10 23:45:00+00:00,cell_001,142.33,15.57,3.73,0.19,25.92,False
2026-08-10 23:46:00+00:00,cell_001,151.16,13.08,3.36,0.47,31.36,False
2026-08-10 23:47:00+00:00,cell_001,150.33,14.14,3.87,0.22,31.01,False
2026-08-10 23:48:00+00:00,cell_001,145.94,14.9,3.36,0.43,37.95,False
2026-08-10 23:49:00+00:00,cell_001,149.78,15.21,3.26,0.75,34.22,False
2026-08-10 23:50:00+00:00,cell_001,150.92,14.11,2.98,0.38,32.36,False
2026-08-10 23:51:00+00:00,cell_001,152.52,14.25,3.38,0.55,25.5,False
2026-08-10 23:52:00+00:00,cell_001,150.58,14.35,3.72,0.56,28.0,False
2026-08-10 23:53:00+00:00,cell_001,150.05,14.44,3.78,0.3,23.41,False
2026-08-10 23:54:00+00:00,cell_001,151.96,16.9,3.72,0.25,27.35,False
2026-08-10 23:55:00+00:00,cell_001,148.23,15.05,3.55,0.66,32.31,False
2026-08-10 23:56:00+00:00,cell_001,150.42,14.77,3.88,0.47,33.61,False
2026-08-10 23:57:00+00:00,cell_001,147.36,13.46,3.11,0.5,34.52,False
2026-08-10 23:58:00+00:00,cell_001,152.58,13.48,3.75,0.45,35.1,False
2026-08-10 23:59:00+00:00,cell_001,144.46,14.5,3.48,0.43,34.08,False
2026-08-11 00:00:00+00:00,cell_001,151.77,15.84,3.46,0.49,28.19,False
2026-08-11 00:01:00+00:00,cell_001,149.4,14.51,2.97,0.23,27.34,False
2026-08-11 00:02:00+00:00,cell_001,152.28,14.55,3.5,0.53,37.62,False
2026-08-11 00:03:00+00:00,cell_001,147.07,13.96,3.74,0.26,29.13,False
2026-08-11 00:04:00+00:00,cell_001,149.71,12.95,2.75,0.92,29.32,False
2026-08-11 00:05:00+00:00,cell_001,149.65,15.13,3.63,0.58,30.42,False
2026-08-11 00:06:00+00:00,cell_001,150.8,14.44,2.7,0.51,23.51,False
2026-08-11 00:07:00+00:00,cell_001,146.39,15.13,2.96,0.24,30.02,False
2026-08-11 00:08:00+00:00,cell_001,151.46,14.84,3.36,0.68,23.08,False
2026-08-11 00:09:00+00:00,cell_001,144.05,13.71,3.86,0.36,34.01,False
2026-08-11 00:10:00+00:00,cell_001,147.61,14.9,3.35,0.58,28.62,False
2026-08-11 00:11:00+00:00,cell_001,144.95,13.38,3.53,0.32,27.88,False
2026-08-11 00:12:00+00:00,cell_001,152.15,14.89,3.11,0.07,21.17,False
2026-08-11 00:13:00+00:00,cell_001,150.89,14.6,3.32,0.76,32.34,False
2026-08-11 00:14:00+00:00,cell_001,151.08,16.2,3.36,0.57,42.67,False
2026-08-11 00:15:00+00:00,cell_001,154.16,13.79,3.87,0.38,27.81,False
2026-08-11 00:16:00+00:00,cell_001,148.81,13.33,3.16,0.85,30.4,False
2026-08-11 00:17:00+00:00,cell_001,151.61,14.24,3.18,0.45,38.51,False
2026-08-11 00:18:00+00:00,cell_001,150.0,15.26,3.7,0.69,42.44,False
2026-08-11 00:19:00+00:00,cell_001,149.57,11.85,3.3,0.13,24.51,False
2026-08-11 00:20:00+00:00,cell_001,153.77,15.52,3.41,0.39,36.59,False
2026-08-11 00:21:00+00:00,cell_001,156.12,14.43,3.51,0.39,16.63,False
2026-08-11 00:22:00+00:00,cell_001,148.6,13.5,3.18,0.26,14.74,False
2026-08-11 00:23:00+00:00,cell_001,152.41,14.27,2.76,0.28,21.51,False
2026-08-11 00:24:00+00:00,cell_001,150.89,13.89,3.7,0.48,28.58,False
2026-08-11 00:25:00+00:00,cell_001,150.94,13.41,3.41,0.42,20.42,False
2026-08-11 00:26:00+00:00,cell_001,150.71,12.69,2.99,0.41,36.93,False
2026-08-11 00:27:00+00:00,cell_001,148.99,15.36,3.61,0.35,30.57,False
2026-08-11 00:28:00+00:00,cell_001,139.25,14.07,3.97,0.66,33.44,False
2026-08-11 00:29:00+00:00,cell_001,154.63,14.23,3.73,0.2,28.59,False
2026-08-11 00:30:00+00:00,cell_001,147.95,15.47,3.99,0.46,27.34,False
2026-08-11 00:31:00+00:00,cell_001,149.33,14.68,3.0,0.36,29.86,False
2026-08-11 00:32:00+00:00,cell_001,149.41,13.06,3.44,0.35,40.0,False
2026-08-11 00:33:00+00:00,cell_001,147.73,15.29,3.47,0.02,31.24,False
2026-08-11 00:34:00+00:00,cell_001,150.82,16.1,3.33,0.44,31.03,False
2026-08-11 00:35:00+00:00,cell_001,149.98,15.12,3.27,0.33,24.95,False
2026-08-11 00:36:00+00:00,cell_001,147.97,13.75,2.48,0.51,25.17,False
2026-08-11 00:37:00+00:00,cell_001,150.58,13.14,3.87,1.07,26.79,False
2026-08-11 00:38:00+00:00,cell_001,150.05,13.71,2.88,0.49,33.24,False
2026-08-11 00:39:00+00:00,cell_001,152.94,14.71,3.64,0.54,31.78,False
2026-08-11 00:40:00+00:00,cell_001,146.15,16.03,3.37,0.29,20.25,False
2026-08-11 00:41:00+00:00,cell_001,147.77,13.85,3.36,0.49,32.36,False
2026-08-11 00:42:00+00:00,cell_001,152.37,13.96,3.3,0.43,33.7,False
2026-08-11 00:43:00+00:00,cell_001,148.28,15.62,3.42,0.29,33.04,False
2026-08-11 00:44:00+00:00,cell_001,147.5,14.17,3.56,0.27,32.94,False
2026-08-11 00:45:00+00:00,cell_001,148.45,16.31,3.65,0.55,33.05,False
2026-08-11 00:46:00+00:00,cell_001,149.92,14.45,3.33,0.32,31.9,False
2026-08-11 00:47:00+00:00,cell_001,149.94,15.77,3.0,0.26,23.38,False
2026-08-11 00:48:00+00:00,cell_001,149.61,14.98,2.99,0.71,34.89,False
2026-08-11 00:49:00+00:00,cell_001,147.16,15.3,3.67,0.76,38.65,False
2026-08-11 00:50:00+00:00,cell_001,152.57,14.42,3.28,0.26,36.36,False
2026-08-11 00:51:00+00:00,cell_001,154.24,14.48,3.05,0.66,31.4,False
2026-08-11 00:52:00+00:00,cell_001,144.53,15.01,3.14,0.12,29.65,False
2026-08-11 00:53:00+00:00,cell_001,145.6,15.39,3.33,0.26,26.88,False
2026-08-11 00:54:00+00:00,cell_001,153.28,15.12,2.98,0.21,20.64,False
2026-08-11 00:55:00+00:00,cell_001,154.98,12.83,3.35,0.35,34.84,False
2026-08-11 00:56:00+00:00,cell_001,143.89,14.85,3.74,0.45,22.59,False
2026-08-11 00:57:00+00:00,cell_001,152.72,13.94,3.33,0.2,28.21,False
2026-08-11 00:58:00+00:00,cell_001,155.19,14.05,2.83,0.36,28.1,False
2026-08-11 00:59:00+00:00,cell_001,147.69,15.05,3.62,0.26,36.28,False
2026-08-11 01:00:00+00:00,cell_001,155.02,16.29,3.69,0.5,33.32,False
2026-08-11 01:01:00+00:00,cell_001,149.74,14.36,3.71,0.47,26.93,False
2026-08-11 01:02:00+00:00,cell_001,151.22,16.57,3.38,0.73,29.43,False
2026-08-11 01:03:00+00:00,cell_001,148.12,13.5,4.06,0.1,28.96,False
2026-08-11 01:04:00+00:00,cell_001,153.28,15.83,3.58,0.68,33.12,False
2026-08-11 01:05:00+00:00,cell_001,152.77,15.02,4.26,0.68,24.96,False
2026-08-11 01:06:00+00:00,cell_001,155.44,14.8,3.77,0.34,31.48,False
2026-08-11 01:07:00+00:00,cell_001,154.59,15.98,3.72,0.38,29.0,False
2026-08-11 01:08:00+00:00,cell_001,150.23,13.96,3.18,0.52,42.27,False
2026-08-11 01:09:00+00:00,cell_001,159.58,15.87,3.08,0.65,26.08,False
2026-08-11 01:10:00+00:00,cell_001,154.3,14.39,3.4,0.04,36.15,False
2026-08-11 01:11:00+00:00,cell_001,151.87,13.96,3.3,0.36,27.92,False
2026-08-11 01:12:00+00:00,cell_001,147.25,13.27,3.2,0.54,29.6,False
2026-08-11 01:13:00+00:00,cell_001,145.64,16.18,3.32,0.46,36.84,False
2026-08-11 01:14:00+00:00,cell_001,145.89,15.74,3.3,0.45,32.82,False
2026-08-11 01:15:00+00:00,cell_001,147.42,14.12,3.17,0.12,29.53,False
2026-08-11 01:16:00+00:00,cell_001,154.34,15.15,3.56,0.35,28.33,False
2026-08-11 01:17:00+00:00,cell_001,151.66,14.73,3.14,0.37,37.06,False
2026-08-11 01:18:00+00:00,cell_001,148.35,14.25,3.35,0.27,28.33,False
2026-08-11 01:19:00+00:00,cell_001,149.77,15.57,3.0,0.67,28.34,False
2026-08-11 01:20:00+00:00,cell_001,149.4,13.98,3.4,0.38,26.74,False
2026-08-11 01:21:00+00:00,cell_001,152.56,12.42,3.43,0.28,39.2,False
2026-08-11 01:22:00+00:00,cell_001,147.51,14.87,3.08,0.84,23.88,False
2026-08-11 01:23:00+00:00,cell_001,151.19,14.68,3.39,0.54,31.62,False
2026-08-11 01:24:00+00:00,cell_001,151.02,14.02,3.34,0.48,31.87,False
2026-08-11 01:25:00+00:00,cell_001,147.56,13.72,3.23,0.42,24.22,False
2026-08-11 01:26:00+00:00,cell_001,154.86,13.06,3.23,0.32,28.88,False
2026-08-11 01:27:00+00:00,cell_001,149.2,14.25,3.5,0.28,28.39,False
2026-08-11 01:28:00+00:00,cell_001,147.09,13.74,3.38,0.22,27.24,False
2026-08-11 01:29:00+00:00,cell_001,152.61,15.59,3.66,0.38,30.81,False
2026-08-11 01:30:00+00:00,cell_001,150.2,15.14,3.06,0.15,31.87,False
2026-08-11 01:31:00+00:00,cell_001,151.25,14.14,3.31,0.63,28.88,False
2026-08-11 01:32:00+00:00,cell_001,146.45,15.15,3.19,0.32,40.38,False
2026-08-11 01:33:00+00:00,cell_001,152.42,14.52,3.39,0.62,27.08,False
2026-08-11 01:34:00+00:00,cell_001,156.49,14.36,3.45,0.28,31.69,False
2026-08-11 01:35:00+00:00,cell_001,146.16,14.58,3.02,0.53,31.02,False
2026-08-11 01:36:00+00:00,cell_001,150.99,16.41,3.55,0.17,33.48,False
2026-08-11 01:37:00+00:00,cell_001,147.56,15.28,4.02,0.32,31.52,False
2026-08-11 01:38:00+00:00,cell_001,157.96,14.34,3.43,0.35,26.3,False
2026-08-11 01:39:00+00:00,cell_001,153.59,15.54,3.12,0.5,33.77,False
2026-08-11 01:40:00+00:00,cell_001,150.7,15.5,3.29,0.2,30.64,False
2026-08-11 01:41:00+00:00,cell_001,146.14,14.91,3.28,0.74,35.47,False
2026-08-11 01:42:00+00:00,cell_001,146.85,14.32,3.18,0.45,34.52,False
2026-08-11 01:43:00+00:00,cell_001,152.02,14.26,3.6,0.44,33.64,False
2026-08-11 01:44:00+00:00,cell_001,145.67,13.58,2.83,0.16,35.32,False
2026-08-11 01:45:00+00:00,cell_001,145.74,14.84,3.46,0.51,27.86,False
2026-08-11 01:46:00+00:00,cell_001,149.74,14.05,3.77,0.67,31.18,False
2026-08-11 01:47:00+00:00,cell_001,150.09,14.23,3.75,0.27,36.31,False
2026-08-11 01:48:00+00:00,cell_001,150.8,15.29,3.69,0.33,31.96,False
2026-08-11 01:49:00+00:00,cell_001,148.32,16.36,3.19,0.4,26.96,False
2026-08-11 01:50:00+00:00,cell_001,152.37,15.05,3.82,0.39,25.65,False
2026-08-11 01:51:00+00:00,cell_001,147.0,14.57,3.5,0.26,34.74,False
2026-08-11 01:52:00+00:00,cell_001,151.44,14.66,3.81,0.53,28.14,False
2026-08-11 01:53:00+00:00,cell_001,150.17,15.82,3.71,0.69,30.68,False
2026-08-11 01:54:00+00:00,cell_001,151.3,15.08,3.48,0.44,38.02,False
2026-08-11 01:55:00+00:00,cell_001,153.02,14.89,3.32,0.27,26.81,False
2026-08-11 01:56:00+00:00,cell_001,148.08,14.96,4.1,0.23,36.97,False
2026-08-11 01:57:00+00:00,cell_001,147.43,13.27,2.86,0.94,26.08,False
2026-08-11 01:58:00+00:00,cell_001,144.32,15.09,3.34,0.37,37.11,False
2026-08-11 01:59:00+00:00,cell_001,143.29,13.83,2.97,0.56,32.01,False
2026-08-11 02:00:00+00:00,cell_001,148.79,15.11,3.43,0.12,22.65,False
2026-08-11 02:01:00+00:00,cell_001,148.96,13.98,3.5,0.3,25.15,False
2026-08-11 02:02:00+00:00,cell_001,146.0,15.31,3.2,0.67,26.98,False
2026-08-11 02:03:00+00:00,cell_001,146.61,14.57,3.23,0.28,31.98,False
2026-08-11 02:04:00+00:00,cell_001,153.76,13.58,3.0,0.29,36.99,False
2026-08-11 02:05:00+00:00,cell_001,151.78,14.44,3.54,0.53,33.35,False
2026-08-11 02:06:00+00:00,cell_001,145.33,16.94,3.26,0.32,27.14,False
2026-08-11 02:07:00+00:00,cell_001,147.76,12.47,3.53,0.57,38.71,False
2026-08-11 02:08:00+00:00,cell_001,150.26,14.91,3.25,0.32,31.22,False
2026-08-11 02:09:00+00:00,cell_001,147.13,13.74,3.48,0.44,27.0,False
2026-08-11 02:10:00+00:00,cell_001,146.55,16.13,3.63,0.59,31.04,False
2026-08-11 02:11:00+00:00,cell_001,147.92,15.58,3.55,0.37,31.72,False
2026-08-11 02:12:00+00:00,cell_001,152.17,14.95,3.47,0.21,27.45,False
2026-08-11 02:13:00+00:00,cell_001,152.41,15.69,3.38,0.37,36.52,False
2026-08-11 02:14:00+00:00,cell_001,146.62,15.02,3.56,0.26,30.0,False
2026-08-11 02:15:00+00:00,cell_001,150.16,14.78,3.23,0.36,27.71,False
2026-08-11 02:16:00+00:00,cell_001,148.72,14.18,3.36,0.46,34.96,False
2026-08-11 02:17:00+00:00,cell_001,145.68,14.43,3.52,0.46,33.94,False
2026-08-11 02:18:00+00:00,cell_001,147.77,14.33,3.88,0.64,35.94,False
2026-08-11 02:19:00+00:00,cell_001,144.83,14.81,3.24,0.3,35.88,False
2026-08-11 02:20:00+00:00,cell_001,152.07,12.91,3.16,0.46,28.81,False
2026-08-11 02:21:00+00:00,cell_001,153.19,15.84,3.51,0.73,31.59,False
2026-08-11 02:22:00+00:00,cell_001,147.26,16.76,3.79,0.53,20.98,False
2026-08-11 02:23:00+00:00,cell_001,146.5,14.39,3.67,0.65,32.95,False
2026-08-11 02:24:00+00:00,cell_001,151.57,16.0,3.43,0.45,33.53,False
2026-08-11 02:25:00+00:00,cell_001,152.01,14.7,3.8,0.62,31.37,False
2026-08-11 02:26:00+00:00,cell_001,144.97,14.23,2.89,0.43,27.64,False
2026-08-11 02:27:00+00:00,cell_001,147.83,14.46,3.74,0.18,37.77,False
2026-08-11 02:28:00+00:00,cell_001,148.05,14.93,3.34,0.59,26.5,False
2026-08-11 02:29:00+00:00,cell_001,145.87,14.13,3.62,0.54,40.12,False
2026-08-11 02:30:00+00:00,cell_001,149.29,15.46,3.74,0.47,25.07,False
2026-08-11 02:31:00+00:00,cell_001,145.99,15.93,3.5,0.3,31.4,False
2026-08-11 02:32:00+00:00,cell_001,146.42,16.85,3.46,0.95,21.38,False
2026-08-11 02:33:00+00:00,cell_001,147.69,19.79,3.33,0.83,29.06,False
2026-08-11 02:34:00+00:00,cell_001,143.47,20.48,3.95,0.49,34.11,False
2026-08-11 02:35:00+00:00,cell_001,141.72,22.63,3.55,1.16,34.54,False
2026-08-11 02:36:00+00:00,cell_001,150.6,24.71,3.51,1.23,31.82,False
2026-08-11 02:37:00+00:00,cell_001,145.57,24.08,3.9,0.75,30.57,False
2026-08-11 02:38:00+00:00,cell_001,154.15,30.87,3.3,0.56,44.95,False
2026-08-11 02:39:00+00:00,cell_001,153.61,31.41,3.38,1.12,32.8,False
2026-08-11 02:40:00+00:00,cell_001,146.12,30.12,3.74,0.9,47.45,False
2026-08-11 02:41:00+00:00,cell_001,154.6,33.07,3.99,2.23,41.01,False
2026-08-11 02:42:00+00:00,cell_001,150.35,36.27,3.47,0.61,30.06,False
2026-08-11 02:43:00+00:00,cell_001,145.54,36.97,3.58,1.9,31.05,False
2026-08-11 02:44:00+00:00,cell_001,139.68,42.92,2.99,0.99,41.63,False
2026-08-11 02:45:00+00:00,cell_001,149.44,39.17,3.85,1.12,26.65,False
2026-08-11 02:46:00+00:00,cell_001,147.41,44.77,3.14,0.83,40.69,False
2026-08-11 02:47:00+00:00,cell_001,148.56,39.31,3.31,1.42,33.18,False
2026-08-11 02:48:00+00:00,cell_001,146.52,41.3,3.53,0.88,21.4,False
2026-08-11 02:49:00+00:00,cell_001,143.72,51.74,3.28,1.31,28.22,False
2026-08-11 02:50:00+00:00,cell_001,145.81,46.81,2.89,0.7,32.76,False
2026-08-11 02:51:00+00:00,cell_001,149.16,46.0,3.11,0.23,31.45,False
2026-08-11 02:52:00+00:00,cell_001,145.92,51.4,3.51,1.46,30.5,False
2026-08-11 02:53:00+00:00,cell_001,145.84,57.74,3.93,2.6,26.76,False
2026-08-11 02:54:00+00:00,cell_001,142.31,52.15,3.91,1.9,34.06,False
2026-08-11 02:55:00+00:00,cell_001,147.08,56.48,3.6,1.65,41.95,False
2026-08-11 02:56:00+00:00,cell_001,143.41,51.13,3.53,3.86,41.9,False
2026-08-11 02:57:00+00:00,cell_001,149.44,14.57,3.73,0.01,40.5,False
2026-08-11 02:58:00+00:00,cell_001,144.42,16.04,3.89,0.53,33.65,False
2026-08-11 02:59:00+00:00,cell_001,145.68,14.27,3.53,0.3,40.69,False
2026-08-11 03:00:00+00:00,cell_001,153.0,13.79,3.54,0.48,26.8,False
2026-08-11 03:01:00+00:00,cell_001,145.52,14.29,3.56,0.32,37.84,False
2026-08-11 03:02:00+00:00,cell_001,145.06,14.47,3.8,0.34,42.81,False
2026-08-11 03:03:00+00:00,cell_001,148.07,15.85,3.09,0.53,38.63,False
2026-08-11 03:04:00+00:00,cell_001,140.9,15.47,3.51,0.44,26.89,False
2026-08-11 03:05:00+00:00,cell_001,149.94,15.67,3.63,0.33,30.6,False
2026-08-11 03:06:00+00:00,cell_001,149.11,15.13,2.94,0.21,31.9,False
2026-08-11 03:07:00+00:00,cell_001,147.63,14.49,3.79,0.63,29.84,False
2026-08-11 03:08:00+00:00,cell_001,135.87,14.35,3.84,0.43,33.67,False
2026-08-11 03:09:00+00:00,cell_001,145.15,15.56,2.93,0.23,34.9,False
2026-08-11 03:10:00+00:00,cell_001,142.05,16.73,3.39,0.14,34.33,False
2026-08-11 03:11:00+00:00,cell_001,149.17,14.21,3.41,0.53,31.05,False
2026-08-11 03:12:00+00:00,cell_001,148.89,14.14,3.26,0.41,41.18,False
2026-08-11 03:13:00+00:00,cell_001,146.83,14.03,3.3,0.51,34.81,False
2026-08-11 03:14:00+00:00,cell_001,141.99,16.0,3.37,0.98,28.68,False
2026-08-11 03:15:00+00:00,cell_001,150.01,15.14,3.71,0.64,33.66,False
2026-08-11 03:16:00+00:00,cell_001,144.67,15.74,3.91,0.47,33.18,False
2026-08-11 03:17:00+00:00,cell_001,150.81,14.69,3.7,0.14,26.95,False
2026-08-11 03:18:00+00:00,cell_001,146.12,15.82,3.26,0.8,34.23,False
2026-08-11 03:19:00+00:00,cell_001,146.77,14.93,3.78,0.49,42.66,False
2026-08-11 03:20:00+00:00,cell_001,143.8,13.68,3.72,0.97,35.06,False
2026-08-11 03:21:00+00:00,cell_001,149.33,16.15,2.66,0.32,35.48,False
2026-08-11 03:22:00+00:00,cell_001,146.87,15.2,3.92,0.22,39.25,False
2026-08-11 03:23:00+00:00,cell_001,149.3,14.94,3.59,0.77,33.61,False
2026-08-11 03:24:00+00:00,cell_001,145.43,15.54,3.6,0.53,31.22,False
2026-08-11 03:25:00+00:00,cell_001,144.68,13.82,3.03,0.73,40.28,False
2026-08-11 03:26:00+00:00,cell_001,146.54,15.71,4.04,0.24,36.76,False
2026-08-11 03:27:00+00:00,cell_001,149.01,14.69,3.66,0.24,28.38,False
2026-08-11 03:28:00+00:00,cell_001,147.65,15.14,3.8,0.28,39.09,False
2026-08-11 03:29:00+00:00,cell_001,144.94,16.44,3.17,0.0,38.72,False
2026-08-11 03:30:00+00:00,cell_001,138.88,15.96,3.72,0.38,28.48,False
2026-08-11 03:31:00+00:00,cell_001,146.81,15.15,3.73,0.11,25.36,False
2026-08-11 03:32:00+00:00,cell_001,139.99,15.23,3.53,0.5,34.08,False
2026-08-11 03:33:00+00:00,cell_001,144.33,12.78,3.19,0.47,50.22,False
2026-08-11 03:34:00+00:00,cell_001,143.81,14.53,3.56,0.31,49.48,False
2026-08-11 03:35:00+00:00,cell_001,139.82,15.53,3.3,0.59,45.27,False
2026-08-11 03:36:00+00:00,cell_001,145.12,14.61,3.37,0.52,34.02,False
2026-08-11 03:37:00+00:00,cell_001,150.38,14.05,3.94,0.76,33.74,False
2026-08-11 03:38:00+00:00,cell_001,142.91,15.87,3.62,0.86,31.5,False
2026-08-11 03:39:00+00:00,cell_001,146.06,16.7,3.57,0.52,31.91,False
2026-08-11 03:40:00+00:00,cell_001,150.75,14.69,3.24,0.58,41.29,False
2026-08-11 03:41:00+00:00,cell_001,146.19,16.29,3.58,0.61,46.96,False
2026-08-11 03:42:00+00:00,cell_001,141.59,16.15,3.56,0.88,37.12,False
2026-08-11 03:43:00+00:00,cell_001,144.16,14.46,3.31,0.21,35.75,False
2026-08-11 03:44:00+00:00,cell_001,144.81,14.72,3.93,0.38,33.96,False
2026-08-11 03:45:00+00:00,cell_001,147.59,17.26,3.92,0.22,37.6,False
2026-08-11 03:46:00+00:00,cell_001,146.85,14.35,3.38,0.37,34.48,False
2026-08-11 03:47:00+00:00,cell_001,134.81,14.87,3.73,0.42,31.84,False
2026-08-11 03:48:00+00:00,cell_001,140.47,17.45,3.06,0.32,39.89,False
2026-08-11 03:49:00+00:00,cell_001,142.75,14.93,3.72,0.58,35.07,False
2026-08-11 03:50:00+00:00,cell_001,139.83,16.86,3.86,0.6,36.57,False
2026-08-11 03:51:00+00:00,cell_001,131.69,14.5,3.29,0.49,39.37,False
2026-08-11 03:52:00+00:00,cell_001,140.53,15.67,3.63,0.56,29.05,False
2026-08-11 03:53:00+00:00,cell_001,142.61,16.63,3.67,0.85,31.85,False
2026-08-11 03:54:00+00:00,cell_001,140.96,15.08,4.5,0.57,40.27,False
2026-08-11 03:55:00+00:00,cell_001,139.46,15.66,4.41,0.23,33.9,False
2026-08-11 03:56:00+00:00,cell_001,142.49,16.32,3.74,0.34,40.06,False
2026-08-11 03:57:00+00:00,cell_001,143.31,14.68,3.45,0.33,36.26,False
2026-08-11 03:58:00+00:00,cell_001,140.79,17.83,3.72,0.78,41.43,False
2026-08-11 03:59:00+00:00,cell_001,146.23,16.64,3.99,0.4,32.14,False
2026-08-11 04:00:00+00:00,cell_001,142.2,15.26,3.15,0.3,36.1,False
2026-08-11 04:01:00+00:00,cell_001,139.32,15.39,3.03,0.27,48.38,False
2026-08-11 04:02:00+00:00,cell_001,138.48,17.55,3.32,0.39,42.31,False
2026-08-11 04:03:00+00:00,cell_001,141.12,15.29,3.89,0.38,45.21,False
2026-08-11 04:04:00+00:00,cell_001,145.01,15.18,3.91,0.35,40.73,False
2026-08-11 04:05:00+00:00,cell_001,139.11,16.81,3.8,0.68,34.44,False
2026-08-11 04:06:00+00:00,cell_001,143.28,14.28,4.01,0.45,37.21,False
2026-08-11 04:07:00+00:00,cell_001,141.69,15.61,3.62,0.49,37.74,False
2026-08-11 04:08:00+00:00,cell_001,147.3,15.78,3.6,0.66,37.87,False
2026-08-11 04:09:00+00:00,cell_001,142.4,15.01,3.8,0.67,47.79,False
2026-08-11 04:10:00+00:00,cell_001,139.04,14.16,4.2,0.38,40.22,False
2026-08-11 04:11:00+00:00,cell_001,143.26,15.8,3.81,0.75,34.5,False
2026-08-11 04:12:00+00:00,cell_001,143.27,16.43,3.66,0.5,38.17,False
2026-08-11 04:13:00+00:00,cell_001,139.67,15.08,3.82,0.39,43.72,False
2026-08-11 04:14:00+00:00,cell_001,137.28,14.59,4.13,0.69,34.23,False
2026-08-11 04:15:00+00:00,cell_001,142.29,17.04,3.59,0.59,47.36,False
2026-08-11 04:16:00+00:00,cell_001,140.78,16.32,3.57,0.57,49.31,False
2026-08-11 04:17:00+00:00,cell_001,135.94,15.44,3.57,0.44,37.93,False
2026-08-11 04:18:00+00:00,cell_001,141.16,16.73,3.96,0.51,44.9,False
2026-08-11 04:19:00+00:00,cell_001,138.4,16.07,3.48,0.37,47.11,False
2026-08-11 04:20:00+00:00,cell_001,135.67,17.63,3.91,0.47,37.39,False
2026-08-11 04:21:00+00:00,cell_001,139.06,16.51,3.28,0.43,40.51,False
2026-08-11 04:22:00+00:00,cell_001,143.87,14.47,3.65,0.56,41.35,False
2026-08-11 04:23:00+00:00,cell_001,143.55,15.21,3.71,0.82,44.7,False
2026-08-11 04:24:00+00:00,cell_001,142.67,15.27,4.27,0.48,50.26,False
2026-08-11 04:25:00+00:00,cell_001,140.55,16.21,4.03,0.67,41.75,False
2026-08-11 04:26:00+00:00,cell_001,141.43,15.6,3.63,0.54,35.54,False
2026-08-11 04:27:00+00:00,cell_001,139.84,14.79,3.59,0.75,34.44,False
2026-08-11 04:28:00+00:00,cell_001,136.13,16.52,3.54,0.86,39.55,False
2026-08-11 04:29:00+00:00,cell_001,136.64,16.94,3.41,0.42,42.07,False
2026-08-11 04:30:00+00:00,cell_001,137.43,15.85,4.24,0.18,49.59,False
2026-08-11 04:31:00+00:00,cell_001,143.36,16.18,3.53,0.27,35.04,False
2026-08-11 04:32:00+00:00,cell_001,142.29,15.01,4.28,0.72,42.93,False
2026-08-11 04:33:00+00:00,cell_001,135.72,15.47,3.79,0.58,51.36,False
2026-08-11 04:34:00+00:00,cell_001,139.02,15.52,3.74,0.33,46.06,False
2026-08-11 04:35:00+00:00,cell_001,137.55,16.58,3.8,0.84,38.0,False
2026-08-11 04:36:00+00:00,cell_001,138.2,16.28,4.14,0.46,45.17,False
2026-08-11 04:37:00+00:00,cell_001,136.96,15.71,3.52,0.45,44.15,False
2026-08-11 04:38:00+00:00,cell_001,142.68,15.68,3.93,0.46,50.74,False
2026-08-11 04:39:00+00:00,cell_001,138.31,14.1,3.77,0.78,48.25,False
2026-08-11 04:40:00+00:00,cell_001,138.91,17.68,3.91,0.37,46.1,False
2026-08-11 04:41:00+00:00,cell_001,138.83,14.01,3.73,0.78,47.62,False
2026-08-11 04:42:00+00:00,cell_001,134.98,16.53,3.69,0.64,45.13,False
2026-08-11 04:43:00+00:00,cell_001,138.28,16.15,3.96,0.8,41.22,False
2026-08-11 04:44:00+00:00,cell_001,141.04,15.86,3.39,0.68,48.78,False
2026-08-11 04:45:00+00:00,cell_001,142.17,16.13,4.22,0.6,41.92,False
2026-08-11 04:46:00+00:00,cell_001,134.21,15.49,3.84,0.67,47.21,False
2026-08-11 04:47:00+00:00,cell_001,132.99,16.82,3.65,0.55,49.04,False
2026-08-11 04:48:00+00:00,cell_001,137.63,14.87,3.93,0.39,39.4,False
2026-08-11 04:49:00+00:00,cell_001,140.67,16.52,3.61,0.66,44.67,False
2026-08-11 04:50:00+00:00,cell_001,138.32,15.53,3.85,0.52,53.69,False
2026-08-11 04:51:00+00:00,cell_001,139.18,15.79,3.85,0.78,52.71,False
2026-08-11 04:52:00+00:00,cell_001,132.95,15.83,4.21,0.78,48.32,False
2026-08-11 04:53:00+00:00,cell_001,135.21,16.08,3.92,0.65,45.39,False
2026-08-11 04:54:00+00:00,cell_001,130.24,16.76,3.5,0.73,45.06,False
2026-08-11 04:55:00+00:00,cell_001,136.29,16.23,4.02,0.63,43.19,False
2026-08-11 04:56:00+00:00,cell_001,130.12,17.22,4.06,0.64,46.32,False
2026-08-11 04:57:00+00:00,cell_001,140.51,17.34,3.37,0.41,53.26,False
2026-08-11 04:58:00+00:00,cell_001,141.07,16.62,3.5,0.59,43.78,False
2026-08-11 04:59:00+00:00,cell_001,136.72,17.0,4.46,0.63,40.69,False
2026-08-11 05:00:00+00:00,cell_001,131.65,18.36,3.76,0.61,52.08,False
2026-08-11 05:01:00+00:00,cell_001,137.21,14.93,3.77,0.59,45.49,False
2026-08-11 05:02:00+00:00,cell_001,141.55,17.44,3.86,0.58,42.52,False
2026-08-11 05:03:00+00:00,cell_001,137.3,17.92,3.68,0.96,47.74,False
2026-08-11 05:04:00+00:00,cell_001,139.32,16.82,3.35,0.57,46.04,False
2026-08-11 05:05:00+00:00,cell_001,134.2,18.3,3.54,0.69,48.1,False
2026-08-11 05:06:00+00:00,cell_001,132.93,18.19,3.69,0.55,50.42,False
2026-08-11 05:07:00+00:00,cell_001,135.23,16.09,3.74,0.61,49.87,False
2026-08-11 05:08:00+00:00,cell_001,129.55,16.18,3.66,0.37,50.47,False
2026-08-11 05:09:00+00:00,cell_001,142.01,16.98,3.45,0.43,48.99,False
2026-08-11 05:10:00+00:00,cell_001,135.53,15.84,3.73,0.45,39.54,False
2026-08-11 05:11:00+00:00,cell_001,137.6,19.19,4.24,0.27,48.98,False
2026-08-11 05:12:00+00:00,cell_001,133.51,17.28,3.71,0.57,42.24,False
2026-08-11 05:13:00+00:00,cell_001,130.15,16.55,3.86,0.37,45.22,False
2026-08-11 05:14:00+00:00,cell_001,138.95,15.11,4.35,0.34,45.43,False
2026-08-11 05:15:00+00:00,cell_001,131.19,16.79,3.71,0.98,51.95,False
2026-08-11 05:16:00+00:00,cell_001,135.5,15.36,4.84,0.78,40.29,False
2026-08-11 05:17:00+00:00,cell_001,135.67,17.32,4.2,0.97,48.37,False
2026-08-11 05:18:00+00:00,cell_001,134.45,14.07,3.95,0.54,49.03,False
2026-08-11 05:19:00+00:00,cell_001,131.77,17.97,3.86,0.5,53.51,False
2026-08-11 05:20:00+00:00,cell_001,133.56,16.18,4.34,0.64,50.27,False
2026-08-11 05:21:00+00:00,cell_001,131.05,14.93,3.74,0.64,52.64,False
2026-08-11 05:22:00+00:00,cell_001,136.21,16.62,3.82,0.5,50.63,False
2026-08-11 05:23:00+00:00,cell_001,135.39,16.66,4.43,0.41,58.74,False
2026-08-11 05:24:00+00:00,cell_001,133.5,16.59,3.84,0.68,48.16,False
2026-08-11 05:25:00+00:00,cell_001,131.74,18.05,3.82,0.25,62.13,False
2026-08-11 05:26:00+00:00,cell_001,139.66,17.07,3.76,0.68,47.84,False
2026-08-11 05:27:00+00:00,cell_001,129.32,17.5,3.39,0.51,54.67,False
2026-08-11 05:28:00+00:00,cell_001,128.48,16.47,4.28,0.72,58.54,False
2026-08-11 05:29:00+00:00,cell_001,132.75,17.16,3.96,0.78,50.13,False
2026-08-11 05:30:00+00:00,cell_001,132.11,15.43,4.3,0.68,50.85,False
2026-08-11 05:31:00+00:00,cell_001,136.06,17.02,3.93,0.34,44.63,False
2026-08-11 05:32:00+00:00,cell_001,134.59,16.01,3.86,0.27,68.45,False
2026-08-11 05:33:00+00:00,cell_001,132.63,18.1,3.79,0.26,50.62,False
2026-08-11 05:34:00+00:00,cell_001,133.93,16.87,4.2,0.47,58.95,False
2026-08-11 05:35:00+00:00,cell_001,133.76,17.48,3.76,0.28,48.47,False
2026-08-11 05:36:00+00:00,cell_001,138.51,17.09,4.12,0.56,45.17,False
2026-08-11 05:37:00+00:00,cell_001,132.84,18.65,4.02,0.39,49.16,False
2026-08-11 05:38:00+00:00,cell_001,129.93,15.3,3.7,0.45,53.41,False
2026-08-11 05:39:00+00:00,cell_001,132.45,16.76,3.88,0.57,53.26,False
2026-08-11 05:40:00+00:00,cell_001,123.88,15.92,4.02,0.65,49.53,False
2026-08-11 05:41:00+00:00,cell_001,131.52,14.85,3.93,0.41,50.71,False
2026-08-11 05:42:00+00:00,cell_001,134.79,15.89,4.6,0.48,53.84,False
2026-08-11 05:43:00+00:00,cell_001,133.2,18.1,4.1,0.64,49.34,False
2026-08-11 05:44:00+00:00,cell_001,132.17,16.91,3.98,0.55,51.07,False
2026-08-11 05:45:00+00:00,cell_001,133.11,16.74,3.93,0.54,48.16,False
2026-08-11 05:46:00+00:00,cell_001,134.35,17.74,3.98,0.71,57.68,False
2026-08-11 05:47:00+00:00,cell_001,135.2,17.1,3.87,0.39,47.3,False
2026-08-11 05:48:00+00:00,cell_001,132.15,17.61,3.81,0.74,52.51,False
2026-08-11 05:49:00+00:00,cell_001,129.74,17.34,4.24,1.03,56.87,False
2026-08-11 05:50:00+00:00,cell_001,123.63,17.57,4.52,0.63,57.4,False
2026-08-11 05:51:00+00:00,cell_001,133.39,16.59,3.93,0.48,48.82,False
2026-08-11 05:52:00+00:00,cell_001,131.88,18.1,4.2,0.29,58.59,False
2026-08-11 05:53:00+00:00,cell_001,130.68,15.86,3.87,0.48,57.18,False
2026-08-11 05:54:00+00:00,cell_001,128.04,17.0,4.11,0.65,58.32,False
2026-08-11 05:55:00+00:00,cell_001,132.88,18.2,3.69,0.55,54.59,False
2026-08-11 05:56:00+00:00,cell_001,129.1,16.96,3.83,0.57,57.55,False
2026-08-11 05:57:00+00:00,cell_001,129.65,16.7,3.82,0.56,58.47,False
2026-08-11 05:58:00+00:00,cell_001,129.46,19.43,4.05,0.48,68.03,False
2026-08-11 05:59:00+00:00,cell_001,130.86,18.58,3.75,0.57,47.18,False
2026-08-11 06:00:00+00:00,cell_001,125.95,17.32,3.43,0.42,57.99,False
2026-08-11 06:01:00+00:00,cell_001,130.96,16.22,3.7,0.6,59.72,False
2026-08-11 06:02:00+00:00,cell_001,126.99,15.17,4.06,0.61,57.71,False
2026-08-11 06:03:00+00:00,cell_001,126.98,17.93,3.88,0.86,61.44,False
2026-08-11 06:04:00+00:00,cell_001,131.57,18.5,3.95,0.43,61.33,False
2026-08-11 06:05:00+00:00,cell_001,125.81,17.64,4.2,0.73,58.47,False
2026-08-11 06:06:00+00:00,cell_001,131.33,15.55,3.88,0.75,56.33,False
2026-08-11 06:07:00+00:00,cell_001,128.86,17.44,4.11,0.53,46.69,False
2026-08-11 06:08:00+00:00,cell_001,123.49,16.81,4.78,0.45,67.99,False
2026-08-11 06:09:00+00:00,cell_001,132.41,17.47,4.03,0.85,45.76,False
2026-08-11 06:10:00+00:00,cell_001,129.13,19.27,4.08,0.33,60.76,False
2026-08-11 06:11:00+00:00,cell_001,129.26,18.13,4.26,0.43,59.55,False
2026-08-11 06:12:00+00:00,cell_001,130.98,17.93,3.91,0.37,51.37,False
2026-08-11 06:13:00+00:00,cell_001,132.34,17.32,3.98,0.45,69.46,False
2026-08-11 06:14:00+00:00,cell_001,128.32,17.8,4.13,0.54,62.83,False
2026-08-11 06:15:00+00:00,cell_001,129.45,16.67,4.23,0.89,60.0,False
2026-08-11 06:16:00+00:00,cell_001,128.59,17.97,3.89,0.51,52.14,False
2026-08-11 06:17:00+00:00,cell_001,126.33,17.23,4.34,1.01,66.5,False
2026-08-11 06:18:00+00:00,cell_001,122.49,16.62,4.64,0.77,66.99,False
2026-08-11 06:19:00+00:00,cell_001,127.76,18.27,3.61,0.49,59.92,False
2026-08-11 06:20:00+00:00,cell_001,131.13,15.24,4.31,0.5,68.49,False
2026-08-11 06:21:00+00:00,cell_001,128.62,16.94,4.17,0.63,60.5,False
2026-08-11 06:22:00+00:00,cell_001,123.55,18.11,4.11,0.61,61.53,False
2026-08-11 06:23:00+00:00,cell_001,129.92,18.74,4.3,0.36,59.4,False
2026-08-11 06:24:00+00:00,cell_001,125.58,18.0,4.62,0.45,63.61,False
2026-08-11 06:25:00+00:00,cell_001,120.11,16.87,4.29,0.29,62.78,False
2026-08-11 06:26:00+00:00,cell_001,129.32,17.51,4.5,0.95,57.43,False
2026-08-11 06:27:00+00:00,cell_001,123.31,17.87,4.21,0.63,54.5,False
2026-08-11 06:28:00+00:00,cell_001,131.36,19.15,4.33,0.54,59.33,False
2026-08-11 06:29:00+00:00,cell_001,129.34,18.53,4.06,0.47,64.1,False
2026-08-11 06:30:00+00:00,cell_001,125.1,18.55,4.24,0.49,59.72,False
2026-08-11 06:31:00+00:00,cell_001,127.04,17.7,4.15,0.31,56.06,False
2026-08-11 06:32:00+00:00,cell_001,132.81,16.58,4.27,0.64,60.5,False
2026-08-11 06:33:00+00:00,cell_001,128.41,16.26,3.75,0.76,55.14,False
2026-08-11 06:34:00+00:00,cell_001,126.01,17.38,3.91,0.92,58.38,False
2026-08-11 06:35:00+00:00,cell_001,133.84,18.4,4.61,0.76,52.2,False
2026-08-11 06:36:00+00:00,cell_001,125.4,17.21,4.68,0.76,62.05,False
2026-08-11 06:37:00+00:00,cell_001,126.67,18.3,3.74,0.84,65.52,False
2026-08-11 06:38:00+00:00,cell_001,121.99,16.95,4.1,0.58,61.9,False
2026-08-11 06:39:00+00:00,cell_001,119.66,17.12,4.05,0.34,63.88,False
2026-08-11 06:40:00+00:00,cell_001,123.69,19.18,4.35,0.77,62.82,False
2026-08-11 06:41:00+00:00,cell_001,124.55,18.55,4.25,0.47,64.56,False
2026-08-11 06:42:00+00:00,cell_001,125.3,17.5,4.49,0.59,65.31,False
2026-08-11 06:43:00+00:00,cell_001,119.93,16.99,3.88,0.41,65.57,False
2026-08-11 06:44:00+00:00,cell_001,126.05,18.78,4.4,0.84,68.37,False
2026-08-11 06:45:00+00:00,cell_001,121.45,18.72,4.2,0.78,54.68,False
2026-08-11 06:46:00+00:00,cell_001,125.65,18.5,4.08,0.33,66.79,False
2026-08-11 06:47:00+00:00,cell_001,126.5,17.7,4.44,0.64,61.92,False
2026-08-11 06:48:00+00:00,cell_001,122.39,16.8,4.24,0.82,60.79,False
2026-08-11 06:49:00+00:00,cell_001,120.56,17.89,4.28,0.59,53.65,False
2026-08-11 06:50:00+00:00,cell_001,127.96,19.33,4.72,0.61,55.54,False
2026-08-11 06:51:00+00:00,cell_001,125.83,17.03,4.34,0.81,61.11,False
2026-08-11 06:52:00+00:00,cell_001,123.54,18.0,4.91,0.57,59.62,False
2026-08-11 06:53:00+00:00,cell_001,127.37,19.61,3.63,0.6,68.91,False
2026-08-11 06:54:00+00:00,cell_001,123.09,17.68,4.33,0.78,67.77,False
2026-08-11 06:55:00+00:00,cell_001,120.85,17.87,4.01,0.42,71.75,False
2026-08-11 06:56:00+00:00,cell_001,119.59,16.66,4.07,0.49,63.62,False
2026-08-11 06:57:00+00:00,cell_001,122.15,18.65,4.15,0.28,67.81,False
2026-08-11 06:58:00+00:00,cell_001,124.66,17.3,4.63,1.03,56.82,False
2026-08-11 06:59:00+00:00,cell_001,126.39,16.51,4.24,0.65,76.8,False
2026-08-11 07:00:00+00:00,cell_001,122.17,17.12,4.02,0.84,73.98,False
2026-08-11 07:01:00+00:00,cell_001,125.62,18.3,4.56,0.39,61.01,False
2026-08-11 07:02:00+00:00,cell_001,121.21,16.53,4.02,0.87,73.31,False
2026-08-11 07:03:00+00:00,cell_001,119.39,16.74,4.88,0.57,59.71,False
2026-08-11 07:04:00+00:00,cell_001,117.69,18.7,3.99,0.9,62.24,False
2026-08-11 07:05:00+00:00,cell_001,119.97,18.08,4.3,0.59,65.81,False
2026-08-11 07:06:00+00:00,cell_001,117.56,17.25,4.97,0.41,61.53,False
2026-08-11 07:07:00+00:00,cell_001,127.27,17.86,4.3,0.85,69.1,False
2026-08-11 07:08:00+00:00,cell_001,122.44,19.94,4.52,0.64,71.91,False
2026-08-11 07:09:00+00:00,cell_001,120.71,19.49,4.37,0.4,59.28,False
2026-08-11 07:10:00+00:00,cell_001,126.04,18.12,4.41,0.3,67.12,False
2026-08-11 07:11:00+00:00,cell_001,116.84,19.06,4.16,0.72,61.73,False
2026-08-11 07:12:00+00:00,cell_001,120.21,18.38,4.55,0.63,68.21,False
2026-08-11 07:13:00+00:00,cell_001,126.5,16.5,4.82,0.68,68.48,False
2026-08-11 07:14:00+00:00,cell_001,119.95,16.34,3.84,0.68,63.95,False
2026-08-11 07:15:00+00:00,cell_001,127.6,17.39,4.15,0.61,66.47,False
2026-08-11 07:16:00+00:00,cell_001,122.49,16.74,4.27,0.71,67.96,False
2026-08-11 07:17:00+00:00,cell_001,123.93,18.61,4.17,0.78,64.17,False
2026-08-11 07:18:00+00:00,cell_001,123.89,17.8,4.63,0.61,59.37,False
2026-08-11 07:19:00+00:00,cell_001,119.77,18.79,4.26,0.74,71.78,False
2026-08-11 07:20:00+00:00,cell_001,118.18,18.82,4.47,0.75,71.89,False
2026-08-11 07:21:00+00:00,cell_001,119.18,19.08,4.9,0.85,71.81,False
2026-08-11 07:22:00+00:00,cell_001,116.44,17.48,3.92,0.2,63.39,False
2026-08-11 07:23:00+00:00,cell_001,119.08,18.94,4.56,0.56,67.34,False
2026-08-11 07:24:00+00:00,cell_001,119.14,17.48,4.43,0.75,60.51,False
2026-08-11 07:25:00+00:00,cell_001,124.1,19.17,4.44,1.06,79.24,False
2026-08-11 07:26:00+00:00,cell_001,120.69,19.69,4.2,0.88,62.32,False
2026-08-11 07:27:00+00:00,cell_001,125.88,19.21,4.37,0.89,75.37,False
2026-08-11 07:28:00+00:00,cell_001,112.19,18.32,4.48,1.18,65.38,False
2026-08-11 07:29:00+00:00,cell_001,114.89,19.08,4.43,0.63,70.93,False
2026-08-11 07:30:00+00:00,cell_001,117.36,17.0,4.7,1.06,68.28,False
2026-08-11 07:31:00+00:00,cell_001,122.78,16.79,4.17,0.79,67.79,False
2026-08-11 07:32:00+00:00,cell_001,117.85,19.03,4.08,0.45,71.9,False
2026-08-11 07:33:00+00:00,cell_001,113.65,19.88,3.9,0.31,67.26,False
2026-08-11 07:34:00+00:00,cell_001,117.2,17.36,4.55,0.61,62.11,False
2026-08-11 07:35:00+00:00,cell_001,114.22,18.62,4.74,0.78,69.5,False
2026-08-11 07:36:00+00:00,cell_001,113.51,19.06,4.17,0.6,76.05,False
2026-08-11 07:37:00+00:00,cell_001,123.57,18.02,4.14,0.68,70.71,False
2026-08-11 07:38:00+00:00,cell_001,116.4,18.31,5.09,1.04,66.08,False
2026-08-11 07:39:00+00:00,cell_001,117.85,19.28,4.92,0.66,84.75,False
2026-08-11 07:40:00+00:00,cell_001,116.93,18.79,4.94,1.05,71.12,False
2026-08-11 07:41:00+00:00,cell_001,116.33,18.81,4.65,0.81,66.98,False
2026-08-11 07:42:00+00:00,cell_001,114.44,17.73,4.76,0.87,82.12,False
2026-08-11 07:43:00+00:00,cell_001,115.91,18.69,4.46,0.61,62.87,False
2026-08-11 07:44:00+00:00,cell_001,117.74,18.34,4.13,0.64,67.02,False
2026-08-11 07:45:00+00:00,cell_001,120.86,18.41,4.15,0.66,76.94,False
2026-08-11 07:46:00+00:00,cell_001,119.33,18.23,4.56,0.64,67.23,False
2026-08-11 07:47:00+00:00,cell_001,112.71,18.76,4.84,0.79,75.78,False
2026-08-11 07:48:00+00:00,cell_001,119.21,17.93,4.52,0.92,76.57,False
2026-08-11 07:49:00+00:00,cell_001,117.55,18.83,4.76,1.15,82.77,False
2026-08-11 07:50:00+00:00,cell_001,114.13,18.46,4.55,0.52,77.89,False
2026-08-11 07:51:00+00:00,cell_001,116.43,17.91,4.67,0.66,70.43,False
2026-08-11 07:52:00+00:00,cell_001,117.48,16.91,4.82,0.86,69.19,False
2026-08-11 07:53:00+00:00,cell_001,115.78,19.82,4.99,0.68,67.74,False
2026-08-11 07:54:00+00:00,cell_001,116.96,19.63,4.68,0.41,67.59,False
2026-08-11 07:55:00+00:00,cell_001,112.81,18.1,5.18,0.83,75.29,False
2026-08-11 07:56:00+00:00,cell_001,121.26,19.6,4.53,0.51,64.58,False
2026-08-11 07:57:00+00:00,cell_001,109.38,17.91,5.01,0.71,74.42,False
2026-08-11 07:58:00+00:00,cell_001,116.78,18.64,4.79,1.01,64.12,False
2026-08-11 07:59:00+00:00,cell_001,116.03,18.43,4.07,0.81,75.2,False
2026-08-11 08:00:00+00:00,cell_001,116.74,18.7,5.05,0.8,71.32,False
2026-08-11 08:01:00+00:00,cell_001,112.56,19.64,4.35,0.97,77.37,False
2026-08-11 08:02:00+00:00,cell_001,118.08,18.6,4.56,0.65,60.85,False
2026-08-11 08:03:00+00:00,cell_001,114.13,18.68,4.9,0.74,79.23,False
2026-08-11 08:04:00+00:00,cell_001,110.78,19.78,4.42,0.64,74.7,False
2026-08-11 08:05:00+00:00,cell_001,110.93,19.11,4.62,0.83,72.45,False
2026-08-11 08:06:00+00:00,cell_001,114.47,18.47,4.84,0.41,77.56,False
2026-08-11 08:07:00+00:00,cell_001,109.19,19.32,4.4,0.5,77.31,False
2026-08-11 08:08:00+00:00,cell_001,119.26,20.09,4.58,0.68,68.35,False
2026-08-11 08:09:00+00:00,cell_001,116.89,20.16,4.55,0.8,76.16,False
2026-08-11 08:10:00+00:00,cell_001,119.11,17.8,4.95,1.06,79.19,False
2026-08-11 08:11:00+00:00,cell_001,118.68,17.86,5.14,0.5,67.71,False
2026-08-11 08:12:00+00:00,cell_001,112.34,20.15,4.34,0.67,76.84,False
2026-08-11 08:13:00+00:00,cell_001,110.67,18.88,4.7,0.73,81.98,False
2026-08-11 08:14:00+00:00,cell_001,105.13,16.98,4.52,0.45,76.96,False
2026-08-11 08:15:00+00:00,cell_001,111.83,18.47,4.69,0.53,73.9,False
2026-08-11 08:16:00+00:00,cell_001,118.22,18.77,5.22,0.32,69.55,False
2026-08-11 08:17:00+00:00,cell_001,110.33,18.91,4.81,0.79,71.04,False
2026-08-11 08:18:00+00:00,cell_001,112.07,20.0,4.53,0.52,74.66,False
2026-08-11 08:19:00+00:00,cell_001,110.92,18.32,4.29,0.93,80.71,False
2026-08-11 08:20:00+00:00,cell_001,113.59,20.2,5.0,0.77,79.93,False
2026-08-11 08:21:00+00:00,cell_001,116.21,19.57,4.57,0.65,75.11,False
2026-08-11 08:22:00+00:00,cell_001,107.62,18.01,4.48,0.54,73.12,False
2026-08-11 08:23:00+00:00,cell_001,108.07,18.99,4.81,0.76,74.34,False
2026-08-11 08:24:00+00:00,cell_001,116.46,19.82,4.89,0.64,83.32,False
2026-08-11 08:25:00+00:00,cell_001,114.09,19.38,4.61,0.8,70.05,False
2026-08-11 08:26:00+00:00,cell_001,111.0,19.73,4.45,0.92,77.91,False
2026-08-11 08:27:00+00:00,cell_001,116.78,18.78,5.14,0.54,75.24,False
2026-08-11 08:28:00+00:00,cell_001,107.45,19.93,4.94,0.6,81.29,False
2026-08-11 08:29:00+00:00,cell_001,114.23,19.0,5.04,0.95,77.01,False
2026-08-11 08:30:00+00:00,cell_001,111.11,21.95,4.64,0.97,71.9,False
2026-08-11 08:31:00+00:00,cell_001,113.02,18.1,4.5,0.5,86.22,False
2026-08-11 08:32:00+00:00,cell_001,103.93,22.13,4.59,0.53,79.54,False
2026-08-11 08:33:00+00:00,cell_001,110.2,18.5,4.3,0.52,79.39,False
2026-08-11 08:34:00+00:00,cell_001,113.08,20.74,4.66,0.74,71.73,False
2026-08-11 08:35:00+00:00,cell_001,110.56,20.31,4.56,0.42,77.22,False
2026-08-11 08:36:00+00:00,cell_001,114.41,18.58,4.75,0.7,75.32,False
2026-08-11 08:37:00+00:00,cell_001,114.19,20.11,4.79,0.69,78.67,False
2026-08-11 08:38:00+00:00,cell_001,107.54,19.02,4.8,0.57,69.87,False
2026-08-11 08:39:00+00:00,cell_001,112.78,19.81,4.61,0.72,80.04,False
2026-08-11 08:40:00+00:00,cell_001,107.21,19.7,4.43,0.72,83.69,False
2026-08-11 08:41:00+00:00,cell_001,110.24,19.21,4.36,0.63,76.93,False
2026-08-11 08:42:00+00:00,cell_001,111.94,19.14,4.85,1.04,81.17,False
2026-08-11 08:43:00+00:00,cell_001,107.35,19.93,4.84,0.62,74.76,False
2026-08-11 08:44:00+00:00,cell_001,112.11,18.7,4.38,0.71,88.5,False
2026-08-11 08:45:00+00:00,cell_001,108.12,18.75,5.23,0.58,75.12,False
2026-08-11 08:46:00+00:00,cell_001,107.79,20.58,5.06,0.9,79.42,False
2026-08-11 08:47:00+00:00,cell_001,111.54,20.07,4.51,0.48,76.48,False
2026-08-11 08:48:00+00:00,cell_001,106.8,18.35,4.9,0.73,75.97,False
2026-08-11 08:49:00+00:00,cell_001,106.54,18.67,4.78,0.52,88.72,False
2026-08-11 08:50:00+00:00,cell_001,112.21,17.55,4.9,0.36,88.32,False
2026-08-11 08:51:00+00:00,cell_001,109.31,20.61,4.88,0.57,78.62,False
2026-08-11 08:52:00+00:00,cell_001,104.51,20.4,5.03,0.58,98.38,False
2026-08-11 08:53:00+00:00,cell_001,111.33,18.64,5.28,0.82,86.95,False
2026-08-11 08:54:00+00:00,cell_001,107.44,20.39,4.93,0.54,86.66,False
2026-08-11 08:55:00+00:00,cell_001,104.34,21.74,5.0,0.29,81.76,False
2026-08-11 08:56:00+00:00,cell_001,100.92,18.22,5.29,0.31,87.82,False
2026-08-11 08:57:00+00:00,cell_001,111.04,19.16,4.69,0.74,82.63,False
2026-08-11 08:58:00+00:00,cell_001,105.65,18.23,4.58,0.8,77.21,False
2026-08-11 08:59:00+00:00,cell_001,104.39,20.75,5.06,0.75,82.17,False
2026-08-11 09:00:00+00:00,cell_001,109.93,19.72,4.5,0.63,80.19,False
2026-08-11 09:01:00+00:00,cell_001,110.32,19.43,4.62,0.78,76.38,False
2026-08-11 09:02:00+00:00,cell_001,105.44,20.07,5.32,0.34,87.74,False
2026-08-11 09:03:00+00:00,cell_001,110.43,19.3,4.36,0.31,83.69,False
2026-08-11 09:04:00+00:00,cell_001,113.75,19.47,4.97,0.42,82.61,False
2026-08-11 09:05:00+00:00,cell_001,111.52,20.16,4.45,0.68,91.85,False
2026-08-11 09:06:00+00:00,cell_001,110.95,19.29,5.01,0.87,84.08,False
2026-08-11 09:07:00+00:00,cell_001,108.22,19.44,5.44,0.52,89.56,False
2026-08-11 09:08:00+00:00,cell_001,105.84,19.76,4.59,0.54,78.25,False
2026-08-11 09:09:00+00:00,cell_001,106.9,20.03,4.27,0.84,79.72,False
2026-08-11 09:10:00+00:00,cell_001,108.28,20.55,5.01,0.64,83.8,False
2026-08-11 09:11:00+00:00,cell_001,103.09,20.54,4.72,0.76,84.41,False
2026-08-11 09:12:00+00:00,cell_001,104.45,18.47,4.85,0.74,85.54,False
2026-08-11 09:13:00+00:00,cell_001,102.37,21.39,5.02,0.47,89.2,False
2026-08-11 09:14:00+00:00,cell_001,107.25,20.06,5.08,1.08,100.0,False
2026-08-11 09:15:00+00:00,cell_001,106.7,19.68,5.09,0.55,76.38,False
2026-08-11 09:16:00+00:00,cell_001,104.39,19.12,4.91,1.1,81.51,False
2026-08-11 09:17:00+00:00,cell_001,108.7,22.02,5.06,0.83,86.7,False
2026-08-11 09:18:00+00:00,cell_001,103.01,22.41,4.87,0.78,94.58,False
2026-08-11 09:19:00+00:00,cell_001,103.97,21.93,4.83,0.43,83.81,False
2026-08-11 09:20:00+00:00,cell_001,108.28,20.19,4.93,0.79,84.96,False
2026-08-11 09:21:00+00:00,cell_001,108.63,20.43,5.11,0.71,83.14,False
2026-08-11 09:22:00+00:00,cell_001,103.35,21.59,4.75,0.68,87.96,False
2026-08-11 09:23:00+00:00,cell_001,106.33,19.87,5.01,0.47,85.29,False
2026-08-11 09:24:00+00:00,cell_001,103.2,20.66,4.81,0.9,89.65,False
2026-08-11 09:25:00+00:00,cell_001,104.85,20.36,4.73,0.91,91.81,False
2026-08-11 09:26:00+00:00,cell_001,105.77,22.07,5.27,0.39,83.9,False
2026-08-11 09:27:00+00:00,cell_001,106.92,21.6,5.07,0.61,90.71,False
2026-08-11 09:28:00+00:00,cell_001,106.1,20.03,5.08,0.67,82.29,False
2026-08-11 09:29:00+00:00,cell_001,105.87,21.71,4.68,0.8,87.27,False
2026-08-11 09:30:00+00:00,cell_001,101.71,20.19,4.9,0.76,82.93,False
2026-08-11 09:31:00+00:00,cell_001,106.02,19.66,5.16,0.72,78.11,False
2026-08-11 09:32:00+00:00,cell_001,106.41,19.93,5.09,0.83,91.13,False
2026-08-11 09:33:00+00:00,cell_001,106.72,20.38,5.75,1.11,81.53,False
2026-08-11 09:34:00+00:00,cell_001,102.4,19.46,5.05,0.67,83.07,False
2026-08-11 09:35:00+00:00,cell_001,107.21,19.74,4.79,0.94,85.09,False
2026-08-11 09:36:00+00:00,cell_001,100.42,18.82,4.86,1.09,96.52,False
2026-08-11 09:37:00+00:00,cell_001,102.98,19.46,4.74,1.04,95.26,False
2026-08-11 09:38:00+00:00,cell_001,103.35,20.53,4.81,0.87,78.85,False
2026-08-11 09:39:00+00:00,cell_001,100.3,21.34,5.03,0.87,81.19,False
2026-08-11 09:40:00+00:00,cell_001,103.12,21.23,4.87,0.82,96.88,False
2026-08-11 09:41:00+00:00,cell_001,104.56,20.76,5.41,1.08,98.54,False
2026-08-11 09:42:00+00:00,cell_001,98.32,18.81,5.28,0.66,90.12,False
2026-08-11 09:43:00+00:00,cell_001,102.52,19.49,5.28,0.66,88.53,False
2026-08-11 09:44:00+00:00,cell_001,98.37,20.16,4.94,0.61,87.65,False
2026-08-11 09:45:00+00:00,cell_001,109.65,21.33,5.3,1.23,86.98,False
2026-08-11 09:46:00+00:00,cell_001,104.07,19.83,5.33,1.05,81.95,False
2026-08-11 09:47:00+00:00,cell_001,103.72,19.17,5.51,0.62,92.44,False
2026-08-11 09:48:00+00:00,cell_001,103.94,21.85,4.87,0.5,83.71,False
2026-08-11 09:49:00+00:00,cell_001,104.97,19.68,5.04,0.7,91.8,False
2026-08-11 09:50:00+00:00,cell_001,106.0,19.3,4.81,0.76,88.82,False
2026-08-11 09:51:00+00:00,cell_001,98.28,20.67,5.83,0.79,94.23,False
2026-08-11 09:52:00+00:00,cell_001,106.81,20.4,4.98,0.44,85.44,False
2026-08-11 09:53:00+00:00,cell_001,106.53,19.96,5.43,0.6,82.6,False
2026-08-11 09:54:00+00:00,cell_001,102.51,20.47,5.1,0.99,84.03,False
2026-08-11 09:55:00+00:00,cell_001,102.26,19.56,5.32,0.87,89.1,False
2026-08-11 09:56:00+00:00,cell_001,93.22,19.98,5.05,0.61,88.54,False
2026-08-11 09:57:00+00:00,cell_001,98.71,20.47,5.34,0.94,83.01,False
2026-08-11 09:58:00+00:00,cell_001,103.91,18.48,5.15,0.94,86.87,False
2026-08-11 09:59:00+00:00,cell_001,105.87,21.48,5.58,1.19,90.03,False
2026-08-11 10:00:00+00:00,cell_001,104.36,19.17,5.16,0.71,93.28,False
2026-08-11 10:01:00+00:00,cell_001,101.86,19.61,4.86,0.61,89.74,False
2026-08-11 10:02:00+00:00,cell_001,107.78,21.56,5.23,0.72,93.47,False
2026-08-11 10:03:00+00:00,cell_001,104.93,21.14,5.08,0.94,90.28,False
2026-08-11 10:04:00+00:00,cell_001,100.65,20.67,4.79,0.5,90.42,False
2026-08-11 10:05:00+00:00,cell_001,108.29,18.88,5.2,0.75,92.78,False
2026-08-11 10:06:00+00:00,cell_001,98.37,20.0,4.9,0.76,84.43,False
2026-08-11 10:07:00+00:00,cell_001,97.16,20.4,5.02,1.02,99.93,False
2026-08-11 10:08:00+00:00,cell_001,100.23,20.48,5.11,0.65,90.98,False
2026-08-11 10:09:00+00:00,cell_001,99.13,21.77,4.49,0.72,90.26,False
2026-08-11 10:10:00+00:00,cell_001,100.23,22.64,4.97,0.86,92.05,False
2026-08-11 10:11:00+00:00,cell_001,103.64,21.27,5.38,0.63,96.6,False
2026-08-11 10:12:00+00:00,cell_001,101.06,20.13,5.05,0.6,93.09,False
2026-08-11 10:13:00+00:00,cell_001,101.05,21.89,4.54,1.13,94.3,False
2026-08-11 10:14:00+00:00,cell_001,101.17,20.09,5.09,0.87,91.66,False
2026-08-11 10:15:00+00:00,cell_001,93.98,18.07,5.26,1.0,85.91,False
2026-08-11 10:16:00+00:00,cell_001,96.29,19.45,5.03,0.9,78.44,False
2026-08-11 10:17:00+00:00,cell_001,99.6,18.34,5.04,0.73,95.66,False
2026-08-11 10:18:00+00:00,cell_001,98.15,20.34,4.99,0.64,96.66,False
2026-08-11 10:19:00+00:00,cell_001,99.9,20.56,5.31,0.65,85.72,False
2026-08-11 10:20:00+00:00,cell_001,104.73,19.15,4.88,0.61,85.23,False
2026-08-11 10:21:00+00:00,cell_001,100.21,19.9,5.3,0.61,86.06,False
2026-08-11 10:22:00+00:00,cell_001,96.39,19.34,5.05,0.6,88.8,False
2026-08-11 10:23:00+00:00,cell_001,97.9,20.65,5.51,0.92,87.33,False
2026-08-11 10:24:00+00:00,cell_001,105.33,19.93,4.99,0.57,92.58,False
2026-08-11 10:25:00+00:00,cell_001,104.72,21.8,4.81,1.04,92.84,False
2026-08-11 10:26:00+00:00,cell_001,101.84,20.97,5.33,0.91,92.33,False
2026-08-11 10:27:00+00:00,cell_001,95.29,22.42,5.3,0.9,89.54,False
2026-08-11 10:28:00+00:00,cell_001,100.82,20.37,5.28,0.81,87.69,False
2026-08-11 10:29:00+00:00,cell_001,100.97,22.97,5.41,0.85,84.92,False
2026-08-11 10:30:00+00:00,cell_001,99.82,20.84,4.86,0.68,89.52,False
2026-08-11 10:31:00+00:00,cell_001,97.96,20.32,4.92,0.6,95.63,False
2026-08-11 10:32:00+00:00,cell_001,98.51,23.27,5.56,0.68,84.44,False
2026-08-11 10:33:00+00:00,cell_001,97.6,19.04,5.3,0.5,92.29,False
2026-08-11 10:34:00+00:00,cell_001,96.02,20.32,5.03,0.86,87.44,False
2026-08-11 10:35:00+00:00,cell_001,103.48,19.22,4.64,0.57,86.31,False
2026-08-11 10:36:00+00:00,cell_001,101.95,19.05,4.8,0.9,97.74,False
2026-08-11 10:37:00+00:00,cell_001,98.38,18.83,4.89,0.9,99.16,False
2026-08-11 10:38:00+00:00,cell_001,100.22,21.53,5.01,0.82,95.6,False
2026-08-11 10:39:00+00:00,cell_001,100.26,19.59,5.27,0.67,87.24,False
2026-08-11 10:40:00+00:00,cell_001,106.05,20.67,4.77,0.6,97.46,False
2026-08-11 10:41:00+00:00,cell_001,101.57,21.83,5.03,0.62,97.09,False
2026-08-11 10:42:00+00:00,cell_001,101.38,21.41,4.81,0.58,100.0,False
2026-08-11 10:43:00+00:00,cell_001,98.92,21.37,5.06,0.77,90.89,False
2026-08-11 10:44:00+00:00,cell_001,97.44,22.18,5.91,0.75,95.53,False
2026-08-11 10:45:00+00:00,cell_001,102.82,22.58,5.55,1.15,89.28,False
2026-08-11 10:46:00+00:00,cell_001,100.56,19.73,5.37,1.14,84.32,False
2026-08-11 10:47:00+00:00,cell_001,96.05,21.47,5.04,1.08,84.75,False
2026-08-11 10:48:00+00:00,cell_001,99.83,20.72,4.88,0.73,94.29,False
2026-08-11 10:49:00+00:00,cell_001,100.92,20.86,5.18,0.49,90.38,False
2026-08-11 10:50:00+00:00,cell_001,92.05,19.5,4.74,0.81,96.78,False
2026-08-11 10:51:00+00:00,cell_001,95.5,20.49,5.4,0.72,97.49,False
2026-08-11 10:52:00+00:00,cell_001,99.29,20.61,5.15,0.78,94.43,False
2026-08-11 10:53:00+00:00,cell_001,92.37,22.47,5.21,0.86,86.68,False
2026-08-11 10:54:00+00:00,cell_001,92.78,19.89,4.72,0.91,89.59,False
2026-08-11 10:55:00+00:00,cell_001,97.2,18.67,5.23,0.42,95.78,False
2026-08-11 10:56:00+00:00,cell_001,99.42,21.05,5.15,1.03,96.36,False
2026-08-11 10:57:00+00:00,cell_001,99.5,19.81,4.94,0.97,96.51,False
2026-08-11 10:58:00+00:00,cell_001,102.57,20.94,5.29,0.66,99.17,False
2026-08-11 10:59:00+00:00,cell_001,98.01,21.74,5.11,0.95,93.71,False
2026-08-11 11:00:00+00:00,cell_001,96.58,20.99,5.32,0.73,96.04,False
2026-08-11 11:01:00+00:00,cell_001,93.72,20.67,5.42,0.78,97.86,False
2026-08-11 11:02:00+00:00,cell_001,96.42,20.95,4.91,0.75,99.99,False
2026-08-11 11:03:00+00:00,cell_001,99.64,21.96,5.27,0.63,95.16,False
2026-08-11 11:04:00+00:00,cell_001,99.71,19.97,5.26,0.53,95.06,False
2026-08-11 11:05:00+00:00,cell_001,98.19,21.86,5.61,1.33,96.91,False
2026-08-11 11:06:00+00:00,cell_001,98.98,20.13,5.49,0.9,95.68,False
2026-08-11 11:07:00+00:00,cell_001,101.11,21.75,5.14,0.81,94.15,False
2026-08-11 11:08:00+00:00,cell_001,97.45,19.61,5.12,1.14,92.42,False
2026-08-11 11:09:00+00:00,cell_001,101.27,21.7,5.29,0.44,87.07,False
2026-08-11 11:10:00+00:00,cell_001,94.93,21.06,4.91,0.73,98.4,False
2026-08-11 11:11:00+00:00,cell_001,96.83,21.27,4.96,0.66,98.12,False
2026-08-11 11:12:00+00:00,cell_001,95.55,22.14,5.11,0.68,97.19,False
2026-08-11 11:13:00+00:00,cell_001,99.32,20.36,4.54,0.79,97.99,False
2026-08-11 11:14:00+00:00,cell_001,93.84,21.17,4.96,0.69,95.18,False
2026-08-11 11:15:00+00:00,cell_001,95.86,21.5,5.16,0.43,100.0,False
2026-08-11 11:16:00+00:00,cell_001,91.2,20.91,6.09,0.58,100.0,False
2026-08-11 11:17:00+00:00,cell_001,98.51,21.93,5.07,0.6,100.0,False
2026-08-11 11:18:00+00:00,cell_001,100.41,21.55,5.46,0.69,92.98,False
2026-08-11 11:19:00+00:00,cell_001,99.35,20.65,5.21,0.59,96.07,False
2026-08-11 11:20:00+00:00,cell_001,99.0,22.49,5.4,0.75,96.14,False
2026-08-11 11:21:00+00:00,cell_001,99.03,21.8,4.95,0.75,100.0,False
2026-08-11 11:22:00+00:00,cell_001,98.56,20.4,4.81,0.35,86.22,False
2026-08-11 11:23:00+00:00,cell_001,98.25,20.4,5.69,0.57,99.7,False
2026-08-11 11:24:00+00:00,cell_001,98.4,21.04,4.88,0.83,97.77,False
2026-08-11 11:25:00+00:00,cell_001,94.34,21.71,5.72,0.76,100.0,False
2026-08-11 11:26:00+00:00,cell_001,95.66,19.06,5.17,0.43,94.3,False
2026-08-11 11:27:00+00:00,cell_001,96.42,20.47,5.03,0.95,88.47,False
2026-08-11 11:28:00+00:00,cell_001,95.16,20.7,5.13,0.91,100.0,False
2026-08-11 11:29:00+00:00,cell_001,91.42,19.85,5.77,1.25,97.22,False
2026-08-11 11:30:00+00:00,cell_001,92.36,20.27,5.08,1.14,100.0,False
2026-08-11 11:31:00+00:00,cell_001,96.71,21.44,5.17,0.62,95.86,False
2026-08-11 11:32:00+00:00,cell_001,98.69,20.82,5.58,0.76,100.0,False
2026-08-11 11:33:00+00:00,cell_001,95.96,20.9,5.43,0.79,100.0,False
2026-08-11 11:34:00+00:00,cell_001,104.18,19.94,5.92,1.04,100.0,False
2026-08-11 11:35:00+00:00,cell_001,93.08,21.11,5.65,0.73,95.98,False
2026-08-11 11:36:00+00:00,cell_001,97.13,19.82,5.09,1.06,100.0,False
2026-08-11 11:37:00+00:00,cell_001,99.63,22.79,5.69,0.85,100.0,False
2026-08-11 11:38:00+00:00,cell_001,98.91,23.08,4.72,0.63,88.73,False
2026-08-11 11:39:00+00:00,cell_001,97.63,20.87,5.53,0.55,100.0,False
2026-08-11 11:40:00+00:00,cell_001,98.83,20.23,5.11,0.99,100.0,False
2026-08-11 11:41:00+00:00,cell_001,95.75,22.21,5.48,0.98,96.47,False
2026-08-11 11:42:00+00:00,cell_001,100.53,21.95,5.9,1.01,97.36,False
2026-08-11 11:43:00+00:00,cell_001,99.35,23.24,4.81,0.27,93.03,False
2026-08-11 11:44:00+00:00,cell_001,92.9,23.51,5.59,0.76,98.86,False
2026-08-11 11:45:00+00:00,cell_001,96.38,19.35,5.56,1.04,100.0,False
2026-08-11 11:46:00+00:00,cell_001,90.74,22.54,5.51,0.5,98.79,False
2026-08-11 11:47:00+00:00,cell_001,99.91,21.16,5.02,0.9,99.42,False
2026-08-11 11:48:00+00:00,cell_001,95.98,21.94,5.29,0.68,95.58,False
2026-08-11 11:49:00+00:00,cell_001,99.31,22.17,5.03,0.6,93.75,False
2026-08-11 11:50:00+00:00,cell_001,94.9,22.13,5.45,0.65,98.57,False
2026-08-11 11:51:00+00:00,cell_001,89.62,22.4,4.93,1.11,99.74,False
2026-08-11 11:52:00+00:00,cell_001,103.07,20.85,5.19,0.97,96.44,False
2026-08-11 11:53:00+00:00,cell_001,95.51,20.46,5.51,0.77,100.0,False
2026-08-11 11:54:00+00:00,cell_001,92.08,22.6,5.1,1.23,100.0,False
2026-08-11 11:55:00+00:00,cell_001,98.49,20.55,5.2,0.43,100.0,False
2026-08-11 11:56:00+00:00,cell_001,101.12,23.28,5.05,0.67,96.22,False
2026-08-11 11:57:00+00:00,cell_001,94.37,20.66,5.4,1.11,90.4,False
2026-08-11 11:58:00+00:00,cell_001,94.65,21.05,5.29,0.76,100.0,False
2026-08-11 11:59:00+00:00,cell_001,95.63,21.25,5.11,0.75,97.35,False
2026-08-11 12:00:00+00:00,cell_001,91.55,19.9,5.14,0.77,98.94,False
2026-08-11 12:01:00+00:00,cell_001,92.78,19.91,5.38,0.7,96.45,False
2026-08-11 12:02:00+00:00,cell_001,100.17,22.36,5.01,0.98,100.0,False
2026-08-11 12:03:00+00:00,cell_001,94.39,19.73,5.32,0.63,96.85,False
2026-08-11 12:04:00+00:00,cell_001,92.25,23.97,5.34,1.33,100.0,False
2026-08-11 12:05:00+00:00,cell_001,93.38,21.36,5.38,0.51,100.0,False
2026-08-11 12:06:00+00:00,cell_001,97.92,20.43,5.18,1.13,100.0,False
2026-08-11 12:07:00+00:00,cell_001,88.75,21.89,5.52,0.96,98.43,False
2026-08-11 12:08:00+00:00,cell_001,95.41,19.01,5.63,0.66,94.95,False
2026-08-11 12:09:00+00:00,cell_001,102.01,21.14,5.53,0.85,100.0,False
2026-08-11 12:10:00+00:00,cell_001,100.68,21.27,5.4,0.96,100.0,False
2026-08-11 12:11:00+00:00,cell_001,96.29,20.21,4.91,0.92,96.69,False
2026-08-11 12:12:00+00:00,cell_001,98.49,20.85,5.84,0.42,100.0,False
2026-08-11 12:13:00+00:00,cell_001,98.43,23.01,5.36,0.87,100.0,False
2026-08-11 12:14:00+00:00,cell_001,94.11,21.67,5.44,0.52,90.7,False
2026-08-11 12:15:00+00:00,cell_001,97.24,21.89,5.13,1.01,100.0,False
2026-08-11 12:16:00+00:00,cell_001,99.81,20.71,5.28,1.01,100.0,False
2026-08-11 12:17:00+00:00,cell_001,90.63,20.17,5.7,0.52,91.78,False
2026-08-11 12:18:00+00:00,cell_001,96.13,21.26,5.58,0.4,100.0,False
2026-08-11 12:19:00+00:00,cell_001,95.46,19.04,5.25,0.74,100.0,False
2026-08-11 12:20:00+00:00,cell_001,94.66,20.41,5.81,0.75,90.88,False
2026-08-11 12:21:00+00:00,cell_001,94.37,20.26,5.05,0.8,97.71,False
2026-08-11 12:22:00+00:00,cell_001,95.01,19.47,4.85,0.88,95.06,False
2026-08-11 12:23:00+00:00,cell_001,95.24,22.16,4.77,0.77,93.62,False
2026-08-11 12:24:00+00:00,cell_001,97.63,21.38,5.59,0.82,100.0,False
2026-08-11 12:25:00+00:00,cell_001,95.68,20.9,5.14,0.63,100.0,False
2026-08-11 12:26:00+00:00,cell_001,93.7,22.19,5.31,0.59,95.07,False
2026-08-11 12:27:00+00:00,cell_001,91.7,19.88,5.68,0.92,95.67,False
2026-08-11 12:28:00+00:00,cell_001,92.78,20.18,5.45,0.9,99.72,False
2026-08-11 12:29:00+00:00,cell_001,94.96,22.64,5.0,0.73,100.0,False
2026-08-11 12:30:00+00:00,cell_001,92.05,23.81,5.84,0.59,95.57,False
2026-08-11 12:31:00+00:00,cell_001,96.99,22.21,5.27,1.11,100.0,False
2026-08-11 12:32:00+00:00,cell_001,95.42,22.0,5.34,1.14,100.0,False
2026-08-11 12:33:00+00:00,cell_001,97.55,20.95,5.14,1.03,100.0,False
2026-08-11 12:34:00+00:00,cell_001,92.19,20.98,5.02,0.93,100.0,False
2026-08-11 12:35:00+00:00,cell_001,91.6,21.76,5.43,0.58,100.0,False
2026-08-11 12:36:00+00:00,cell_001,97.49,22.91,4.93,1.06,98.62,False
2026-08-11 12:37:00+00:00,cell_001,94.46,21.97,5.33,0.91,97.79,False
2026-08-11 12:38:00+00:00,cell_001,93.45,22.5,5.83,0.59,100.0,False
2026-08-11 12:39:00+00:00,cell_001,96.14,20.63,5.58,0.94,100.0,False
2026-08-11 12:40:00+00:00,cell_001,96.02,22.16,5.42,0.7,100.0,False
2026-08-11 12:41:00+00:00,cell_001,90.25,20.87,5.03,0.97,96.06,False
2026-08-11 12:42:00+00:00,cell_001,98.16,21.69,5.34,1.03,100.0,False
2026-08-11 12:43:00+00:00,cell_001,92.77,22.16,5.12,0.9,92.31,False
2026-08-11 12:44:00+00:00,cell_001,99.09,21.02,5.79,0.63,100.0,False
2026-08-11 12:45:00+00:00,cell_001,89.98,20.53,5.22,0.92,98.87,False
2026-08-11 12:46:00+00:00,cell_001,94.93,21.91,5.13,0.91,94.28,False
2026-08-11 12:47:00+00:00,cell_001,93.41,21.42,5.3,0.66,94.32,False
2026-08-11 12:48:00+00:00,cell_001,88.04,21.69,5.13,0.73,100.0,False
2026-08-11 12:49:00+00:00,cell_001,95.93,22.21,5.43,1.18,100.0,False
2026-08-11 12:50:00+00:00,cell_001,88.18,22.86,5.91,1.13,100.0,False
2026-08-11 12:51:00+00:00,cell_001,93.07,22.22,5.37,0.69,99.02,False
2026-08-11 12:52:00+00:00,cell_001,97.25,22.09,5.09,0.4,97.95,False
2026-08-11 12:53:00+00:00,cell_001,92.35,21.06,5.32,1.1,100.0,False
2026-08-11 12:54:00+00:00,cell_001,91.22,21.21,4.98,1.22,99.82,False
2026-08-11 12:55:00+00:00,cell_001,96.33,22.01,6.23,1.11,96.18,False
2026-08-11 12:56:00+00:00,cell_001,93.18,21.19,5.9,0.73,91.6,False
2026-08-11 12:57:00+00:00,cell_001,92.71,22.01,5.74,0.93,96.49,False
2026-08-11 12:58:00+00:00,cell_001,97.75,20.74,5.59,0.62,100.0,False
2026-08-11 12:59:00+00:00,cell_001,90.42,23.49,5.31,1.02,100.0,False
2026-08-11 13:00:00+00:00,cell_001,92.55,21.75,5.32,0.68,90.0,False
2026-08-11 13:01:00+00:00,cell_001,96.52,21.69,5.3,0.67,97.48,False
2026-08-11 13:02:00+00:00,cell_001,90.23,21.08,6.08,0.78,100.0,False
2026-08-11 13:03:00+00:00,cell_001,99.25,23.47,5.31,0.69,100.0,False
2026-08-11 13:04:00+00:00,cell_001,93.28,20.3,5.19,0.95,100.0,False
2026-08-11 13:05:00+00:00,cell_001,96.55,20.85,5.33,0.63,97.35,False
2026-08-11 13:06:00+00:00,cell_001,96.55,22.41,5.52,1.32,96.08,False
2026-08-11 13:07:00+00:00,cell_001,93.48,21.8,4.32,0.91,100.0,False
2026-08-11 13:08:00+00:00,cell_001,92.5,20.98,5.48,0.73,100.0,False
2026-08-11 13:09:00+00:00,cell_001,93.82,21.01,4.6,0.6,99.58,False
2026-08-11 13:10:00+00:00,cell_001,96.09,21.26,5.8,0.74,100.0,False
2026-08-11 13:11:00+00:00,cell_001,91.0,21.66,4.85,0.76,100.0,False
2026-08-11 13:12:00+00:00,cell_001,90.35,23.11,5.12,0.75,100.0,False
2026-08-11 13:13:00+00:00,cell_001,98.42,22.16,4.79,0.7,100.0,False
2026-08-11 13:14:00+00:00,cell_001,91.77,22.57,5.9,0.64,100.0,False
2026-08-11 13:15:00+00:00,cell_001,95.05,21.12,5.36,0.98,98.55,False
2026-08-11 13:16:00+00:00,cell_001,93.39,22.07,6.03,1.08,94.35,False
2026-08-11 13:17:00+00:00,cell_001,93.53,19.99,5.96,0.63,100.0,False
2026-08-11 13:18:00+00:00,cell_001,98.3,21.73,5.74,0.79,99.82,False
2026-08-11 13:19:00+00:00,cell_001,93.77,21.66,4.94,0.44,100.0,False
2026-08-11 13:20:00+00:00,cell_001,92.96,23.37,5.41,0.69,100.0,False
2026-08-11 13:21:00+00:00,cell_001,93.23,23.1,5.77,1.19,92.35,False
2026-08-11 13:22:00+00:00,cell_001,92.54,21.28,5.48,1.04,100.0,False
2026-08-11 13:23:00+00:00,cell_001,92.06,20.72,5.25,0.92,100.0,False
2026-08-11 13:24:00+00:00,cell_001,92.58,20.75,5.46,0.57,98.92,False
2026-08-11 13:25:00+00:00,cell_001,99.08,21.24,5.49,0.66,100.0,False
2026-08-11 13:26:00+00:00,cell_001,96.24,22.84,4.91,0.7,100.0,False
2026-08-11 13:27:00+00:00,cell_001,93.08,21.95,5.19,1.0,92.44,False
2026-08-11 13:28:00+00:00,cell_001,97.08,22.05,5.55,1.06,89.56,False
2026-08-11 13:29:00+00:00,cell_001,89.39,22.34,5.62,0.8,98.95,False
2026-08-11 13:30:00+00:00,cell_001,98.29,20.53,5.43,0.98,91.87,False
2026-08-11 13:31:00+00:00,cell_001,98.07,20.82,5.23,0.65,100.0,False
2026-08-11 13:32:00+00:00,cell_001,100.91,22.04,5.3,0.86,100.0,False
2026-08-11 13:33:00+00:00,cell_001,97.25,20.74,5.13,1.01,100.0,False
2026-08-11 13:34:00+00:00,cell_001,95.55,19.99,5.32,1.12,99.4,False
2026-08-11 13:35:00+00:00,cell_001,98.13,20.44,5.61,0.57,100.0,False
2026-08-11 13:36:00+00:00,cell_001,92.39,22.57,6.08,1.09,100.0,False
2026-08-11 13:37:00+00:00,cell_001,93.1,21.14,4.99,1.28,100.0,False
2026-08-11 13:38:00+00:00,cell_001,94.12,21.74,5.73,0.52,100.0,False
2026-08-11 13:39:00+00:00,cell_001,98.44,20.48,5.46,0.48,93.22,False
2026-08-11 13:40:00+00:00,cell_001,91.78,21.88,4.87,1.13,100.0,False
2026-08-11 13:41:00+00:00,cell_001,91.49,21.23,5.32,0.73,90.06,False
2026-08-11 13:42:00+00:00,cell_001,95.11,21.95,5.29,0.77,99.34,False
2026-08-11 13:43:00+00:00,cell_001,96.57,21.02,5.35,1.05,100.0,False
2026-08-11 13:44:00+00:00,cell_001,92.33,22.0,5.66,0.63,96.9,False
2026-08-11 13:45:00+00:00,cell_001,96.48,20.96,5.94,0.87,100.0,False
2026-08-11 13:46:00+00:00,cell_001,98.59,21.41,5.73,0.54,100.0,False
2026-08-11 13:47:00+00:00,cell_001,98.12,21.21,5.41,0.99,100.0,False
2026-08-11 13:48:00+00:00,cell_001,95.6,21.51,5.44,0.99,98.24,False
2026-08-11 13:49:00+00:00,cell_001,94.29,21.76,5.96,0.85,95.81,False
2026-08-11 13:50:00+00:00,cell_001,99.8,20.98,5.02,0.82,100.0,False
2026-08-11 13:51:00+00:00,cell_001,94.66,21.35,5.71,0.81,97.53,False
2026-08-11 13:52:00+00:00,cell_001,97.47,21.66,4.99,0.78,99.25,False
2026-08-11 13:53:00+00:00,cell_001,100.55,21.97,4.88,0.8,97.52,False
2026-08-11 13:54:00+00:00,cell_001,97.21,21.39,5.53,0.99,100.0,False
2026-08-11 13:55:00+00:00,cell_001,91.74,20.57,4.84,0.46,95.97,False
2026-08-11 13:56:00+00:00,cell_001,91.04,21.54,5.22,1.18,96.57,False
2026-08-11 13:57:00+00:00,cell_001,93.9,22.12,5.75,0.85,93.38,False
2026-08-11 13:58:00+00:00,cell_001,96.95,20.11,5.06,1.26,99.67,False
2026-08-11 13:59:00+00:00,cell_001,96.19,20.12,5.87,0.86,94.35,False
2026-08-11 14:00:00+00:00,cell_001,101.51,20.78,4.65,0.81,100.0,False
2026-08-11 14:01:00+00:00,cell_001,96.22,21.24,5.64,0.94,100.0,False
2026-08-11 14:02:00+00:00,cell_001,93.97,19.23,4.91,0.56,100.0,False
2026-08-11 14:03:00+00:00,cell_001,91.58,22.0,5.27,0.6,98.14,False
2026-08-11 14:04:00+00:00,cell_001,98.56,21.24,5.39,0.77,100.0,False
2026-08-11 14:05:00+00:00,cell_001,95.03,19.07,5.24,0.83,100.0,False
2026-08-11 14:06:00+00:00,cell_001,90.57,20.3,5.25,1.02,99.2,False
2026-08-11 14:07:00+00:00,cell_001,95.19,21.11,4.89,0.83,100.0,False
2026-08-11 14:08:00+00:00,cell_001,92.17,19.63,5.74,1.1,94.06,False
2026-08-11 14:09:00+00:00,cell_001,93.91,22.37,4.95,0.27,98.35,False
2026-08-11 14:10:00+00:00,cell_001,95.25,21.58,4.95,1.17,96.89,False
2026-08-11 14:11:00+00:00,cell_001,92.55,22.07,5.29,0.73,91.88,False
2026-08-11 14:12:00+00:00,cell_001,93.84,20.36,5.11,0.95,100.0,False
2026-08-11 14:13:00+00:00,cell_001,93.11,21.79,5.56,1.05,99.71,False
2026-08-11 14:14:00+00:00,cell_001,93.23,20.72,5.15,0.55,100.0,False
2026-08-11 14:15:00+00:00,cell_001,92.4,21.18,5.31,1.1,100.0,False
2026-08-11 14:16:00+00:00,cell_001,94.01,21.72,5.34,0.96,89.64,False
2026-08-11 14:17:00+00:00,cell_001,92.82,21.29,5.6,1.16,100.0,False
2026-08-11 14:18:00+00:00,cell_001,97.3,22.17,5.15,0.82,94.24,False
2026-08-11 14:19:00+00:00,cell_001,96.18,21.49,4.8,0.81,100.0,False
2026-08-11 14:20:00+00:00,cell_001,99.21,20.88,5.06,0.66,91.64,False
2026-08-11 14:21:00+00:00,cell_001,101.33,22.19,5.64,0.67,99.67,False
2026-08-11 14:22:00+00:00,cell_001,97.74,22.39,5.4,0.79,94.65,False
2026-08-11 14:23:00+00:00,cell_001,97.1,21.42,5.19,0.92,98.87,False
2026-08-11 14:24:00+00:00,cell_001,98.02,22.66,5.32,0.96,96.91,False
2026-08-11 14:25:00+00:00,cell_001,97.24,21.09,5.22,0.6,99.07,False
2026-08-11 14:26:00+00:00,cell_001,96.04,21.19,5.53,0.79,96.44,False
2026-08-11 14:27:00+00:00,cell_001,95.84,21.31,5.39,0.85,95.12,False
2026-08-11 14:28:00+00:00,cell_001,92.91,21.17,5.21,0.37,100.0,False
2026-08-11 14:29:00+00:00,cell_001,98.54,20.99,5.56,0.98,100.0,False
2026-08-11 14:30:00+00:00,cell_001,95.97,20.58,5.64,0.75,100.0,False
2026-08-11 14:31:00+00:00,cell_001,100.46,20.29,5.01,0.81,97.55,False
2026-08-11 14:32:00+00:00,cell_001,98.91,21.39,5.01,1.09,96.83,False
2026-08-11 14:33:00+00:00,cell_001,94.33,22.47,6.0,0.6,97.7,False
2026-08-11 14:34:00+00:00,cell_001,100.0,22.08,5.47,0.63,93.87,False
2026-08-11 14:35:00+00:00,cell_001,88.63,21.65,5.78,0.34,91.06,False
2026-08-11 14:36:00+00:00,cell_001,102.15,22.51,5.54,0.79,94.48,False
2026-08-11 14:37:00+00:00,cell_001,92.39,21.27,5.41,1.02,93.44,False
2026-08-11 14:38:00+00:00,cell_001,97.95,20.26,4.63,0.38,99.87,False
2026-08-11 14:39:00+00:00,cell_001,97.79,20.89,4.91,0.59,100.0,False
2026-08-11 14:40:00+00:00,cell_001,99.93,21.17,5.46,0.83,87.16,False
2026-08-11 14:41:00+00:00,cell_001,95.63,20.71,5.0,0.7,92.91,False
2026-08-11 14:42:00+00:00,cell_001,90.23,21.83,5.22,0.71,98.77,False
2026-08-11 14:43:00+00:00,cell_001,95.74,22.15,5.54,0.83,97.47,False
2026-08-11 14:44:00+00:00,cell_001,96.12,19.47,5.3,1.16,95.65,False
2026-08-11 14:45:00+00:00,cell_001,90.68,21.05,5.38,0.8,95.44,False
2026-08-11 14:46:00+00:00,cell_001,97.02,18.29,5.67,0.84,98.25,False
2026-08-11 14:47:00+00:00,cell_001,93.71,21.09,5.7,0.89,98.48,False
2026-08-11 14:48:00+00:00,cell_001,98.94,21.08,5.24,0.4,89.89,False
2026-08-11 14:49:00+00:00,cell_001,96.31,22.95,5.63,0.86,87.4,False
2026-08-11 14:50:00+00:00,cell_001,102.99,22.64,4.96,0.49,95.84,False
2026-08-11 14:51:00+00:00,cell_001,96.4,22.09,5.32,0.8,99.84,False
2026-08-11 14:52:00+00:00,cell_001,98.51,20.19,5.42,1.01,93.9,False
2026-08-11 14:53:00+00:00,cell_001,96.64,20.13,5.21,0.71,100.0,False
2026-08-11 14:54:00+00:00,cell_001,92.47,20.04,5.18,1.01,100.0,False
2026-08-11 14:55:00+00:00,cell_001,96.78,22.66,4.9,0.45,93.56,False
2026-08-11 14:56:00+00:00,cell_001,99.72,20.21,5.23,0.85,87.17,False
2026-08-11 14:57:00+00:00,cell_001,99.32,20.73,4.75,0.85,99.4,False
2026-08-11 14:58:00+00:00,cell_001,96.7,20.21,5.19,0.25,91.48,False
2026-08-11 14:59:00+00:00,cell_001,93.27,19.84,5.25,0.89,92.71,False
2026-08-11 15:00:00+00:00,cell_001,99.63,21.42,5.45,0.19,91.66,False
2026-08-11 15:01:00+00:00,cell_001,99.02,21.24,4.87,0.82,89.06,False
2026-08-11 15:02:00+00:00,cell_001,100.35,18.85,5.33,0.88,92.69,False
2026-08-11 15:03:00+00:00,cell_001,97.06,19.77,5.39,0.7,92.55,False
2026-08-11 15:04:00+00:00,cell_001,92.9,21.32,5.21,0.82,90.93,False
2026-08-11 15:05:00+00:00,cell_001,99.61,20.98,5.35,1.24,91.88,False
2026-08-11 15:06:00+00:00,cell_001,98.05,20.64,5.3,0.68,100.0,False
2026-08-11 15:07:00+00:00,cell_001,102.32,21.64,4.43,0.55,98.46,False
2026-08-11 15:08:00+00:00,cell_001,98.29,19.59,4.93,1.19,94.03,False
2026-08-11 15:09:00+00:00,cell_001,98.13,20.43,5.85,0.82,86.09,False
2026-08-11 15:10:00+00:00,cell_001,99.59,21.53,5.4,1.02,97.23,False
2026-08-11 15:11:00+00:00,cell_001,96.61,20.36,5.02,0.45,100.0,False
2026-08-11 15:12:00+00:00,cell_001,96.53,21.31,5.31,0.29,100.0,False
2026-08-11 15:13:00+00:00,cell_001,98.24,19.84,5.41,0.6,93.6,False
2026-08-11 15:14:00+00:00,cell_001,95.84,20.16,5.66,0.74,95.92,False
2026-08-11 15:15:00+00:00,cell_001,97.99,19.19,5.08,0.67,88.57,False
2026-08-11 15:16:00+00:00,cell_001,104.56,18.91,5.01,0.67,95.34,False
2026-08-11 15:17:00+00:00,cell_001,101.94,20.48,5.04,0.4,97.36,False
2026-08-11 15:18:00+00:00,cell_001,99.8,21.4,5.02,0.82,96.37,False
2026-08-11 15:19:00+00:00,cell_001,103.6,20.82,5.0,0.72,99.64,False
2026-08-11 15:20:00+00:00,cell_001,96.54,22.09,5.24,0.33,96.97,False
2026-08-11 15:21:00+00:00,cell_001,106.56,20.53,5.05,0.71,85.42,False
2026-08-11 15:22:00+00:00,cell_001,97.78,18.79,5.16,0.75,91.58,False
2026-08-11 15:23:00+00:00,cell_001,105.24,21.25,5.74,0.98,98.38,False
2026-08-11 15:24:00+00:00,cell_001,105.3,19.81,4.89,0.66,85.16,False
2026-08-11 15:25:00+00:00,cell_001,94.12,21.01,5.27,0.97,93.57,False
2026-08-11 15:26:00+00:00,cell_001,103.85,18.59,4.83,0.94,91.01,False
2026-08-11 15:27:00+00:00,cell_001,98.67,20.59,5.44,0.61,86.85,False
2026-08-11 15:28:00+00:00,cell_001,97.89,21.56,5.5,0.9,97.66,False
2026-08-11 15:29:00+00:00,cell_001,101.25,21.43,4.9,1.0,88.94,False
2026-08-11 15:30:00+00:00,cell_001,96.72,20.59,4.95,0.99,100.0,False
2026-08-11 15:31:00+00:00,cell_001,101.33,20.78,5.35,0.84,91.6,False
2026-08-11 15:32:00+00:00,cell_001,97.07,20.32,5.07,0.74,97.95,False
2026-08-11 15:33:00+00:00,cell_001,100.5,20.51,5.57,0.49,100.0,False
2026-08-11 15:34:00+00:00,cell_001,104.06,21.43,4.79,1.0,94.04,False
2026-08-11 15:35:00+00:00,cell_001,101.29,20.04,5.47,0.47,92.72,False
2026-08-11 15:36:00+00:00,cell_001,99.12,20.13,5.81,0.73,96.04,False
2026-08-11 15:37:00+00:00,cell_001,101.91,19.19,5.26,0.98,100.0,False
2026-08-11 15:38:00+00:00,cell_001,96.14,21.41,4.94,0.56,93.64,False
2026-08-11 15:39:00+00:00,cell_001,97.92,20.43,4.9,0.76,88.41,False
2026-08-11 15:40:00+00:00,cell_001,99.23,19.48,5.08,0.44,84.61,False
2026-08-11 15:41:00+00:00,cell_001,102.96,21.56,5.33,0.69,93.44,False
2026-08-11 15:42:00+00:00,cell_001,101.89,20.62,4.68,0.56,86.58,False
2026-08-11 15:43:00+00:00,cell_001,102.36,19.92,5.03,0.6,96.14,False
2026-08-11 15:44:00+00:00,cell_001,100.75,21.54,5.16,0.87,97.73,False
2026-08-11 15:45:00+00:00,cell_001,98.55,20.3,5.58,0.89,94.23,False
2026-08-11 15:46:00+00:00,cell_001,105.46,19.06,5.67,0.64,90.92,False
2026-08-11 15:47:00+00:00,cell_001,98.99,21.58,5.07,0.81,94.2,False
2026-08-11 15:48:00+00:00,cell_001,102.42,19.77,4.77,0.66,91.15,False
2026-08-11 15:49:00+00:00,cell_001,100.91,23.62,5.15,0.69,89.6,False
2026-08-11 15:50:00+00:00,cell_001,103.02,20.14,5.15,0.52,88.62,False
2026-08-11 15:51:00+00:00,cell_001,99.59,18.56,5.45,0.65,91.29,False
2026-08-11 15:52:00+00:00,cell_001,104.65,22.32,4.96,0.36,90.69,False
2026-08-11 15:53:00+00:00,cell_001,105.71,20.5,4.8,1.18,96.72,False
2026-08-11 15:54:00+00:00,cell_001,104.64,20.8,5.09,0.99,93.26,False
2026-08-11 15:55:00+00:00,cell_001,102.22,20.92,4.98,1.24,83.67,False
2026-08-11 15:56:00+00:00,cell_001,100.53,19.17,4.97,0.98,92.68,False
2026-08-11 15:57:00+00:00,cell_001,110.38,18.35,4.82,0.81,90.56,False
2026-08-11 15:58:00+00:00,cell_001,99.03,22.46,4.7,0.31,91.4,False
2026-08-11 15:59:00+00:00,cell_001,104.73,18.93,5.26,0.96,88.64,False
2026-08-11 16:00:00+00:00,cell_001,103.18,22.12,5.15,1.02,89.95,False
2026-08-11 16:01:00+00:00,cell_001,102.08,21.0,4.83,0.52,97.9,False
2026-08-11 16:02:00+00:00,cell_001,102.91,20.64,5.31,0.86,87.72,False
2026-08-11 16:03:00+00:00,cell_001,100.91,19.98,4.51,0.78,86.26,False
2026-08-11 16:04:00+00:00,cell_001,103.81,22.75,4.94,0.74,85.83,False
2026-08-11 16:05:00+00:00,cell_001,103.57,19.74,5.12,0.86,83.89,False
2026-08-11 16:06:00+00:00,cell_001,110.74,19.75,5.38,0.84,92.12,False
2026-08-11 16:07:00+00:00,cell_001,106.01,21.08,4.88,0.55,94.88,False
2026-08-11 16:08:00+00:00,cell_001,104.43,19.72,5.38,0.94,85.92,False
2026-08-11 16:09:00+00:00,cell_001,104.7,19.37,4.85,0.45,91.43,False
2026-08-11 16:10:00+00:00,cell_001,108.58,20.32,5.29,0.84,93.84,False
2026-08-11 16:11:00+00:00,cell_001,100.24,21.05,5.54,0.8,89.68,False
2026-08-11 16:12:00+00:00,cell_001,102.7,22.23,4.73,0.59,88.52,False
2026-08-11 16:13:00+00:00,cell_001,97.62,22.43,5.07,0.99,85.03,False
2026-08-11 16:14:00+00:00,cell_001,105.11,18.54,5.19,0.36,91.31,False
2026-08-11 16:15:00+00:00,cell_001,106.07,21.36,4.65,0.8,86.9,False
2026-08-11 16:16:00+00:00,cell_001,100.63,19.32,5.15,0.78,90.97,False
2026-08-11 16:17:00+00:00,cell_001,108.01,19.36,4.85,1.06,85.29,False
2026-08-11 16:18:00+00:00,cell_001,101.64,19.75,4.76,0.87,89.36,False
2026-08-11 16:19:00+00:00,cell_001,102.87,19.67,4.88,0.3,93.07,False
2026-08-11 16:20:00+00:00,cell_001,104.35,19.19,4.86,0.65,89.92,False
2026-08-11 16:21:00+00:00,cell_001,108.87,17.92,5.24,1.06,84.2,False
2026-08-11 16:22:00+00:00,cell_001,101.6,21.69,5.0,0.71,81.79,False
2026-08-11 16:23:00+00:00,cell_001,105.15,21.13,5.69,0.51,87.5,False
2026-08-11 16:24:00+00:00,cell_001,106.69,20.2,4.83,0.73,93.97,False
2026-08-11 16:25:00+00:00,cell_001,106.17,19.24,5.13,1.07,90.87,False
2026-08-11 16:26:00+00:00,cell_001,106.38,21.43,4.94,0.56,96.68,False
2026-08-11 16:27:00+00:00,cell_001,106.94,20.12,4.6,0.52,100.0,False
2026-08-11 16:28:00+00:00,cell_001,103.09,19.59,5.46,0.69,86.05,False
2026-08-11 16:29:00+00:00,cell_001,109.91,18.51,5.01,0.6,89.6,False
2026-08-11 16:30:00+00:00,cell_001,104.61,20.68,4.74,0.88,86.29,False
2026-08-11 16:31:00+00:00,cell_001,104.31,19.8,5.09,0.66,83.47,False
2026-08-11 16:32:00+00:00,cell_001,109.19,20.38,5.28,0.8,88.28,False
2026-08-11 16:33:00+00:00,cell_001,103.35,20.28,4.71,1.06,87.22,False
2026-08-11 16:34:00+00:00,cell_001,106.3,20.73,4.97,0.54,85.58,False
2026-08-11 16:35:00+00:00,cell_001,103.27,20.3,5.27,0.94,83.94,False
2026-08-11 16:36:00+00:00,cell_001,113.1,19.77,5.0,0.91,86.26,False
2026-08-11 16:37:00+00:00,cell_001,112.56,20.61,5.11,0.48,83.62,False
2026-08-11 16:38:00+00:00,cell_001,105.41,21.0,4.86,1.0,84.64,False
2026-08-11 16:39:00+00:00,cell_001,107.4,21.58,4.47,0.48,79.69,False
2026-08-11 16:40:00+00:00,cell_001,105.95,18.9,4.86,0.43,81.02,False
2026-08-11 16:41:00+00:00,cell_001,104.99,21.12,4.76,0.56,82.27,False
2026-08-11 16:42:00+00:00,cell_001,106.5,18.41,4.9,0.56,85.83,False
2026-08-11 16:43:00+00:00,cell_001,106.12,21.0,4.76,0.65,85.1,False
2026-08-11 16:44:00+00:00,cell_001,101.78,19.38,4.97,0.5,81.62,False
2026-08-11 16:45:00+00:00,cell_001,107.24,20.8,4.81,0.84,81.94,False
2026-08-11 16:46:00+00:00,cell_001,106.42,21.44,5.16,0.7,85.37,False
2026-08-11 16:47:00+00:00,cell_001,107.59,20.16,5.1,0.76,81.81,False
2026-08-11 16:48:00+00:00,cell_001,106.52,19.93,4.63,0.86,79.29,False
2026-08-11 16:49:00+00:00,cell_001,105.78,19.86,5.28,1.02,87.35,False
2026-08-11 16:50:00+00:00,cell_001,109.59,19.48,4.68,0.63,77.0,False
2026-08-11 16:51:00+00:00,cell_001,108.66,21.06,4.56,0.6,78.48,False
2026-08-11 16:52:00+00:00,cell_001,111.36,19.81,5.21,0.88,89.16,False
2026-08-11 16:53:00+00:00,cell_001,108.76,17.73,4.71,0.97,77.64,False
2026-08-11 16:54:00+00:00,cell_001,106.79,20.78,4.91,0.73,90.76,False
2026-08-11 16:55:00+00:00,cell_001,109.33,20.71,4.5,0.73,77.37,False
2026-08-11 16:56:00+00:00,cell_001,101.65,19.91,4.77,0.67,78.21,False
2026-08-11 16:57:00+00:00,cell_001,114.01,19.07,4.84,0.59,77.64,False
2026-08-11 16:58:00+00:00,cell_001,108.62,18.68,4.75,0.63,76.22,False
2026-08-11 16:59:00+00:00,cell_001,114.46,19.04,4.71,0.7,89.62,False
2026-08-11 17:00:00+00:00,cell_001,105.4,20.02,4.88,0.84,88.51,False
2026-08-11 17:01:00+00:00,cell_001,104.77,17.96,5.16,0.88,75.41,False
2026-08-11 17:02:00+00:00,cell_001,109.32,20.21,4.57,0.53,90.11,False
2026-08-11 17:03:00+00:00,cell_001,109.42,19.85,4.09,0.72,75.99,False
2026-08-11 17:04:00+00:00,cell_001,109.46,21.05,5.22,0.57,96.79,False
2026-08-11 17:05:00+00:00,cell_001,109.11,20.45,4.65,0.66,81.11,False
2026-08-11 17:06:00+00:00,cell_001,106.77,19.01,4.67,0.73,78.71,False
2026-08-11 17:07:00+00:00,cell_001,104.31,18.03,4.67,0.9,84.07,False
2026-08-11 17:08:00+00:00,cell_001,109.72,18.89,4.43,0.68,77.05,False
2026-08-11 17:09:00+00:00,cell_001,105.13,21.08,4.71,0.8,74.24,False
2026-08-11 17:10:00+00:00,cell_001,104.96,19.98,4.74,0.49,78.99,False
2026-08-11 17:11:00+00:00,cell_001,108.06,20.27,4.95,0.48,81.44,False
2026-08-11 17:12:00+00:00,cell_001,110.6,19.03,4.65,0.65,70.09,False
2026-08-11 17:13:00+00:00,cell_001,115.38,20.13,4.08,1.37,76.28,False
2026-08-11 17:14:00+00:00,cell_001,112.47,18.11,4.41,0.55,90.39,False
2026-08-11 17:15:00+00:00,cell_001,113.94,20.55,5.14,0.73,80.45,False
2026-08-11 17:16:00+00:00,cell_001,111.71,18.45,4.55,0.78,68.37,False
2026-08-11 17:17:00+00:00,cell_001,110.96,17.61,4.96,0.71,80.22,False
2026-08-11 17:18:00+00:00,cell_001,117.49,21.84,4.58,0.58,81.87,False
2026-08-11 17:19:00+00:00,cell_001,106.11,19.7,5.03,0.81,79.85,False
2026-08-11 17:20:00+00:00,cell_001,108.95,19.65,4.82,0.52,83.73,False
2026-08-11 17:21:00+00:00,cell_001,109.3,17.66,4.35,0.77,78.22,False
2026-08-11 17:22:00+00:00,cell_001,113.1,20.14,4.43,0.58,84.6,False
2026-08-11 17:23:00+00:00,cell_001,107.59,20.39,4.33,0.9,79.32,False
2026-08-11 17:24:00+00:00,cell_001,112.93,19.29,5.04,0.34,79.82,False
2026-08-11 17:25:00+00:00,cell_001,112.49,20.37,4.39,0.67,80.83,False
2026-08-11 17:26:00+00:00,cell_001,113.31,20.63,4.65,0.47,82.44,False
2026-08-11 17:27:00+00:00,cell_001,113.36,19.98,4.73,0.86,80.6,False
2026-08-11 17:28:00+00:00,cell_001,115.71,17.27,4.82,0.86,74.96,False
2026-08-11 17:29:00+00:00,cell_001,111.06,18.27,4.61,0.17,86.55,False
2026-08-11 17:30:00+00:00,cell_001,112.91,21.1,4.27,0.44,74.48,False
2026-08-11 17:31:00+00:00,cell_001,109.22,19.48,4.38,0.88,73.91,False
2026-08-11 17:32:00+00:00,cell_001,108.65,19.47,4.42,0.66,68.39,False
2026-08-11 17:33:00+00:00,cell_001,116.95,18.53,3.94,0.81,76.7,False
2026-08-11 17:34:00+00:00,cell_001,109.34,18.71,4.86,0.69,75.34,False
2026-08-11 17:35:00+00:00,cell_001,113.81,20.53,4.88,0.72,78.02,False
2026-08-11 17:36:00+00:00,cell_001,113.6,20.82,4.4,0.89,73.4,False
2026-08-11 17:37:00+00:00,cell_001,115.64,20.11,5.11,0.45,85.65,False
2026-08-11 17:38:00+00:00,cell_001,107.26,19.85,4.68,0.6,74.32,False
2026-08-11 17:39:00+00:00,cell_001,115.02,19.91,4.96,0.48,74.18,False
2026-08-11 17:40:00+00:00,cell_001,112.29,19.2,4.94,0.74,76.61,False
2026-08-11 17:41:00+00:00,cell_001,110.78,18.05,4.66,0.42,78.7,False
2026-08-11 17:42:00+00:00,cell_001,111.94,17.82,4.09,0.87,82.73,False
2026-08-11 17:43:00+00:00,cell_001,115.92,20.54,4.75,0.58,79.17,False
2026-08-11 17:44:00+00:00,cell_001,115.12,19.18,4.85,0.78,78.93,False
2026-08-11 17:45:00+00:00,cell_001,112.66,19.67,4.49,0.53,76.85,False
2026-08-11 17:46:00+00:00,cell_001,109.74,19.39,4.73,0.84,72.01,False
2026-08-11 17:47:00+00:00,cell_001,110.07,19.43,4.67,0.92,72.88,False
2026-08-11 17:48:00+00:00,cell_001,115.65,19.5,4.39,0.83,64.72,False
2026-08-11 17:49:00+00:00,cell_001,109.68,19.83,4.64,0.5,74.1,False
2026-08-11 17:50:00+00:00,cell_001,113.27,18.36,4.51,0.97,78.72,False
2026-08-11 17:51:00+00:00,cell_001,121.79,20.29,4.77,0.82,74.08,False
2026-08-11 17:52:00+00:00,cell_001,115.24,18.36,4.48,0.55,77.4,False
2026-08-11 17:53:00+00:00,cell_001,116.21,19.32,4.44,0.73,84.58,False
2026-08-11 17:54:00+00:00,cell_001,110.92,17.88,4.16,0.98,75.47,False
2026-08-11 17:55:00+00:00,cell_001,110.53,18.88,5.3,0.49,77.67,False
2026-08-11 17:56:00+00:00,cell_001,116.72,18.38,4.5,0.49,75.23,False
2026-08-11 17:57:00+00:00,cell_001,113.61,19.05,4.3,0.65,70.41,False
2026-08-11 17:58:00+00:00,cell_001,118.09,19.74,4.81,0.39,73.29,False
2026-08-11 17:59:00+00:00,cell_001,115.12,19.07,4.68,0.69,68.76,False
2026-08-11 18:00:00+00:00,cell_001,125.48,20.94,4.79,0.82,78.3,False
2026-08-11 18:01:00+00:00,cell_001,113.51,19.76,4.81,0.7,78.56,False
2026-08-11 18:02:00+00:00,cell_001,116.21,18.72,4.94,0.52,73.3,False
2026-08-11 18:03:00+00:00,cell_001,112.78,18.85,4.29,0.85,82.46,False
2026-08-11 18:04:00+00:00,cell_001,118.68,19.3,4.65,0.63,72.34,False
2026-08-11 18:05:00+00:00,cell_001,117.03,19.61,4.13,0.51,77.68,False
2026-08-11 18:06:00+00:00,cell_001,112.94,17.65,4.5,0.72,71.93,False
2026-08-11 18:07:00+00:00,cell_001,114.99,19.51,4.79,0.91,75.26,False
2026-08-11 18:08:00+00:00,cell_001,120.18,17.65,4.32,0.55,65.9,False
2026-08-11 18:09:00+00:00,cell_001,119.94,19.38,5.25,0.98,70.25,False
2026-08-11 18:10:00+00:00,cell_001,112.06,19.93,4.58,0.68,72.91,False
2026-08-11 18:11:00+00:00,cell_001,115.02,19.11,4.03,0.69,76.68,False
2026-08-11 18:12:00+00:00,cell_001,122.01,16.47,4.78,0.68,72.51,False
2026-08-11 18:13:00+00:00,cell_001,116.16,17.0,5.23,0.55,78.96,False
2026-08-11 18:14:00+00:00,cell_001,117.33,19.33,3.89,0.41,70.17,False
2026-08-11 18:15:00+00:00,cell_001,119.98,16.3,4.77,1.05,67.2,False
2026-08-11 18:16:00+00:00,cell_001,113.03,19.35,4.26,0.42,81.03,False
2026-08-11 18:17:00+00:00,cell_001,114.33,19.71,4.53,0.91,63.94,False
2026-08-11 18:18:00+00:00,cell_001,116.3,19.85,4.15,1.0,67.7,False
2026-08-11 18:19:00+00:00,cell_001,121.0,18.45,4.8,0.51,71.19,False
2026-08-11 18:20:00+00:00,cell_001,120.57,19.12,4.44,0.78,69.61,False
2026-08-11 18:21:00+00:00,cell_001,119.79,18.87,4.88,0.79,71.56,False
2026-08-11 18:22:00+00:00,cell_001,117.33,17.18,4.22,0.79,71.27,False
2026-08-11 18:23:00+00:00,cell_001,121.26,19.38,4.46,0.53,81.61,False
2026-08-11 18:24:00+00:00,cell_001,117.54,20.01,3.82,0.57,69.28,False
2026-08-11 18:25:00+00:00,cell_001,119.85,19.29,5.29,0.81,72.12,False
2026-08-11 18:26:00+00:00,cell_001,120.97,18.09,5.09,0.32,70.43,False
2026-08-11 18:27:00+00:00,cell_001,123.45,19.32,5.16,0.25,57.87,False
2026-08-11 18:28:00+00:00,cell_001,118.31,19.86,4.96,0.67,63.87,False
2026-08-11 18:29:00+00:00,cell_001,117.51,19.71,4.32,0.62,58.66,False
2026-08-11 18:30:00+00:00,cell_001,122.61,19.56,4.48,0.68,63.97,False
2026-08-11 18:31:00+00:00,cell_001,122.96,16.92,4.58,0.5,68.42,False
2026-08-11 18:32:00+00:00,cell_001,117.34,18.9,4.6,0.8,73.43,False
2026-08-11 18:33:00+00:00,cell_001,115.77,19.13,4.15,0.82,75.67,False
2026-08-11 18:34:00+00:00,cell_001,122.87,19.51,4.13,0.68,81.39,False
2026-08-11 18:35:00+00:00,cell_001,114.41,18.97,4.07,0.38,69.09,False
2026-08-11 18:36:00+00:00,cell_001,114.38,19.99,4.34,0.85,68.66,False
2026-08-11 18:37:00+00:00,cell_001,118.77,16.6,4.37,0.29,61.11,False
2026-08-11 18:38:00+00:00,cell_001,119.71,18.97,4.32,0.39,63.18,False
2026-08-11 18:39:00+00:00,cell_001,116.34,18.87,4.53,0.79,72.08,False
2026-08-11 18:40:00+00:00,cell_001,120.31,19.28,4.03,0.42,77.54,False
2026-08-11 18:41:00+00:00,cell_001,120.57,19.91,4.19,0.49,74.71,False
2026-08-11 18:42:00+00:00,cell_001,118.45,17.46,4.21,0.67,64.51,False
2026-08-11 18:43:00+00:00,cell_001,126.11,19.84,4.68,0.82,61.65,False
2026-08-11 18:44:00+00:00,cell_001,121.42,19.13,4.49,0.75,58.19,False
2026-08-11 18:45:00+00:00,cell_001,123.64,18.12,4.53,0.9,66.72,False
2026-08-11 18:46:00+00:00,cell_001,116.01,17.38,4.14,0.55,76.73,False
2026-08-11 18:47:00+00:00,cell_001,116.11,18.47,4.43,0.46,64.25,False
2026-08-11 18:48:00+00:00,cell_001,122.01,18.54,4.18,0.38,63.48,False
2026-08-11 18:49:00+00:00,cell_001,126.31,18.58,4.19,0.66,65.23,False
2026-08-11 18:50:00+00:00,cell_001,117.84,17.6,4.52,0.69,64.96,False
2026-08-11 18:51:00+00:00,cell_001,121.42,18.82,4.21,1.12,66.59,False
2026-08-11 18:52:00+00:00,cell_001,117.41,17.79,4.37,0.75,53.44,False
2026-08-11 18:53:00+00:00,cell_001,119.08,19.4,4.31,0.29,60.94,False
2026-08-11 18:54:00+00:00,cell_001,121.94,19.88,4.04,0.86,63.77,False
2026-08-11 18:55:00+00:00,cell_001,120.01,17.34,4.21,0.46,66.92,False
2026-08-11 18:56:00+00:00,cell_001,117.69,18.2,4.21,0.37,62.57,False
2026-08-11 18:57:00+00:00,cell_001,117.75,19.09,4.26,0.83,66.32,False
2026-08-11 18:58:00+00:00,cell_001,116.2,18.38,3.83,0.79,61.97,False
2026-08-11 18:59:00+00:00,cell_001,123.41,16.74,4.15,0.84,69.17,False
2026-08-11 19:00:00+00:00,cell_001,123.89,18.94,4.64,0.5,66.42,False
2026-08-11 19:01:00+00:00,cell_001,124.0,17.45,4.49,1.07,65.61,False
2026-08-11 19:02:00+00:00,cell_001,119.62,18.25,4.23,0.81,68.58,False
2026-08-11 19:03:00+00:00,cell_001,125.49,17.04,4.0,0.43,67.28,False
2026-08-11 19:04:00+00:00,cell_001,124.71,18.81,4.38,1.07,61.39,False
2026-08-11 19:05:00+00:00,cell_001,122.74,17.58,4.63,0.74,60.05,False
2026-08-11 19:06:00+00:00,cell_001,122.37,18.88,4.79,0.62,70.68,False
2026-08-11 19:07:00+00:00,cell_001,121.01,17.75,4.17,0.51,73.55,False
2026-08-11 19:08:00+00:00,cell_001,123.66,17.47,4.01,0.0,69.54,False
2026-08-11 19:09:00+00:00,cell_001,128.06,18.35,4.47,0.77,69.26,False
2026-08-11 19:10:00+00:00,cell_001,126.74,16.85,4.43,0.49,58.28,False
2026-08-11 19:11:00+00:00,cell_001,122.68,19.71,4.32,0.57,62.45,False
2026-08-11 19:12:00+00:00,cell_001,125.19,18.08,4.12,0.6,61.65,False
2026-08-11 19:13:00+00:00,cell_001,120.39,17.31,3.91,0.44,61.32,False
2026-08-11 19:14:00+00:00,cell_001,126.01,17.46,4.5,0.72,58.79,False
2026-08-11 19:15:00+00:00,cell_001,121.45,17.87,4.57,0.45,64.39,False
2026-08-11 19:16:00+00:00,cell_001,126.14,18.83,4.18,0.29,64.3,False
2026-08-11 19:17:00+00:00,cell_001,133.1,16.92,4.8,0.63,57.81,False
2026-08-11 19:18:00+00:00,cell_001,122.6,17.43,4.35,0.5,58.53,False
2026-08-11 19:19:00+00:00,cell_001,133.2,17.74,4.23,0.22,63.07,False
2026-08-11 19:20:00+00:00,cell_001,126.03,19.31,3.92,0.36,61.76,False
2026-08-11 19:21:00+00:00,cell_001,122.43,18.76,3.76,0.64,58.76,False
2026-08-11 19:22:00+00:00,cell_001,122.42,19.33,4.11,0.64,60.61,False
2026-08-11 19:23:00+00:00,cell_001,132.02,17.76,4.37,0.89,54.91,False
2026-08-11 19:24:00+00:00,cell_001,126.53,19.14,4.96,0.84,64.65,False
2026-08-11 19:25:00+00:00,cell_001,123.47,18.96,4.27,0.69,59.19,False
2026-08-11 19:26:00+00:00,cell_001,124.68,18.38,4.43,0.46,58.87,False
2026-08-11 19:27:00+00:00,cell_001,126.71,18.44,4.0,0.5,63.26,False
2026-08-11 19:28:00+00:00,cell_001,125.51,17.06,4.3,0.69,65.96,False
2026-08-11 19:29:00+00:00,cell_001,126.69,19.46,4.26,0.8,60.59,False
2026-08-11 19:30:00+00:00,cell_001,131.1,17.38,3.95,0.71,57.29,False
2026-08-11 19:31:00+00:00,cell_001,122.52,18.17,4.63,0.51,62.28,False
2026-08-11 19:32:00+00:00,cell_001,127.96,18.27,4.18,0.64,60.42,False
2026-08-11 19:33:00+00:00,cell_001,125.93,16.2,4.55,0.55,61.54,False
2026-08-11 19:34:00+00:00,cell_001,124.77,17.51,4.22,0.18,63.87,False
2026-08-11 19:35:00+00:00,cell_001,129.6,17.75,4.11,0.56,58.79,False
2026-08-11 19:36:00+00:00,cell_001,122.12,17.42,3.97,0.52,64.63,False
2026-08-11 19:37:00+00:00,cell_001,119.53,17.48,4.1,0.76,56.48,False
2026-08-11 19:38:00+00:00,cell_001,127.43,18.99,4.64,0.38,55.79,False
2026-08-11 19:39:00+00:00,cell_001,126.46,16.66,3.92,0.4,63.55,False
2026-08-11 19:40:00+00:00,cell_001,122.94,16.2,4.39,0.81,61.13,False
2026-08-11 19:41:00+00:00,cell_001,121.98,16.87,4.09,0.41,57.98,False
2026-08-11 19:42:00+00:00,cell_001,133.03,18.19,4.36,0.46,58.54,False
2026-08-11 19:43:00+00:00,cell_001,128.75,18.27,4.24,0.69,56.98,False
2026-08-11 19:44:00+00:00,cell_001,127.54,18.02,3.77,0.73,57.32,False
2026-08-11 19:45:00+00:00,cell_001,134.18,18.31,4.22,0.87,52.01,False
2026-08-11 19:46:00+00:00,cell_001,130.78,17.64,4.81,0.52,54.15,False
2026-08-11 19:47:00+00:00,cell_001,133.15,16.85,4.25,0.53,57.1,False
2026-08-11 19:48:00+00:00,cell_001,124.42,16.41,4.43,0.56,49.88,False
2026-08-11 19:49:00+00:00,cell_001,124.43,16.07,4.24,0.47,46.78,False
2026-08-11 19:50:00+00:00,cell_001,130.05,17.09,4.38,0.67,49.36,False
2026-08-11 19:51:00+00:00,cell_001,129.56,18.1,3.93,0.52,63.16,False
2026-08-11 19:52:00+00:00,cell_001,132.19,17.53,4.1,0.34,66.71,False
2026-08-11 19:53:00+00:00,cell_001,123.67,17.3,4.4,0.23,58.36,False
2026-08-11 19:54:00+00:00,cell_001,130.79,16.21,4.02,0.56,55.94,False
2026-08-11 19:55:00+00:00,cell_001,131.77,19.83,4.45,0.71,62.41,False
2026-08-11 19:56:00+00:00,cell_001,131.73,16.41,3.82,0.45,51.04,False
2026-08-11 19:57:00+00:00,cell_001,127.82,17.34,4.13,0.32,57.91,False
2026-08-11 19:58:00+00:00,cell_001,130.71,18.21,4.03,0.89,57.79,False
2026-08-11 19:59:00+00:00,cell_001,126.95,17.23,4.9,0.51,54.81,False
2026-08-11 20:00:00+00:00,cell_001,128.51,16.37,3.99,0.76,46.65,False
2026-08-11 20:01:00+00:00,cell_001,126.38,17.97,4.23,0.79,61.34,False
2026-08-11 20:02:00+00:00,cell_001,127.36,15.81,3.5,0.88,52.78,False
2026-08-11 20:03:00+00:00,cell_001,129.03,18.87,3.74,0.57,51.98,False
2026-08-11 20:04:00+00:00,cell_001,128.39,17.4,4.18,0.29,47.79,False
2026-08-11 20:05:00+00:00,cell_001,127.71,16.85,4.0,0.19,58.16,False
2026-08-11 20:06:00+00:00,cell_001,126.2,15.67,4.0,0.52,56.89,False
2026-08-11 20:07:00+00:00,cell_001,136.1,15.92,3.98,0.91,57.62,False
2026-08-11 20:08:00+00:00,cell_001,128.84,17.01,4.01,0.59,52.47,False
2026-08-11 20:09:00+00:00,cell_001,131.45,18.94,3.55,0.84,53.1,False
2026-08-11 20:10:00+00:00,cell_001,125.3,17.26,4.04,0.38,50.97,False
2026-08-11 20:11:00+00:00,cell_001,134.76,17.36,3.99,0.86,55.51,False
2026-08-11 20:12:00+00:00,cell_001,131.31,17.39,4.37,0.71,54.11,False
2026-08-11 20:13:00+00:00,cell_001,129.59,19.35,4.3,0.6,52.43,False
2026-08-11 20:14:00+00:00,cell_001,129.74,16.53,3.2,0.76,47.69,False
2026-08-11 20:15:00+00:00,cell_001,133.77,18.52,3.82,0.45,52.13,False
2026-08-11 20:16:00+00:00,cell_001,122.42,16.54,4.58,0.66,46.18,False
2026-08-11 20:17:00+00:00,cell_001,128.92,16.22,4.3,0.4,50.29,False
2026-08-11 20:18:00+00:00,cell_001,131.15,16.83,4.18,0.44,49.17,False
2026-08-11 20:19:00+00:00,cell_001,131.23,16.81,3.87,0.38,51.96,False
2026-08-11 20:20:00+00:00,cell_001,139.25,17.45,4.24,0.39,54.34,False
2026-08-10 20:20:00+00:00,cell_002,91.74,11.8,4.08,0.32,41.36,False
2026-08-10 20:21:00+00:00,cell_002,89.77,10.3,3.82,0.04,48.27,False
2026-08-10 20:22:00+00:00,cell_002,88.56,13.07,3.98,0.71,47.31,False
2026-08-10 20:23:00+00:00,cell_002,92.89,11.31,3.86,0.76,53.38,False
2026-08-10 20:24:00+00:00,cell_002,90.86,13.39,3.98,0.47,57.0,False
2026-08-10 20:25:00+00:00,cell_002,89.09,12.28,3.95,0.39,50.7,False
2026-08-10 20:26:00+00:00,cell_002,91.8,10.64,4.04,0.59,53.91,False
2026-08-10 20:27:00+00:00,cell_002,93.44,10.88,4.27,0.47,50.57,False
2026-08-10 20:28:00+00:00,cell_002,91.32,12.08,3.7,0.86,58.66,False
2026-08-10 20:29:00+00:00,cell_002,93.33,10.77,3.23,0.19,52.18,False
2026-08-10 20:30:00+00:00,cell_002,88.82,12.82,4.33,0.51,44.95,False
2026-08-10 20:31:00+00:00,cell_002,95.97,12.3,3.9,0.53,50.39,False
2026-08-10 20:32:00+00:00,cell_002,89.09,13.99,4.07,0.39,50.4,False
2026-08-10 20:33:00+00:00,cell_002,93.37,12.19,3.52,0.65,50.83,False
2026-08-10 20:34:00+00:00,cell_002,91.39,10.77,3.89,0.53,48.09,False
2026-08-10 20:35:00+00:00,cell_002,89.03,12.42,4.44,0.84,54.63,False
2026-08-10 20:36:00+00:00,cell_002,90.82,11.78,4.03,0.95,57.72,False
2026-08-10 20:37:00+00:00,cell_002,97.25,11.7,3.86,0.0,48.36,False
2026-08-10 20:38:00+00:00,cell_002,89.16,12.16,4.19,0.68,47.03,False
2026-08-10 20:39:00+00:00,cell_002,89.26,10.8,4.47,0.38,49.77,False
2026-08-10 20:40:00+00:00,cell_002,89.61,12.14,3.81,0.91,53.93,False
2026-08-10 20:41:00+00:00,cell_002,95.28,12.23,4.3,0.61,44.91,False
2026-08-10 20:42:00+00:00,cell_002,92.92,11.95,3.57,0.33,56.52,False
2026-08-10 20:43:00+00:00,cell_002,91.24,9.68,4.6,0.41,47.57,False
2026-08-10 20:44:00+00:00,cell_002,91.66,11.7,4.01,0.32,47.12,False
2026-08-10 20:45:00+00:00,cell_002,91.27,10.17,3.92,0.63,51.87,False
2026-08-10 20:46:00+00:00,cell_002,92.09,10.28,3.92,0.22,38.85,False
2026-08-10 20:47:00+00:00,cell_002,89.55,10.45,4.0,0.47,54.23,False
2026-08-10 20:48:00+00:00,cell_002,88.72,11.35,4.15,0.2,61.44,False
2026-08-10 20:49:00+00:00,cell_002,93.6,11.27,3.95,0.72,57.95,False
2026-08-10 20:50:00+00:00,cell_002,91.12,13.08,4.49,0.49,52.82,False
2026-08-10 20:51:00+00:00,cell_002,94.3,12.41,4.33,0.62,53.38,False
2026-08-10 20:52:00+00:00,cell_002,93.63,12.76,3.84,0.53,48.25,False
2026-08-10 20:53:00+00:00,cell_002,96.7,12.4,3.74,0.2,48.34,False
2026-08-10 20:54:00+00:00,cell_002,93.75,10.32,4.01,0.45,42.8,False
2026-08-10 20:55:00+00:00,cell_002,95.13,10.77,4.07,0.56,45.36,False
2026-08-10 20:56:00+00:00,cell_002,91.76,8.84,3.85,0.39,43.72,False
2026-08-10 20:57:00+00:00,cell_002,88.43,11.47,3.93,0.26,51.11,False
2026-08-10 20:58:00+00:00,cell_002,92.79,12.95,4.13,0.98,46.85,False
2026-08-10 20:59:00+00:00,cell_002,92.06,11.52,4.29,0.29,46.08,False
2026-08-10 21:00:00+00:00,cell_002,90.81,10.32,3.71,0.38,48.34,False
2026-08-10 21:01:00+00:00,cell_002,96.31,10.62,3.33,0.55,48.99,False
2026-08-10 21:02:00+00:00,cell_002,92.9,11.91,3.83,0.48,52.11,False
2026-08-10 21:03:00+00:00,cell_002,94.95,10.94,3.39,0.62,40.4,False
2026-08-10 21:04:00+00:00,cell_002,90.57,12.37,3.63,0.39,47.67,False
2026-08-10 21:05:00+00:00,cell_002,94.65,12.22,3.14,0.48,52.26,False
2026-08-10 21:06:00+00:00,cell_002,97.02,11.15,4.36,0.65,51.43,False
2026-08-10 21:07:00+00:00,cell_002,100.2,10.26,3.35,0.57,57.05,False
2026-08-10 21:08:00+00:00,cell_002,90.14,11.94,4.55,0.77,45.78,False
2026-08-10 21:09:00+00:00,cell_002,95.26,10.7,3.36,0.55,50.59,False
2026-08-10 21:10:00+00:00,cell_002,90.19,11.87,4.19,0.47,35.87,False
2026-08-10 21:11:00+00:00,cell_002,90.82,11.97,3.78,0.76,45.87,False
2026-08-10 21:12:00+00:00,cell_002,95.42,10.81,4.16,0.39,44.68,False
2026-08-10 21:13:00+00:00,cell_002,95.88,12.93,4.13,0.49,51.59,False
2026-08-10 21:14:00+00:00,cell_002,97.01,11.06,3.56,0.49,49.19,False
2026-08-10 21:15:00+00:00,cell_002,94.38,12.29,4.39,0.66,42.19,False
2026-08-10 21:16:00+00:00,cell_002,98.43,12.11,3.46,0.72,43.44,False
2026-08-10 21:17:00+00:00,cell_002,97.21,11.01,3.78,0.5,40.89,False
2026-08-10 21:18:00+00:00,cell_002,94.78,10.12,4.44,0.49,49.62,False
2026-08-10 21:19:00+00:00,cell_002,97.22,11.31,3.99,0.49,48.11,False
2026-08-10 21:20:00+00:00,cell_002,94.08,12.07,3.81,0.57,34.48,False
2026-08-10 21:21:00+00:00,cell_002,98.48,11.07,3.87,0.61,38.3,False
2026-08-10 21:22:00+00:00,cell_002,96.07,10.91,3.93,0.68,43.73,False
2026-08-10 21:23:00+00:00,cell_002,94.61,11.71,4.18,0.19,49.07,False
2026-08-10 21:24:00+00:00,cell_002,93.27,11.51,4.03,0.4,36.12,False
2026-08-10 21:25:00+00:00,cell_002,94.84,10.47,3.74,0.73,46.32,False
2026-08-10 21:26:00+00:00,cell_002,96.51,9.78,4.03,0.28,40.5,False
2026-08-10 21:27:00+00:00,cell_002,95.63,11.81,3.22,0.26,43.86,False
2026-08-10 21:28:00+00:00,cell_002,97.84,10.44,4.0,0.61,44.82,False
2026-08-10 21:29:00+00:00,cell_002,94.8,10.71,3.69,0.21,44.18,False
2026-08-10 21:30:00+00:00,cell_002,97.45,12.25,3.75,0.65,32.35,False
2026-08-10 21:31:00+00:00,cell_002,88.79,13.82,3.98,0.71,58.98,False
2026-08-10 21:32:00+00:00,cell_002,95.15,13.23,4.08,0.81,49.65,False
2026-08-10 21:33:00+00:00,cell_002,95.01,11.18,3.48,0.59,44.2,False
2026-08-10 21:34:00+00:00,cell_002,90.1,12.65,3.85,0.58,40.07,False
2026-08-10 21:35:00+00:00,cell_002,99.1,9.75,3.4,0.0,43.99,False
2026-08-10 21:36:00+00:00,cell_002,96.13,10.88,3.92,0.41,39.48,False
2026-08-10 21:37:00+00:00,cell_002,97.73,10.71,3.37,0.78,42.41,False
2026-08-10 21:38:00+00:00,cell_002,95.15,10.53,3.49,0.28,48.41,False
2026-08-10 21:39:00+00:00,cell_002,98.85,11.31,4.05,0.37,39.9,False
2026-08-10 21:40:00+00:00,cell_002,96.77,11.49,3.74,0.62,44.47,False
2026-08-10 21:41:00+00:00,cell_002,98.43,10.74,3.82,0.67,47.58,False
2026-08-10 21:42:00+00:00,cell_002,97.07,11.26,3.56,0.63,46.66,False
2026-08-10 21:43:00+00:00,cell_002,98.12,10.16,4.0,0.66,42.88,False
2026-08-10 21:44:00+00:00,cell_002,97.06,8.28,3.38,0.74,39.09,False
2026-08-10 21:45:00+00:00,cell_002,97.98,11.19,3.71,0.68,50.33,False
2026-08-10 21:46:00+00:00,cell_002,97.1,11.48,3.69,0.76,49.23,False
2026-08-10 21:47:00+00:00,cell_002,92.26,11.97,3.85,0.47,39.0,False
2026-08-10 21:48:00+00:00,cell_002,92.64,9.75,3.77,0.39,44.18,False
2026-08-10 21:49:00+00:00,cell_002,95.54,9.61,3.77,0.85,37.16,False
2026-08-10 21:50:00+00:00,cell_002,100.43,8.93,3.43,0.54,38.81,False
2026-08-10 21:51:00+00:00,cell_002,97.17,11.38,3.24,0.6,49.8,False
2026-08-10 21:52:00+00:00,cell_002,93.24,10.26,3.73,0.43,38.38,False
2026-08-10 21:53:00+00:00,cell_002,96.43,10.34,3.74,0.21,40.2,False
2026-08-10 21:54:00+00:00,cell_002,96.07,11.58,3.48,0.72,43.37,False
2026-08-10 21:55:00+00:00,cell_002,96.77,12.41,3.12,0.68,41.26,False
2026-08-10 21:56:00+00:00,cell_002,99.67,10.46,4.21,0.66,42.35,False
2026-08-10 21:57:00+00:00,cell_002,99.11,11.82,3.83,0.24,43.47,False
2026-08-10 21:58:00+00:00,cell_002,100.72,11.45,3.94,0.53,29.88,False
2026-08-10 21:59:00+00:00,cell_002,96.92,12.47,3.72,0.71,43.02,False
2026-08-10 22:00:00+00:00,cell_002,98.89,11.32,3.16,0.27,40.5,False
2026-08-10 22:01:00+00:00,cell_002,100.75,10.26,3.35,0.31,27.06,False
2026-08-10 22:02:00+00:00,cell_002,97.64,10.29,3.83,0.56,37.3,False
2026-08-10 22:03:00+00:00,cell_002,91.97,12.43,4.06,0.28,44.06,False
2026-08-10 22:04:00+00:00,cell_002,96.99,12.86,3.63,0.0,43.1,False
2026-08-10 22:05:00+00:00,cell_002,103.26,10.0,3.95,0.4,40.63,False
2026-08-10 22:06:00+00:00,cell_002,99.0,9.08,2.97,0.34,36.11,False
2026-08-10 22:07:00+00:00,cell_002,98.32,11.3,3.23,0.61,41.79,False
2026-08-10 22:08:00+00:00,cell_002,96.39,9.67,3.75,0.69,37.27,False
2026-08-10 22:09:00+00:00,cell_002,96.77,9.61,3.81,0.36,38.23,False
2026-08-10 22:10:00+00:00,cell_002,98.72,10.04,3.52,0.99,31.17,False
2026-08-10 22:11:00+00:00,cell_002,100.82,10.28,4.11,0.56,34.94,False
2026-08-10 22:12:00+00:00,cell_002,94.07,9.21,3.24,0.34,43.71,False
2026-08-10 22:13:00+00:00,cell_002,95.36,11.62,3.7,0.62,43.15,False
2026-08-10 22:14:00+00:00,cell_002,99.46,10.6,3.63,0.58,36.86,False
2026-08-10 22:15:00+00:00,cell_002,98.84,11.29,3.54,0.6,32.84,False
2026-08-10 22:16:00+00:00,cell_002,93.05,10.15,3.86,0.82,43.93,False
2026-08-10 22:17:00+00:00,cell_002,97.52,10.95,3.61,0.28,36.09,False
2026-08-10 22:18:00+00:00,cell_002,102.68,10.69,2.88,0.63,44.79,False
2026-08-10 22:19:00+00:00,cell_002,98.7,11.31,3.67,0.51,38.78,False
2026-08-10 22:20:00+00:00,cell_002,96.23,9.66,3.86,0.12,33.37,False
2026-08-10 22:21:00+00:00,cell_002,98.45,11.67,3.23,0.17,41.07,False
2026-08-10 22:22:00+00:00,cell_002,102.82,10.73,3.9,0.73,36.2,False
2026-08-10 22:23:00+00:00,cell_002,100.62,10.04,3.63,0.66,35.13,False
2026-08-10 22:24:00+00:00,cell_002,96.86,10.96,3.23,0.81,37.43,False
2026-08-10 22:25:00+00:00,cell_002,100.63,11.89,3.72,0.55,31.29,False
2026-08-10 22:26:00+00:00,cell_002,98.17,11.5,3.25,0.11,40.0,False
2026-08-10 22:27:00+00:00,cell_002,95.6,11.65,3.71,0.44,34.56,False
2026-08-10 22:28:00+00:00,cell_002,102.18,10.8,3.89,0.44,27.48,False
2026-08-10 22:29:00+00:00,cell_002,100.85,9.87,4.44,0.47,32.04,False
2026-08-10 22:30:00+00:00,cell_002,96.68,10.55,3.78,0.27,56.15,False
2026-08-10 22:31:00+00:00,cell_002,102.2,10.77,3.35,0.77,35.79,False
2026-08-10 22:32:00+00:00,cell_002,92.83,11.77,3.02,0.3,42.77,False
2026-08-10 22:33:00+00:00,cell_002,99.48,9.9,3.8,0.49,26.12,False
2026-08-10 22:34:00+00:00,cell_002,106.16,11.81,3.45,0.32,36.2,False
2026-08-10 22:35:00+00:00,cell_002,105.68,11.69,2.75,0.63,28.91,False
2026-08-10 22:36:00+00:00,cell_002,98.79,12.01,3.43,0.22,31.0,False
2026-08-10 22:37:00+00:00,cell_002,107.69,11.47,3.25,0.2,33.9,False
2026-08-10 22:38:00+00:00,cell_002,101.57,10.65,4.24,0.69,45.01,False
2026-08-10 22:39:00+00:00,cell_002,99.26,10.11,3.29,0.58,42.01,False
2026-08-10 22:40:00+00:00,cell_002,100.56,12.07,3.52,0.84,31.89,False
2026-08-10 22:41:00+00:00,cell_002,98.63,11.19,3.59,0.53,38.24,False
2026-08-10 22:42:00+00:00,cell_002,102.42,9.14,3.66,0.54,36.65,False
2026-08-10 22:43:00+00:00,cell_002,99.13,11.88,3.94,0.29,31.64,False
2026-08-10 22:44:00+00:00,cell_002,100.98,10.68,3.71,0.73,25.73,False
2026-08-10 22:45:00+00:00,cell_002,99.43,10.99,3.43,0.69,42.68,False
2026-08-10 22:46:00+00:00,cell_002,95.24,12.52,3.39,0.69,41.07,False
2026-08-10 22:47:00+00:00,cell_002,98.44,10.46,3.37,0.55,36.1,False
2026-08-10 22:48:00+00:00,cell_002,100.02,8.69,4.25,0.38,32.58,False
2026-08-10 22:49:00+00:00,cell_002,100.12,10.84,3.58,0.49,34.31,False
2026-08-10 22:50:00+00:00,cell_002,102.95,10.09,3.67,0.53,35.9,False
2026-08-10 22:51:00+00:00,cell_002,102.23,10.33,3.59,0.45,41.08,False
2026-08-10 22:52:00+00:00,cell_002,99.44,9.88,3.01,0.42,34.03,False
2026-08-10 22:53:00+00:00,cell_002,99.3,8.96,4.08,0.64,31.65,False
2026-08-10 22:54:00+00:00,cell_002,101.2,11.25,3.26,0.7,36.59,False
2026-08-10 22:55:00+00:00,cell_002,99.82,12.1,3.54,0.3,35.63,False
2026-08-10 22:56:00+00:00,cell_002,99.35,11.07,3.66,0.52,38.62,False
2026-08-10 22:57:00+00:00,cell_002,98.34,9.76,3.17,0.82,21.05,False
2026-08-10 22:58:00+00:00,cell_002,99.71,10.52,3.48,0.34,31.22,False
2026-08-10 22:59:00+00:00,cell_002,102.42,13.15,3.66,0.42,34.55,False
2026-08-10 23:00:00+00:00,cell_002,97.87,11.24,4.16,0.32,27.42,False
2026-08-10 23:01:00+00:00,cell_002,102.43,10.62,3.13,0.46,36.14,False
2026-08-10 23:02:00+00:00,cell_002,109.1,9.34,3.8,0.54,29.03,False
2026-08-10 23:03:00+00:00,cell_002,99.48,10.66,3.9,0.5,31.8,False
2026-08-10 23:04:00+00:00,cell_002,100.32,10.13,3.22,0.66,31.93,False
2026-08-10 23:05:00+00:00,cell_002,99.76,11.29,3.66,0.5,43.62,False
2026-08-10 23:06:00+00:00,cell_002,102.1,10.45,3.91,0.56,31.94,False
2026-08-10 23:07:00+00:00,cell_002,100.22,11.81,3.98,0.39,37.15,False
2026-08-10 23:08:00+00:00,cell_002,100.48,11.92,3.21,0.25,26.25,False
2026-08-10 23:09:00+00:00,cell_002,96.62,8.79,3.6,0.86,41.98,False
2026-08-10 23:10:00+00:00,cell_002,100.51,10.96,4.17,0.61,30.23,False
2026-08-10 23:11:00+00:00,cell_002,97.78,12.0,3.26,0.33,30.43,False
2026-08-10 23:12:00+00:00,cell_002,99.1,11.56,3.88,0.48,31.29,False
2026-08-10 23:13:00+00:00,cell_002,104.92,8.23,3.96,0.62,29.53,False
2026-08-10 23:14:00+00:00,cell_002,98.79,12.37,4.1,0.41,28.49,False
2026-08-10 23:15:00+00:00,cell_002,100.33,9.03,3.18,0.48,39.23,False
2026-08-10 23:16:00+00:00,cell_002,103.22,8.69,3.46,0.58,32.38,False
2026-08-10 23:17:00+00:00,cell_002,100.68,8.77,3.79,0.56,29.93,False
2026-08-10 23:18:00+00:00,cell_002,103.27,11.03,3.71,0.16,41.94,False
2026-08-10 23:19:00+00:00,cell_002,106.66,9.5,2.94,0.47,27.92,False
2026-08-10 23:20:00+00:00,cell_002,102.97,9.68,4.05,0.13,34.07,False
2026-08-10 23:21:00+00:00,cell_002,97.9,9.88,3.31,0.53,23.14,False
2026-08-10 23:22:00+00:00,cell_002,104.62,11.64,3.21,0.53,26.9,False
2026-08-10 23:23:00+00:00,cell_002,100.68,11.15,3.93,0.49,33.66,False
2026-08-10 23:24:00+00:00,cell_002,96.16,9.12,3.41,0.6,35.89,False
2026-08-10 23:25:00+00:00,cell_002,98.31,9.66,4.08,0.1,30.6,False
2026-08-10 23:26:00+00:00,cell_002,101.15,8.85,3.47,0.4,41.94,False
2026-08-10 23:27:00+00:00,cell_002,103.86,9.71,3.52,0.34,27.21,False
2026-08-10 23:28:00+00:00,cell_002,100.75,10.84,3.43,0.37,29.19,False
2026-08-10 23:29:00+00:00,cell_002,102.7,10.12,3.14,0.3,28.72,False
2026-08-10 23:30:00+00:00,cell_002,100.6,9.26,3.73,0.35,32.3,False
2026-08-10 23:31:00+00:00,cell_002,107.54,11.29,3.8,0.21,40.47,False
2026-08-10 23:32:00+00:00,cell_002,99.88,10.44,3.74,0.45,40.88,False
2026-08-10 23:33:00+00:00,cell_002,106.17,9.45,3.7,0.52,26.8,False
2026-08-10 23:34:00+00:00,cell_002,101.99,11.91,3.88,0.63,26.86,False
2026-08-10 23:35:00+00:00,cell_002,103.31,10.72,3.37,0.41,22.39,False
2026-08-10 23:36:00+00:00,cell_002,94.51,10.33,3.85,0.61,35.68,False
2026-08-10 23:37:00+00:00,cell_002,106.95,10.81,3.73,0.42,39.08,False
2026-08-10 23:38:00+00:00,cell_002,99.29,8.92,3.47,0.7,31.23,False
2026-08-10 23:39:00+00:00,cell_002,104.27,8.88,3.33,0.53,32.84,False
2026-08-10 23:40:00+00:00,cell_002,100.31,9.61,3.42,0.38,34.88,False
2026-08-10 23:41:00+00:00,cell_002,98.2,11.24,3.13,0.68,26.0,False
2026-08-10 23:42:00+00:00,cell_002,105.01,9.73,3.71,0.33,31.34,False
2026-08-10 23:43:00+00:00,cell_002,100.7,9.97,3.58,0.55,25.13,False
2026-08-10 23:44:00+00:00,cell_002,102.02,12.35,3.49,0.3,35.55,False
2026-08-10 23:45:00+00:00,cell_002,101.48,8.73,3.59,0.67,31.38,False
2026-08-10 23:46:00+00:00,cell_002,96.95,11.24,3.96,0.8,30.0,False
2026-08-10 23:47:00+00:00,cell_002,98.8,9.18,3.54,0.09,31.46,False
2026-08-10 23:48:00+00:00,cell_002,96.28,11.29,3.81,0.43,28.76,False
2026-08-10 23:49:00+00:00,cell_002,99.72,9.59,3.78,0.87,31.9,False
2026-08-10 23:50:00+00:00,cell_002,107.2,10.19,3.31,0.29,28.71,False
2026-08-10 23:51:00+00:00,cell_002,106.18,9.43,3.83,0.39,37.5,False
2026-08-10 23:52:00+00:00,cell_002,108.29,8.94,3.6,0.48,24.42,False
2026-08-10 23:53:00+00:00,cell_002,105.56,9.22,3.62,0.37,39.49,False
2026-08-10 23:54:00+00:00,cell_002,103.56,10.16,3.42,0.78,33.23,False
2026-08-10 23:55:00+00:00,cell_002,107.11,9.78,3.01,0.72,34.81,False
2026-08-10 23:56:00+00:00,cell_002,101.23,9.12,2.83,0.16,17.61,False
2026-08-10 23:57:00+00:00,cell_002,107.23,10.71,3.08,0.4,30.57,False
2026-08-10 23:58:00+00:00,cell_002,102.94,8.38,3.59,0.81,23.73,False
2026-08-10 23:59:00+00:00,cell_002,102.8,10.45,3.29,0.32,31.66,False
2026-08-11 00:00:00+00:00,cell_002,102.91,9.77,3.18,0.5,23.02,False
2026-08-11 00:01:00+00:00,cell_002,106.91,10.83,3.49,0.21,36.61,False
2026-08-11 00:02:00+00:00,cell_002,108.97,11.7,3.27,0.62,35.84,False
2026-08-11 00:03:00+00:00,cell_002,99.04,9.69,3.79,0.54,32.06,False
2026-08-11 00:04:00+00:00,cell_002,105.86,9.94,3.83,0.3,26.11,False
2026-08-11 00:05:00+00:00,cell_002,102.1,10.84,3.8,0.61,31.95,False
2026-08-11 00:06:00+00:00,cell_002,102.79,10.33,3.64,0.25,30.56,False
2026-08-11 00:07:00+00:00,cell_002,103.11,11.04,3.17,0.68,22.53,False
2026-08-11 00:08:00+00:00,cell_002,105.9,9.47,3.52,0.68,31.61,False
2026-08-11 00:09:00+00:00,cell_002,98.92,10.82,3.5,0.6,26.64,False
2026-08-11 00:10:00+00:00,cell_002,98.89,10.42,3.6,0.49,33.03,False
2026-08-11 00:11:00+00:00,cell_002,103.21,10.6,3.44,0.29,35.26,False
2026-08-11 00:12:00+00:00,cell_002,98.61,9.81,3.59,0.24,25.46,False
2026-08-11 00:13:00+00:00,cell_002,103.57,9.92,3.44,0.62,25.01,False
2026-08-11 00:14:00+00:00,cell_002,106.04,9.28,3.81,0.03,32.44,False
2026-08-11 00:15:00+00:00,cell_002,104.33,10.8,3.13,0.27,24.28,False
2026-08-11 00:16:00+00:00,cell_002,104.22,10.3,3.49,0.52,33.29,False
2026-08-11 00:17:00+00:00,cell_002,100.59,10.3,3.5,0.33,31.05,False
2026-08-11 00:18:00+00:00,cell_002,108.05,9.33,3.22,0.78,29.14,False
2026-08-11 00:19:00+00:00,cell_002,106.99,10.75,3.25,0.27,32.24,False
2026-08-11 00:20:00+00:00,cell_002,107.12,9.08,3.23,0.29,28.83,False
2026-08-11 00:21:00+00:00,cell_002,104.9,10.87,3.66,0.33,22.46,False
2026-08-11 00:22:00+00:00,cell_002,100.21,8.64,3.16,0.22,25.64,False
2026-08-11 00:23:00+00:00,cell_002,99.3,12.15,3.12,0.68,35.56,False
2026-08-11 00:24:00+00:00,cell_002,106.78,13.05,3.1,0.1,31.23,False
2026-08-11 00:25:00+00:00,cell_002,101.74,11.14,3.45,0.46,33.93,False
2026-08-11 00:26:00+00:00,cell_002,99.0,10.19,3.07,0.77,30.28,False
2026-08-11 00:27:00+00:00,cell_002,95.88,9.45,3.31,0.59,27.04,False
2026-08-11 00:28:00+00:00,cell_002,106.43,9.34,3.57,0.49,33.42,False
2026-08-11 00:29:00+00:00,cell_002,106.6,10.0,3.68,0.31,31.53,False
2026-08-11 00:30:00+00:00,cell_002,109.93,10.91,4.03,0.39,24.51,False
2026-08-11 00:31:00+00:00,cell_002,103.92,10.21,3.36,0.57,36.5,False
2026-08-11 00:32:00+00:00,cell_002,103.58,13.37,3.65,0.83,36.02,False
2026-08-11 00:33:00+00:00,cell_002,97.22,9.83,3.54,0.38,25.34,False
2026-08-11 00:34:00+00:00,cell_002,106.48,9.89,3.32,0.07,31.52,False
2026-08-11 00:35:00+00:00,cell_002,102.73,10.1,3.23,0.69,34.04,False
2026-08-11 00:36:00+00:00,cell_002,103.19,10.52,3.54,0.47,29.72,False
2026-08-11 00:37:00+00:00,cell_002,100.88,9.52,3.63,0.48,40.12,False
2026-08-11 00:38:00+00:00,cell_002,103.08,11.09,3.36,0.34,28.21,False
2026-08-11 00:39:00+00:00,cell_002,104.32,8.57,3.4,0.27,29.98,False
2026-08-11 00:40:00+00:00,cell_002,102.29,11.62,3.87,0.11,41.91,False
2026-08-11 00:41:00+00:00,cell_002,99.1,10.42,3.95,0.53,24.95,False
2026-08-11 00:42:00+00:00,cell_002,105.83,9.78,3.33,0.62,30.42,False
2026-08-11 00:43:00+00:00,cell_002,104.78,11.51,3.53,0.56,32.73,False
2026-08-11 00:44:00+00:00,cell_002,102.52,10.67,3.7,0.33,33.51,False
2026-08-11 00:45:00+00:00,cell_002,107.62,9.39,3.43,0.9,26.22,False
2026-08-11 00:46:00+00:00,cell_002,102.65,9.63,3.28,0.75,35.88,False
2026-08-11 00:47:00+00:00,cell_002,103.99,9.65,3.52,0.61,29.61,False
2026-08-11 00:48:00+00:00,cell_002,96.75,10.74,3.68,0.4,27.15,False
2026-08-11 00:49:00+00:00,cell_002,100.94,10.78,3.54,0.65,34.77,False
2026-08-11 00:50:00+00:00,cell_002,104.63,9.84,3.46,0.43,24.01,False
2026-08-11 00:51:00+00:00,cell_002,102.56,10.37,3.06,0.73,30.09,False
2026-08-11 00:52:00+00:00,cell_002,105.18,13.43,3.53,0.46,28.84,False
2026-08-11 00:53:00+00:00,cell_002,96.91,9.17,3.3,0.31,29.09,False
2026-08-11 00:54:00+00:00,cell_002,105.31,9.98,3.55,0.7,34.37,False
2026-08-11 00:55:00+00:00,cell_002,102.94,10.81,3.25,0.73,27.82,False
2026-08-11 00:56:00+00:00,cell_002,107.55,11.57,3.31,0.51,25.98,False
2026-08-11 00:57:00+00:00,cell_002,103.05,10.14,3.99,0.52,24.31,False
2026-08-11 00:58:00+00:00,cell_002,105.22,8.43,3.52,0.66,37.4,False
2026-08-11 00:59:00+00:00,cell_002,105.18,11.72,2.68,0.13,21.16,False
2026-08-11 01:00:00+00:00,cell_002,106.27,11.42,3.83,0.57,30.05,False
2026-08-11 01:01:00+00:00,cell_002,104.4,10.0,3.03,0.48,32.22,False
2026-08-11 01:02:00+00:00,cell_002,103.47,10.68,3.19,0.33,29.65,False
2026-08-11 01:03:00+00:00,cell_002,102.84,11.95,3.42,0.55,30.11,False
2026-08-11 01:04:00+00:00,cell_002,106.62,10.33,3.76,0.89,29.91,False
2026-08-11 01:05:00+00:00,cell_002,102.5,10.62,3.52,0.22,27.77,False
2026-08-11 01:06:00+00:00,cell_002,101.72,10.51,2.94,0.54,33.2,False
2026-08-11 01:07:00+00:00,cell_002,105.67,9.43,3.58,0.38,17.84,False
2026-08-11 01:08:00+00:00,cell_002,106.82,9.87,3.31,0.29,32.98,False
2026-08-11 01:09:00+00:00,cell_002,108.1,11.37,3.37,0.35,37.59,False
2026-08-11 01:10:00+00:00,cell_002,108.39,9.64,3.28,0.6,28.93,False
2026-08-11 01:11:00+00:00,cell_002,103.97,11.22,3.15,0.43,32.8,False
2026-08-11 01:12:00+00:00,cell_002,105.36,10.08,3.16,0.6,27.68,False
2026-08-11 01:13:00+00:00,cell_002,109.77,9.89,3.67,0.36,30.98,False
2026-08-11 01:14:00+00:00,cell_002,106.5,12.05,3.2,0.64,24.99,False
2026-08-11 01:15:00+00:00,cell_002,108.26,10.27,3.07,0.19,29.79,False
2026-08-11 01:16:00+00:00,cell_002,106.31,8.86,3.23,0.64,34.34,False
2026-08-11 01:17:00+00:00,cell_002,101.08,10.36,3.41,0.13,20.21,False
2026-08-11 01:18:00+00:00,cell_002,102.69,8.3,3.59,0.53,27.1,False
2026-08-11 01:19:00+00:00,cell_002,98.57,11.33,3.54,0.4,26.79,False
2026-08-11 01:20:00+00:00,cell_002,102.69,8.61,3.39,0.12,42.3,False
2026-08-11 01:21:00+00:00,cell_002,101.64,9.5,3.19,0.61,33.12,False
2026-08-11 01:22:00+00:00,cell_002,101.37,12.05,3.13,0.55,28.59,False
2026-08-11 01:23:00+00:00,cell_002,102.67,10.01,3.73,0.42,39.48,False
2026-08-11 01:24:00+00:00,cell_002,100.78,11.02,3.61,0.0,35.61,False
2026-08-11 01:25:00+00:00,cell_002,99.76,9.91,3.6,0.56,27.26,False
2026-08-11 01:26:00+00:00,cell_002,106.36,10.73,3.52,0.48,30.55,False
2026-08-11 01:27:00+00:00,cell_002,101.5,9.37,3.56,0.0,37.17,False
2026-08-11 01:28:00+00:00,cell_002,102.5,10.03,3.47,0.57,35.33,False
2026-08-11 01:29:00+00:00,cell_002,106.97,8.88,3.22,0.79,30.19,False
2026-08-11 01:30:00+00:00,cell_002,100.98,10.47,3.98,0.12,33.39,False
2026-08-11 01:31:00+00:00,cell_002,105.55,11.07,3.02,0.28,32.49,False
2026-08-11 01:32:00+00:00,cell_002,99.45,10.34,3.05,0.52,34.73,False
2026-08-11 01:33:00+00:00,cell_002,103.61,10.52,3.6,0.8,26.99,False
2026-08-11 01:34:00+00:00,cell_002,105.14,9.17,3.55,0.47,25.85,False
2026-08-11 01:35:00+00:00,cell_002,101.42,11.3,4.05,0.54,30.36,False
2026-08-11 01:36:00+00:00,cell_002,106.3,11.15,3.54,0.05,22.52,False
2026-08-11 01:37:00+00:00,cell_002,104.73,10.92,3.49,0.55,38.93,False
2026-08-11 01:38:00+00:00,cell_002,104.22,9.02,3.76,0.38,31.87,False
2026-08-11 01:39:00+00:00,cell_002,106.49,11.28,4.19,0.56,26.34,False
2026-08-11 01:40:00+00:00,cell_002,105.69,10.76,3.64,0.7,28.88,False
2026-08-11 01:41:00+00:00,cell_002,103.07,9.94,3.07,0.79,21.76,False
2026-08-11 01:42:00+00:00,cell_002,98.58,10.33,4.1,0.63,28.47,False
2026-08-11 01:43:00+00:00,cell_002,108.85,9.64,3.49,0.41,36.98,False
2026-08-11 01:44:00+00:00,cell_002,101.51,10.31,3.52,0.29,21.53,False
2026-08-11 01:45:00+00:00,cell_002,96.03,10.74,2.81,0.26,23.78,False
2026-08-11 01:46:00+00:00,cell_002,108.01,10.44,3.24,0.35,30.03,False
2026-08-11 01:47:00+00:00,cell_002,104.88,12.35,3.18,0.79,37.98,False
2026-08-11 01:48:00+00:00,cell_002,103.11,10.09,3.32,0.28,31.86,False
2026-08-11 01:49:00+00:00,cell_002,102.81,10.21,3.72,0.28,25.24,False
2026-08-11 01:50:00+00:00,cell_002,105.66,8.99,2.91,0.37,30.36,False
2026-08-11 01:51:00+00:00,cell_002,109.64,10.4,2.82,0.4,29.17,False
2026-08-11 01:52:00+00:00,cell_002,101.79,9.9,3.92,0.29,27.2,False
2026-08-11 01:53:00+00:00,cell_002,100.47,9.47,3.61,0.55,24.64,False
2026-08-11 01:54:00+00:00,cell_002,102.23,11.18,3.43,0.56,30.1,False
2026-08-11 01:55:00+00:00,cell_002,98.74,11.23,3.65,0.39,28.12,False
2026-08-11 01:56:00+00:00,cell_002,102.42,10.52,3.38,0.45,26.78,False
2026-08-11 01:57:00+00:00,cell_002,106.59,10.04,3.15,0.38,30.43,False
2026-08-11 01:58:00+00:00,cell_002,103.37,10.89,3.08,0.66,32.13,False
2026-08-11 01:59:00+00:00,cell_002,104.13,11.64,3.49,0.31,31.43,False
2026-08-11 02:00:00+00:00,cell_002,105.8,11.45,3.49,0.27,31.28,False
2026-08-11 02:01:00+00:00,cell_002,101.91,10.26,3.22,0.88,38.19,False
2026-08-11 02:02:00+00:00,cell_002,99.28,11.11,3.71,0.19,38.4,False
2026-08-11 02:03:00+00:00,cell_002,102.16,10.96,3.71,0.55,34.97,False
2026-08-11 02:04:00+00:00,cell_002,102.27,12.05,3.01,0.36,38.34,False
2026-08-11 02:05:00+00:00,cell_002,105.1,12.2,3.82,0.73,44.59,False
2026-08-11 02:06:00+00:00,cell_002,104.89,10.04,3.43,0.25,29.81,False
2026-08-11 02:07:00+00:00,cell_002,96.45,11.12,3.32,0.51,38.64,False
2026-08-11 02:08:00+00:00,cell_002,97.89,9.34,3.66,0.53,29.92,False
2026-08-11 02:09:00+00:00,cell_002,106.01,10.64,3.36,0.67,37.11,False
2026-08-11 02:10:00+00:00,cell_002,99.01,10.63,2.9,0.4,36.48,False
2026-08-11 02:11:00+00:00,cell_002,105.59,10.36,3.32,0.81,33.5,False
2026-08-11 02:12:00+00:00,cell_002,94.8,11.1,3.24,0.56,35.13,False
2026-08-11 02:13:00+00:00,cell_002,107.83,10.41,3.39,0.68,37.54,False
2026-08-11 02:14:00+00:00,cell_002,102.61,10.23,3.61,0.69,34.24,False
2026-08-11 02:15:00+00:00,cell_002,105.88,9.2,3.23,0.48,36.78,False
2026-08-11 02:16:00+00:00,cell_002,102.91,9.65,3.87,0.4,29.82,False
2026-08-11 02:17:00+00:00,cell_002,106.95,11.15,3.52,0.31,33.57,False
2026-08-11 02:18:00+00:00,cell_002,106.78,9.71,3.65,0.51,29.63,False
2026-08-11 02:19:00+00:00,cell_002,101.98,10.77,3.33,0.32,24.98,False
2026-08-11 02:20:00+00:00,cell_002,97.88,10.72,3.9,0.51,33.51,False
2026-08-11 02:21:00+00:00,cell_002,97.11,9.34,3.75,0.68,35.7,False
2026-08-11 02:22:00+00:00,cell_002,99.38,11.69,3.1,0.38,31.09,False
2026-08-11 02:23:00+00:00,cell_002,99.53,10.85,3.42,0.16,33.58,False
2026-08-11 02:24:00+00:00,cell_002,106.76,10.43,4.22,0.43,46.14,False
2026-08-11 02:25:00+00:00,cell_002,100.54,10.4,4.02,0.42,33.4,False
2026-08-11 02:26:00+00:00,cell_002,103.21,8.78,3.56,0.53,39.04,False
2026-08-11 02:27:00+00:00,cell_002,97.59,8.71,3.86,0.49,34.86,False
2026-08-11 02:28:00+00:00,cell_002,101.08,11.58,3.4,0.48,32.68,False
2026-08-11 02:29:00+00:00,cell_002,102.14,9.74,3.82,0.55,29.49,False
2026-08-11 02:30:00+00:00,cell_002,101.9,9.72,3.16,0.56,29.38,False
2026-08-11 02:31:00+00:00,cell_002,98.05,8.68,3.06,0.61,23.13,False
2026-08-11 02:32:00+00:00,cell_002,103.91,11.18,4.17,0.33,30.37,False
2026-08-11 02:33:00+00:00,cell_002,104.34,10.53,3.7,0.38,22.58,False
2026-08-11 02:34:00+00:00,cell_002,101.0,10.67,3.31,0.34,35.43,False
2026-08-11 02:35:00+00:00,cell_002,95.43,10.8,3.74,0.58,35.08,False
2026-08-11 02:36:00+00:00,cell_002,103.64,10.87,3.67,0.32,35.33,False
2026-08-11 02:37:00+00:00,cell_002,102.59,10.35,3.02,0.42,32.39,False
2026-08-11 02:38:00+00:00,cell_002,105.8,10.3,3.63,0.91,33.83,False
2026-08-11 02:39:00+00:00,cell_002,98.47,10.08,3.76,0.58,32.98,False
2026-08-11 02:40:00+00:00,cell_002,106.91,8.88,4.06,0.55,35.67,False
2026-08-11 02:41:00+00:00,cell_002,100.01,9.1,3.41,0.32,35.85,False
2026-08-11 02:42:00+00:00,cell_002,108.27,12.24,2.96,0.69,29.57,False
2026-08-11 02:43:00+00:00,cell_002,99.33,12.06,3.28,0.42,41.25,False
2026-08-11 02:44:00+00:00,cell_002,102.69,8.16,3.3,0.71,36.61,False
2026-08-11 02:45:00+00:00,cell_002,96.13,10.92,3.4,0.4,28.35,False
2026-08-11 02:46:00+00:00,cell_002,100.69,9.28,3.56,0.16,36.17,False
2026-08-11 02:47:00+00:00,cell_002,100.81,12.79,3.62,0.38,40.3,False
2026-08-11 02:48:00+00:00,cell_002,102.53,9.4,4.14,0.42,28.31,False
2026-08-11 02:49:00+00:00,cell_002,100.19,11.0,2.95,0.38,21.8,False
2026-08-11 02:50:00+00:00,cell_002,100.68,10.53,2.88,0.6,28.32,False
2026-08-11 02:51:00+00:00,cell_002,104.57,11.11,3.43,0.8,43.22,False
2026-08-11 02:52:00+00:00,cell_002,99.11,11.58,3.16,0.07,28.59,False
2026-08-11 02:53:00+00:00,cell_002,99.83,9.48,3.41,0.31,37.28,False
2026-08-11 02:54:00+00:00,cell_002,102.3,12.03,3.0,0.57,33.72,False
2026-08-11 02:55:00+00:00,cell_002,101.29,9.83,4.03,0.26,45.75,False
2026-08-11 02:56:00+00:00,cell_002,100.54,8.8,4.09,0.69,40.72,False
2026-08-11 02:57:00+00:00,cell_002,101.14,10.06,3.56,0.28,36.42,False
2026-08-11 02:58:00+00:00,cell_002,96.84,10.39,4.13,0.54,32.59,False
2026-08-11 02:59:00+00:00,cell_002,106.73,11.74,4.34,0.25,39.84,False
2026-08-11 03:00:00+00:00,cell_002,99.23,11.18,3.53,0.52,25.38,False
2026-08-11 03:01:00+00:00,cell_002,98.03,11.1,3.74,0.11,31.12,False
2026-08-11 03:02:00+00:00,cell_002,101.41,9.86,3.16,0.38,36.22,False
2026-08-11 03:03:00+00:00,cell_002,97.19,11.73,3.39,0.43,26.52,False
2026-08-11 03:04:00+00:00,cell_002,99.48,11.03,4.0,0.65,35.0,False
2026-08-11 03:05:00+00:00,cell_002,104.27,11.11,3.78,0.66,26.84,False
2026-08-11 03:06:00+00:00,cell_002,100.63,11.93,3.59,0.48,36.31,False
2026-08-11 03:07:00+00:00,cell_002,98.28,10.11,3.71,0.66,34.16,False
2026-08-11 03:08:00+00:00,cell_002,96.96,12.37,3.87,0.34,34.33,False
2026-08-11 03:09:00+00:00,cell_002,101.44,11.27,3.96,0.7,36.88,False
2026-08-11 03:10:00+00:00,cell_002,97.64,11.54,3.53,0.67,34.91,False
2026-08-11 03:11:00+00:00,cell_002,97.47,10.91,3.49,0.53,39.31,False
2026-08-11 03:12:00+00:00,cell_002,101.29,10.3,3.65,0.63,30.34,False
2026-08-11 03:13:00+00:00,cell_002,102.79,12.89,3.32,0.37,27.89,False
2026-08-11 03:14:00+00:00,cell_002,97.98,10.6,3.49,0.49,43.59,False
2026-08-11 03:15:00+00:00,cell_002,95.52,9.97,3.86,0.69,31.64,False
2026-08-11 03:16:00+00:00,cell_002,98.98,9.69,3.74,0.52,34.56,False
2026-08-11 03:17:00+00:00,cell_002,101.89,12.53,4.02,0.42,39.5,False
2026-08-11 03:18:00+00:00,cell_002,101.01,11.38,3.49,0.52,32.41,False
2026-08-11 03:19:00+00:00,cell_002,97.86,9.46,4.11,0.12,28.8,False
2026-08-11 03:20:00+00:00,cell_002,101.01,10.49,3.46,0.56,36.33,False
2026-08-11 03:21:00+00:00,cell_002,97.75,10.61,3.44,0.27,31.52,False
2026-08-11 03:22:00+00:00,cell_002,96.52,9.96,3.19,0.19,45.67,False
2026-08-11 03:23:00+00:00,cell_002,104.1,11.41,2.9,0.45,38.02,False
2026-08-11 03:24:00+00:00,cell_002,103.22,10.57,3.82,0.66,43.86,False
2026-08-11 03:25:00+00:00,cell_002,96.89,10.74,3.66,0.41,35.48,False
2026-08-11 03:26:00+00:00,cell_002,101.14,9.64,3.8,0.51,39.84,False
2026-08-11 03:27:00+00:00,cell_002,95.47,10.16,3.62,0.58,34.93,False
2026-08-11 03:28:00+00:00,cell_002,103.85,9.73,3.58,0.51,33.66,False
2026-08-11 03:29:00+00:00,cell_002,101.39,13.41,3.74,0.55,30.96,False
2026-08-11 03:30:00+00:00,cell_002,100.05,8.12,4.03,0.43,40.37,False
2026-08-11 03:31:00+00:00,cell_002,95.31,10.1,3.88,0.35,40.21,False
2026-08-11 03:32:00+00:00,cell_002,102.56,10.75,4.16,0.5,34.28,False
2026-08-11 03:33:00+00:00,cell_002,100.24,10.26,3.83,0.73,34.65,False
2026-08-11 03:34:00+00:00,cell_002,100.75,11.03,3.48,0.37,41.37,False
2026-08-11 03:35:00+00:00,cell_002,102.67,9.93,4.39,0.47,35.37,False
2026-08-11 03:36:00+00:00,cell_002,100.89,11.1,4.09,0.42,36.19,False
2026-08-11 03:37:00+00:00,cell_002,95.3,12.04,3.74,0.91,47.97,False
2026-08-11 03:38:00+00:00,cell_002,102.38,8.8,3.86,0.69,37.95,False
2026-08-11 03:39:00+00:00,cell_002,96.61,10.27,3.85,0.38,34.37,False
2026-08-11 03:40:00+00:00,cell_002,97.94,10.35,3.35,0.0,35.37,False
2026-08-11 03:41:00+00:00,cell_002,97.79,12.35,3.7,0.6,45.51,False
2026-08-11 03:42:00+00:00,cell_002,94.77,11.11,3.72,0.38,38.8,False
2026-08-11 03:43:00+00:00,cell_002,96.38,9.96,4.03,0.05,37.45,False
2026-08-11 03:44:00+00:00,cell_002,95.36,10.94,3.63,0.36,31.08,False
2026-08-11 03:45:00+00:00,cell_002,95.46,9.38,3.83,0.78,27.3,False
2026-08-11 03:46:00+00:00,cell_002,98.21,12.4,4.24,0.58,42.45,False
2026-08-11 03:47:00+00:00,cell_002,100.88,11.25,3.77,0.37,30.19,False
2026-08-11 03:48:00+00:00,cell_002,104.08,10.77,3.93,0.52,37.66,False
2026-08-11 03:49:00+00:00,cell_002,100.05,11.18,3.93,0.52,34.61,False
2026-08-11 03:50:00+00:00,cell_002,103.38,10.6,3.68,0.67,42.61,False
2026-08-11 03:51:00+00:00,cell_002,94.7,9.87,3.75,0.55,38.2,False
2026-08-11 03:52:00+00:00,cell_002,103.5,10.4,3.67,0.58,43.81,False
2026-08-11 03:53:00+00:00,cell_002,97.2,11.98,3.35,0.34,40.74,False
2026-08-11 03:54:00+00:00,cell_002,104.76,10.93,3.67,0.6,42.28,False
2026-08-11 03:55:00+00:00,cell_002,95.13,11.26,3.46,0.0,43.16,False
2026-08-11 03:56:00+00:00,cell_002,101.19,12.05,3.82,0.73,44.06,False
2026-08-11 03:57:00+00:00,cell_002,94.32,11.76,4.09,0.39,47.01,False
2026-08-11 03:58:00+00:00,cell_002,94.46,10.4,4.33,0.62,39.8,False
2026-08-11 03:59:00+00:00,cell_002,104.49,11.74,3.61,0.5,32.85,False
2026-08-11 04:00:00+00:00,cell_002,95.17,11.11,3.81,0.11,40.52,False
2026-08-11 04:01:00+00:00,cell_002,98.42,10.08,3.59,0.19,40.62,False
2026-08-11 04:02:00+00:00,cell_002,94.1,11.67,3.41,0.64,41.46,False
2026-08-11 04:03:00+00:00,cell_002,97.66,11.92,3.78,0.41,36.24,False
2026-08-11 04:04:00+00:00,cell_002,103.59,9.37,3.13,0.27,43.28,False
2026-08-11 04:05:00+00:00,cell_002,98.28,9.97,3.99,0.58,36.26,False
2026-08-11 04:06:00+00:00,cell_002,95.77,10.09,3.61,0.59,46.72,False
2026-08-11 04:07:00+00:00,cell_002,96.13,12.99,3.62,0.41,46.13,False
2026-08-11 04:08:00+00:00,cell_002,96.89,10.24,3.25,0.7,48.18,False
2026-08-11 04:09:00+00:00,cell_002,97.33,9.19,3.45,0.27,40.28,False
2026-08-11 04:10:00+00:00,cell_002,98.34,9.8,3.98,0.38,35.05,False
2026-08-11 04:11:00+00:00,cell_002,99.46,11.82,3.87,0.36,42.55,False
2026-08-11 04:12:00+00:00,cell_002,95.12,10.38,3.69,0.88,45.13,False
2026-08-11 04:13:00+00:00,cell_002,98.74,10.19,3.82,0.27,34.65,False
2026-08-11 04:14:00+00:00,cell_002,91.85,9.35,3.52,0.65,36.71,False
2026-08-11 04:15:00+00:00,cell_002,97.41,11.94,3.19,0.71,48.66,False
2026-08-11 04:16:00+00:00,cell_002,94.5,11.94,4.05,0.42,49.97,False
2026-08-11 04:17:00+00:00,cell_002,96.18,11.3,4.06,0.4,45.26,False
2026-08-11 04:18:00+00:00,cell_002,98.17,10.15,3.72,0.87,42.69,False
2026-08-11 04:19:00+00:00,cell_002,100.68,10.51,4.18,0.47,36.87,False
2026-08-11 04:20:00+00:00,cell_002,95.67,10.5,3.43,0.61,45.86,False
2026-08-11 04:21:00+00:00,cell_002,97.48,10.85,4.07,0.63,38.22,False
2026-08-11 04:22:00+00:00,cell_002,96.96,10.34,3.6,0.37,54.12,False
2026-08-11 04:23:00+00:00,cell_002,90.97,10.1,3.68,0.28,49.98,False
2026-08-11 04:24:00+00:00,cell_002,97.02,11.11,3.47,0.32,39.34,False
2026-08-11 04:25:00+00:00,cell_002,102.28,12.58,4.12,0.19,45.26,False
2026-08-11 04:26:00+00:00,cell_002,98.94,10.0,4.12,0.68,39.58,False
2026-08-11 04:27:00+00:00,cell_002,94.85,11.36,3.75,0.13,44.74,False
2026-08-11 04:28:00+00:00,cell_002,94.72,12.31,3.75,0.53,48.55,False
2026-08-11 04:29:00+00:00,cell_002,94.2,11.32,4.24,0.75,44.44,False
2026-08-11 04:30:00+00:00,cell_002,97.79,11.31,3.88,0.0,43.22,False
2026-08-11 04:31:00+00:00,cell_002,95.97,10.38,3.77,0.23,47.29,False
2026-08-11 04:32:00+00:00,cell_002,91.29,12.01,3.26,0.31,47.83,False
2026-08-11 04:33:00+00:00,cell_002,97.68,12.27,4.23,0.67,38.41,False
2026-08-11 04:34:00+00:00,cell_002,97.25,12.56,3.53,0.68,42.46,False
2026-08-11 04:35:00+00:00,cell_002,95.51,11.83,3.99,0.4,44.26,False
2026-08-11 04:36:00+00:00,cell_002,96.08,10.85,3.48,0.73,44.92,False
2026-08-11 04:37:00+00:00,cell_002,92.83,11.19,4.0,0.51,53.42,False
2026-08-11 04:38:00+00:00,cell_002,99.82,10.32,3.74,0.55,42.98,False
2026-08-11 04:39:00+00:00,cell_002,90.85,11.42,3.63,0.51,43.17,False
2026-08-11 04:40:00+00:00,cell_002,95.0,11.58,3.28,0.7,41.42,False
2026-08-11 04:41:00+00:00,cell_002,95.14,11.73,3.76,0.64,46.73,False
2026-08-11 04:42:00+00:00,cell_002,93.87,12.62,3.34,0.55,36.78,False
2026-08-11 04:43:00+00:00,cell_002,95.14,11.35,3.94,0.17,44.28,False
2026-08-11 04:44:00+00:00,cell_002,91.9,10.58,4.0,0.68,47.92,False
2026-08-11 04:45:00+00:00,cell_002,93.12,11.14,3.97,0.69,48.92,False
2026-08-11 04:46:00+00:00,cell_002,91.82,11.64,3.7,0.54,48.6,False
2026-08-11 04:47:00+00:00,cell_002,94.12,12.1,3.62,0.76,43.95,False
2026-08-11 04:48:00+00:00,cell_002,98.85,10.95,4.11,0.64,44.37,False
2026-08-11 04:49:00+00:00,cell_002,96.09,10.94,4.59,0.54,46.84,False
2026-08-11 04:50:00+00:00,cell_002,90.65,11.99,3.81,0.69,45.85,False
2026-08-11 04:51:00+00:00,cell_002,93.61,10.58,4.11,0.36,45.82,False
2026-08-11 04:52:00+00:00,cell_002,94.22,11.83,3.8,0.59,42.62,False
2026-08-11 04:53:00+00:00,cell_002,92.24,12.28,3.89,0.62,45.98,False
2026-08-11 04:54:00+00:00,cell_002,92.79,11.41,3.73,0.8,37.91,False
2026-08-11 04:55:00+00:00,cell_002,97.97,12.07,4.09,0.4,48.04,False
2026-08-11 04:56:00+00:00,cell_002,88.93,10.36,3.35,0.34,43.69,False
2026-08-11 04:57:00+00:00,cell_002,95.21,11.17,3.16,0.69,48.14,False
2026-08-11 04:58:00+00:00,cell_002,88.43,10.54,3.87,0.46,48.27,False
2026-08-11 04:59:00+00:00,cell_002,94.68,11.97,4.27,0.31,48.56,False
2026-08-11 05:00:00+00:00,cell_002,91.14,8.97,4.16,0.6,44.67,False
2026-08-11 05:01:00+00:00,cell_002,95.58,12.26,4.14,1.02,53.95,False
2026-08-11 05:02:00+00:00,cell_002,99.47,10.81,4.53,0.65,39.69,False
2026-08-11 05:03:00+00:00,cell_002,93.34,10.69,4.4,0.3,53.55,False
2026-08-11 05:04:00+00:00,cell_002,97.43,12.73,3.89,0.4,48.62,False
2026-08-11 05:05:00+00:00,cell_002,95.43,11.34,3.83,0.35,44.58,False
2026-08-11 05:06:00+00:00,cell_002,94.66,11.04,3.45,0.32,53.7,False
2026-08-11 05:07:00+00:00,cell_002,90.06,11.81,3.99,0.54,53.9,False
2026-08-11 05:08:00+00:00,cell_002,96.46,11.69,4.49,0.42,45.45,False
2026-08-11 05:09:00+00:00,cell_002,94.33,11.4,4.33,0.87,60.61,False
2026-08-11 05:10:00+00:00,cell_002,89.86,12.6,4.38,0.43,48.12,False
2026-08-11 05:11:00+00:00,cell_002,90.15,9.3,4.01,0.64,45.29,False
2026-08-11 05:12:00+00:00,cell_002,91.17,10.5,3.87,0.62,47.24,False
2026-08-11 05:13:00+00:00,cell_002,90.15,10.54,4.13,0.76,42.24,False
2026-08-11 05:14:00+00:00,cell_002,92.26,13.18,4.25,0.44,44.44,False
2026-08-11 05:15:00+00:00,cell_002,94.33,12.96,3.97,0.3,41.78,False
2026-08-11 05:16:00+00:00,cell_002,91.86,11.74,4.23,0.45,54.88,False
2026-08-11 05:17:00+00:00,cell_002,93.1,11.56,3.86,0.68,49.68,False
2026-08-11 05:18:00+00:00,cell_002,88.64,11.28,4.05,0.51,49.16,False
2026-08-11 05:19:00+00:00,cell_002,95.42,12.66,3.86,0.43,43.98,False
2026-08-11 05:20:00+00:00,cell_002,94.86,10.44,4.07,0.75,47.52,False
2026-08-11 05:21:00+00:00,cell_002,98.43,12.54,4.12,0.64,42.48,False
2026-08-11 05:22:00+00:00,cell_002,88.95,13.3,4.04,0.07,45.97,False
2026-08-11 05:23:00+00:00,cell_002,88.53,11.88,3.81,0.42,46.6,False
2026-08-11 05:24:00+00:00,cell_002,87.96,11.97,3.63,0.85,55.49,False
2026-08-11 05:25:00+00:00,cell_002,95.52,11.84,4.63,0.59,48.17,False
2026-08-11 05:26:00+00:00,cell_002,87.55,11.28,4.27,0.61,57.59,False
2026-08-11 05:27:00+00:00,cell_002,90.36,10.07,4.0,0.24,44.83,False
2026-08-11 05:28:00+00:00,cell_002,86.87,11.87,4.37,0.71,47.8,False
2026-08-11 05:29:00+00:00,cell_002,91.75,11.09,4.08,0.62,53.34,False
2026-08-11 05:30:00+00:00,cell_002,92.11,10.85,4.5,0.53,50.81,False
2026-08-11 05:31:00+00:00,cell_002,92.76,11.54,3.89,0.43,50.11,False
2026-08-11 05:32:00+00:00,cell_002,91.0,12.47,3.76,0.66,52.75,False
2026-08-11 05:33:00+00:00,cell_002,87.78,12.19,3.73,0.38,50.28,False
2026-08-11 05:34:00+00:00,cell_002,92.66,12.14,3.99,0.62,41.99,False
2026-08-11 05:35:00+00:00,cell_002,91.24,12.45,3.48,0.43,41.88,False
2026-08-11 05:36:00+00:00,cell_002,91.12,12.19,4.06,0.43,62.85,False
2026-08-11 05:37:00+00:00,cell_002,88.25,12.69,3.86,0.38,59.84,False
2026-08-11 05:38:00+00:00,cell_002,92.02,12.9,3.98,0.76,56.75,False
2026-08-11 05:39:00+00:00,cell_002,93.23,12.72,4.27,0.69,54.66,False
2026-08-11 05:40:00+00:00,cell_002,88.15,11.13,4.28,0.75,53.02,False
2026-08-11 05:41:00+00:00,cell_002,86.53,12.67,3.62,0.65,56.12,False
2026-08-11 05:42:00+00:00,cell_002,92.74,11.41,4.42,0.62,49.75,False
2026-08-11 05:43:00+00:00,cell_002,85.03,10.9,3.91,0.93,51.87,False
2026-08-11 05:44:00+00:00,cell_002,87.33,11.24,3.49,0.51,58.6,False
2026-08-11 05:45:00+00:00,cell_002,87.97,10.98,3.48,0.93,58.24,False
2026-08-11 05:46:00+00:00,cell_002,87.61,12.75,4.44,0.87,54.52,False
2026-08-11 05:47:00+00:00,cell_002,92.3,12.16,4.25,0.82,51.78,False
2026-08-11 05:48:00+00:00,cell_002,93.48,12.99,4.46,0.77,60.4,False
2026-08-11 05:49:00+00:00,cell_002,92.95,13.0,4.8,0.97,50.81,False
2026-08-11 05:50:00+00:00,cell_002,87.05,11.81,4.04,0.65,56.19,False
2026-08-11 05:51:00+00:00,cell_002,94.25,12.63,4.55,0.5,64.44,False
2026-08-11 05:52:00+00:00,cell_002,85.84,10.55,3.95,0.5,56.73,False
2026-08-11 05:53:00+00:00,cell_002,90.35,11.1,3.99,0.4,54.91,False
2026-08-11 05:54:00+00:00,cell_002,90.09,10.52,4.43,0.84,49.31,False
2026-08-11 05:55:00+00:00,cell_002,94.0,11.08,3.77,0.81,57.71,False
2026-08-11 05:56:00+00:00,cell_002,90.88,11.22,3.66,0.74,50.57,False
2026-08-11 05:57:00+00:00,cell_002,94.36,11.48,3.79,0.37,48.02,False
2026-08-11 05:58:00+00:00,cell_002,86.6,11.56,3.91,0.8,54.22,False
2026-08-11 05:59:00+00:00,cell_002,91.69,11.32,3.86,0.51,53.96,False
2026-08-11 06:00:00+00:00,cell_002,92.46,10.95,3.98,0.41,52.9,False
2026-08-11 06:01:00+00:00,cell_002,90.6,13.02,4.49,1.03,56.25,False
2026-08-11 06:02:00+00:00,cell_002,86.41,11.9,4.33,0.47,57.3,False
2026-08-11 06:03:00+00:00,cell_002,87.98,12.61,4.09,0.61,59.17,False
2026-08-11 06:04:00+00:00,cell_002,90.61,11.34,4.37,0.36,59.97,False
2026-08-11 06:05:00+00:00,cell_002,90.95,11.04,4.72,0.62,62.69,False
2026-08-11 06:06:00+00:00,cell_002,85.69,13.13,4.37,0.74,55.45,False
2026-08-11 06:07:00+00:00,cell_002,85.06,13.28,4.52,0.86,59.27,False
2026-08-11 06:08:00+00:00,cell_002,92.21,12.37,4.15,0.45,47.94,False
2026-08-11 06:09:00+00:00,cell_002,91.27,12.03,4.45,0.66,58.2,False
2026-08-11 06:10:00+00:00,cell_002,92.08,13.74,4.51,0.42,56.35,False
2026-08-11 06:11:00+00:00,cell_002,93.65,13.25,3.59,0.56,50.54,False
2026-08-11 06:12:00+00:00,cell_002,88.54,11.93,4.98,0.74,55.61,False
2026-08-11 06:13:00+00:00,cell_002,83.33,11.2,4.12,0.31,56.37,False
2026-08-11 06:14:00+00:00,cell_002,92.26,13.62,4.09,0.76,60.23,False
2026-08-11 06:15:00+00:00,cell_002,87.41,9.74,4.24,0.29,58.07,False
2026-08-11 06:16:00+00:00,cell_002,92.91,12.11,4.83,0.64,57.06,False
2026-08-11 06:17:00+00:00,cell_002,85.18,11.76,3.74,0.57,53.98,False
2026-08-11 06:18:00+00:00,cell_002,90.48,11.54,4.5,0.51,64.04,False
2026-08-11 06:19:00+00:00,cell_002,84.35,11.43,4.19,0.55,71.22,False
2026-08-11 06:20:00+00:00,cell_002,91.88,12.13,4.48,0.83,58.53,False
2026-08-11 06:21:00+00:00,cell_002,82.7,13.32,4.1,0.41,58.71,False
2026-08-11 06:22:00+00:00,cell_002,87.45,11.43,4.25,0.49,61.56,False
2026-08-11 06:23:00+00:00,cell_002,86.83,13.81,4.09,1.05,52.76,False
2026-08-11 06:24:00+00:00,cell_002,85.13,11.97,4.35,0.78,54.38,False
2026-08-11 06:25:00+00:00,cell_002,86.95,10.98,4.09,0.67,62.26,False
2026-08-11 06:26:00+00:00,cell_002,84.67,11.5,4.34,0.81,64.09,False
2026-08-11 06:27:00+00:00,cell_002,85.93,11.77,4.45,0.6,59.43,False
2026-08-11 06:28:00+00:00,cell_002,87.17,11.82,4.97,0.64,61.21,False
2026-08-11 06:29:00+00:00,cell_002,84.08,11.24,4.38,0.42,58.27,False
2026-08-11 06:30:00+00:00,cell_002,86.24,12.97,4.18,0.76,63.02,False
2026-08-11 06:31:00+00:00,cell_002,88.62,12.96,4.13,0.48,58.43,False
2026-08-11 06:32:00+00:00,cell_002,83.72,12.2,4.08,0.92,59.45,False
2026-08-11 06:33:00+00:00,cell_002,86.58,11.24,4.19,0.48,74.76,False
2026-08-11 06:34:00+00:00,cell_002,82.96,11.74,4.13,0.65,62.09,False
2026-08-11 06:35:00+00:00,cell_002,91.02,12.42,4.72,0.38,59.16,False
2026-08-11 06:36:00+00:00,cell_002,87.29,11.09,4.36,0.44,64.6,False
2026-08-11 06:37:00+00:00,cell_002,81.97,11.12,4.28,0.48,55.19,False
2026-08-11 06:38:00+00:00,cell_002,91.4,12.12,4.42,0.89,55.32,False
2026-08-11 06:39:00+00:00,cell_002,86.89,10.89,4.69,0.76,57.42,False
2026-08-11 06:40:00+00:00,cell_002,83.1,13.12,4.11,0.77,70.45,False
2026-08-11 06:41:00+00:00,cell_002,92.97,12.6,4.34,0.91,60.44,False
2026-08-11 06:42:00+00:00,cell_002,85.08,13.8,4.91,0.65,63.46,False
2026-08-11 06:43:00+00:00,cell_002,80.63,11.23,4.03,0.28,60.84,False
2026-08-11 06:44:00+00:00,cell_002,89.1,11.8,4.15,0.67,67.88,False
2026-08-11 06:45:00+00:00,cell_002,86.2,13.27,4.59,0.76,60.0,False
2026-08-11 06:46:00+00:00,cell_002,89.3,13.28,4.25,0.59,58.03,False
2026-08-11 06:47:00+00:00,cell_002,85.51,10.93,4.27,0.91,65.26,False
2026-08-11 06:48:00+00:00,cell_002,82.93,14.06,4.48,0.52,59.74,False
2026-08-11 06:49:00+00:00,cell_002,81.37,11.76,4.14,0.3,61.98,False
2026-08-11 06:50:00+00:00,cell_002,82.54,13.95,4.59,0.73,63.04,False
2026-08-11 06:51:00+00:00,cell_002,82.7,12.32,5.09,0.69,64.54,False
2026-08-11 06:52:00+00:00,cell_002,79.86,13.45,4.01,0.4,64.48,False
2026-08-11 06:53:00+00:00,cell_002,82.32,10.48,4.11,0.56,54.4,False
2026-08-11 06:54:00+00:00,cell_002,83.99,16.59,5.03,0.7,57.89,False
2026-08-11 06:55:00+00:00,cell_002,83.55,12.6,4.25,0.26,59.46,False
2026-08-11 06:56:00+00:00,cell_002,74.73,13.94,4.39,0.61,66.9,False
2026-08-11 06:57:00+00:00,cell_002,80.95,12.72,4.01,0.63,67.84,False
2026-08-11 06:58:00+00:00,cell_002,83.69,13.03,4.91,0.9,64.7,False
2026-08-11 06:59:00+00:00,cell_002,82.06,13.67,4.69,1.05,57.79,False
2026-08-11 07:00:00+00:00,cell_002,85.57,14.42,4.54,0.61,67.6,False
2026-08-11 07:01:00+00:00,cell_002,82.18,12.68,4.46,0.34,71.01,False
2026-08-11 07:02:00+00:00,cell_002,83.5,14.3,4.3,0.91,68.87,False
2026-08-11 07:03:00+00:00,cell_002,84.91,12.73,4.42,0.44,70.4,False
2026-08-11 07:04:00+00:00,cell_002,86.58,13.32,4.66,0.83,59.91,False
2026-08-11 07:05:00+00:00,cell_002,83.77,12.96,4.17,0.72,64.06,False
2026-08-11 07:06:00+00:00,cell_002,78.28,12.94,4.96,0.79,74.47,False
2026-08-11 07:07:00+00:00,cell_002,87.57,12.53,4.95,0.77,62.23,False
2026-08-11 07:08:00+00:00,cell_002,86.32,12.44,4.75,0.61,66.65,False
2026-08-11 07:09:00+00:00,cell_002,80.18,12.6,4.64,0.85,58.47,False
2026-08-11 07:10:00+00:00,cell_002,83.95,13.75,4.78,0.59,63.05,False
2026-08-11 07:11:00+00:00,cell_002,80.28,13.99,5.07,1.04,60.4,False
2026-08-11 07:12:00+00:00,cell_002,81.44,10.82,4.33,0.79,61.6,False
2026-08-11 07:13:00+00:00,cell_002,85.03,12.4,4.82,0.65,68.81,False
2026-08-11 07:14:00+00:00,cell_002,83.41,11.08,4.1,0.51,70.7,False
2026-08-11 07:15:00+00:00,cell_002,83.73,13.02,4.61,0.85,72.18,False
2026-08-11 07:16:00+00:00,cell_002,83.97,11.54,4.62,0.56,65.34,False
2026-08-11 07:17:00+00:00,cell_002,86.79,11.61,4.74,0.43,66.7,False
2026-08-11 07:18:00+00:00,cell_002,84.49,12.54,4.17,0.7,66.73,False
2026-08-11 07:19:00+00:00,cell_002,82.49,11.35,4.47,0.32,74.66,False
2026-08-11 07:20:00+00:00,cell_002,81.33,13.45,4.69,0.76,74.41,False
2026-08-11 07:21:00+00:00,cell_002,81.76,13.09,4.69,0.56,70.97,False
2026-08-11 07:22:00+00:00,cell_002,81.17,12.17,4.57,1.01,68.77,False
2026-08-11 07:23:00+00:00,cell_002,82.34,13.38,4.66,0.63,68.71,False
2026-08-11 07:24:00+00:00,cell_002,78.06,12.5,4.6,0.78,69.26,False
2026-08-11 07:25:00+00:00,cell_002,81.98,13.02,4.36,0.91,63.18,False
2026-08-11 07:26:00+00:00,cell_002,85.57,15.56,4.53,0.63,69.48,False
2026-08-11 07:27:00+00:00,cell_002,81.84,12.7,4.17,0.81,60.6,False
2026-08-11 07:28:00+00:00,cell_002,81.5,13.06,4.52,0.99,68.46,False
2026-08-11 07:29:00+00:00,cell_002,76.43,13.72,4.48,0.59,67.89,False
2026-08-11 07:30:00+00:00,cell_002,77.28,15.87,4.33,0.72,65.75,False
2026-08-11 07:31:00+00:00,cell_002,77.52,12.38,4.57,0.91,68.56,False
2026-08-11 07:32:00+00:00,cell_002,80.26,12.62,4.49,0.63,78.49,False
2026-08-11 07:33:00+00:00,cell_002,80.03,13.58,4.94,0.62,66.02,False
2026-08-11 07:34:00+00:00,cell_002,79.63,12.57,4.97,0.44,71.61,False
2026-08-11 07:35:00+00:00,cell_002,81.21,13.29,3.92,0.33,73.51,False
2026-08-11 07:36:00+00:00,cell_002,84.45,15.01,4.53,0.54,60.66,False
2026-08-11 07:37:00+00:00,cell_002,82.8,12.81,4.6,0.3,74.52,False
2026-08-11 07:38:00+00:00,cell_002,85.76,12.62,4.66,0.85,67.32,False
2026-08-11 07:39:00+00:00,cell_002,75.89,14.89,4.59,0.49,66.46,False
2026-08-11 07:40:00+00:00,cell_002,81.32,12.62,4.45,1.03,72.86,False
2026-08-11 07:41:00+00:00,cell_002,79.72,13.41,4.9,1.18,73.19,False
2026-08-11 07:42:00+00:00,cell_002,82.37,11.21,4.81,0.65,77.29,False
2026-08-11 07:43:00+00:00,cell_002,78.24,13.78,5.06,0.73,66.6,False
2026-08-11 07:44:00+00:00,cell_002,80.69,13.39,4.49,0.72,66.43,False
2026-08-11 07:45:00+00:00,cell_002,78.81,11.66,4.26,0.5,69.29,False
2026-08-11 07:46:00+00:00,cell_002,81.42,13.12,4.99,0.3,76.05,False
2026-08-11 07:47:00+00:00,cell_002,83.79,14.12,4.75,0.43,70.7,False
2026-08-11 07:48:00+00:00,cell_002,73.94,12.63,4.49,0.2,59.81,False
2026-08-11 07:49:00+00:00,cell_002,78.69,12.67,4.5,0.46,71.23,False
2026-08-11 07:50:00+00:00,cell_002,84.96,14.36,4.26,0.99,71.11,False
2026-08-11 07:51:00+00:00,cell_002,82.7,13.14,4.63,0.59,68.38,False
2026-08-11 07:52:00+00:00,cell_002,81.36,13.91,4.6,0.7,75.37,False
2026-08-11 07:53:00+00:00,cell_002,76.99,14.47,4.15,1.0,74.21,False
2026-08-11 07:54:00+00:00,cell_002,77.26,12.39,4.27,0.56,74.37,False
2026-08-11 07:55:00+00:00,cell_002,79.82,12.45,4.64,0.63,70.65,False
2026-08-11 07:56:00+00:00,cell_002,78.96,13.62,4.91,0.59,70.07,False
2026-08-11 07:57:00+00:00,cell_002,75.77,12.47,4.15,1.02,67.91,False
2026-08-11 07:58:00+00:00,cell_002,77.72,13.27,4.53,0.77,75.53,False
2026-08-11 07:59:00+00:00,cell_002,86.3,13.64,4.87,0.8,78.82,False
2026-08-11 08:00:00+00:00,cell_002,80.23,14.06,5.24,0.84,76.46,False
2026-08-11 08:01:00+00:00,cell_002,74.28,12.99,4.73,0.66,72.52,False
2026-08-11 08:02:00+00:00,cell_002,83.89,15.1,4.64,0.61,73.68,False
2026-08-11 08:03:00+00:00,cell_002,76.97,15.94,4.95,0.75,72.94,False
2026-08-11 08:04:00+00:00,cell_002,84.19,12.52,4.64,0.64,76.35,False
2026-08-11 08:05:00+00:00,cell_002,81.44,16.03,4.28,0.69,75.6,False
2026-08-11 08:06:00+00:00,cell_002,69.73,12.79,4.66,0.86,77.94,False
2026-08-11 08:07:00+00:00,cell_002,72.18,11.89,5.01,0.72,80.41,False
2026-08-11 08:08:00+00:00,cell_002,78.28,13.47,5.05,0.8,74.37,False
2026-08-11 08:09:00+00:00,cell_002,79.64,13.88,4.52,0.85,72.06,False
2026-08-11 08:10:00+00:00,cell_002,80.02,12.85,4.1,0.36,64.19,False
2026-08-11 08:11:00+00:00,cell_002,81.14,13.17,4.7,0.38,79.51,False
2026-08-11 08:12:00+00:00,cell_002,77.49,14.16,4.89,0.48,70.76,False
2026-08-11 08:13:00+00:00,cell_002,73.51,11.72,5.09,0.31,75.29,False
2026-08-11 08:14:00+00:00,cell_002,76.71,13.33,5.31,0.48,75.02,False
2026-08-11 08:15:00+00:00,cell_002,72.0,12.24,5.3,1.04,62.86,False
2026-08-11 08:16:00+00:00,cell_002,76.65,12.97,4.81,0.78,81.16,False
2026-08-11 08:17:00+00:00,cell_002,81.25,15.08,4.91,0.83,81.78,False
2026-08-11 08:18:00+00:00,cell_002,82.08,13.79,4.42,0.75,77.57,False
2026-08-11 08:19:00+00:00,cell_002,76.01,15.86,5.16,0.75,70.6,False
2026-08-11 08:20:00+00:00,cell_002,78.6,12.98,5.21,0.82,76.37,False
2026-08-11 08:21:00+00:00,cell_002,73.14,14.75,4.26,0.77,79.69,False
2026-08-11 08:22:00+00:00,cell_002,80.04,14.44,4.94,0.85,74.46,False
2026-08-11 08:23:00+00:00,cell_002,74.83,11.83,4.92,0.42,85.65,False
2026-08-11 08:24:00+00:00,cell_002,75.83,12.94,5.25,0.85,77.84,False
2026-08-11 08:25:00+00:00,cell_002,78.97,14.98,4.91,0.93,84.6,False
2026-08-11 08:26:00+00:00,cell_002,75.61,14.01,4.91,0.44,73.32,False
2026-08-11 08:27:00+00:00,cell_002,78.24,12.79,5.01,0.64,83.58,False
2026-08-11 08:28:00+00:00,cell_002,75.67,11.93,4.71,0.68,81.42,False
2026-08-11 08:29:00+00:00,cell_002,77.93,11.69,4.53,0.67,75.03,False
2026-08-11 08:30:00+00:00,cell_002,76.57,14.48,4.79,0.71,78.81,False
2026-08-11 08:31:00+00:00,cell_002,79.92,12.46,4.71,0.94,82.03,False
2026-08-11 08:32:00+00:00,cell_002,74.14,15.28,4.87,0.97,72.76,False
2026-08-11 08:33:00+00:00,cell_002,78.62,14.64,5.74,0.65,69.03,False
2026-08-11 08:34:00+00:00,cell_002,76.19,11.01,5.06,0.29,72.01,False
2026-08-11 08:35:00+00:00,cell_002,77.48,14.12,4.65,0.47,77.0,False
2026-08-11 08:36:00+00:00,cell_002,73.99,12.96,4.69,1.01,78.08,False
2026-08-11 08:37:00+00:00,cell_002,80.72,13.54,5.29,0.48,77.37,False
2026-08-11 08:38:00+00:00,cell_002,77.5,13.77,4.87,0.44,73.17,False
2026-08-11 08:39:00+00:00,cell_002,72.1,13.45,5.19,0.7,84.85,False
2026-08-11 08:40:00+00:00,cell_002,78.54,14.04,4.55,0.68,83.37,False
2026-08-11 08:41:00+00:00,cell_002,81.61,12.48,4.82,0.41,82.81,False
2026-08-11 08:42:00+00:00,cell_002,72.78,14.58,4.82,0.77,79.31,False
2026-08-11 08:43:00+00:00,cell_002,72.72,12.13,5.19,0.58,87.48,False
2026-08-11 08:44:00+00:00,cell_002,79.85,13.42,4.98,0.9,82.5,False
2026-08-11 08:45:00+00:00,cell_002,73.48,13.43,5.05,0.51,74.14,False
2026-08-11 08:46:00+00:00,cell_002,78.26,15.27,5.13,0.79,84.45,False
2026-08-11 08:47:00+00:00,cell_002,76.02,12.65,4.9,0.48,77.1,False
2026-08-11 08:48:00+00:00,cell_002,73.85,14.11,5.11,0.89,72.32,False
2026-08-11 08:49:00+00:00,cell_002,75.3,14.52,4.91,0.5,89.16,False
2026-08-11 08:50:00+00:00,cell_002,78.42,14.56,5.38,0.63,79.14,False
2026-08-11 08:51:00+00:00,cell_002,76.31,13.53,4.74,0.71,75.49,False
2026-08-11 08:52:00+00:00,cell_002,72.02,14.39,4.75,0.94,82.85,False
2026-08-11 08:53:00+00:00,cell_002,73.74,15.25,4.86,0.57,83.74,False
2026-08-11 08:54:00+00:00,cell_002,77.71,13.05,4.65,0.71,79.38,False
2026-08-11 08:55:00+00:00,cell_002,80.02,13.48,4.57,0.62,73.59,False
2026-08-11 08:56:00+00:00,cell_002,76.83,13.92,4.91,0.55,78.37,False
2026-08-11 08:57:00+00:00,cell_002,81.77,13.03,5.47,0.7,85.03,False
2026-08-11 08:58:00+00:00,cell_002,73.82,15.47,5.07,0.54,87.92,False
2026-08-11 08:59:00+00:00,cell_002,76.59,13.63,5.04,0.68,95.98,False
2026-08-11 09:00:00+00:00,cell_002,75.28,13.67,4.88,0.78,73.11,False
2026-08-11 09:01:00+00:00,cell_002,79.97,12.89,5.39,0.88,82.82,False
2026-08-11 09:02:00+00:00,cell_002,74.35,14.37,4.6,0.95,79.96,False
2026-08-11 09:03:00+00:00,cell_002,77.56,14.66,4.64,1.04,83.28,False
2026-08-11 09:04:00+00:00,cell_002,73.82,12.72,4.98,0.72,74.88,False
2026-08-11 09:05:00+00:00,cell_002,71.91,14.58,5.13,0.75,85.6,False
2026-08-11 09:06:00+00:00,cell_002,79.19,14.78,4.71,0.62,82.02,False
2026-08-11 09:07:00+00:00,cell_002,73.46,14.26,4.86,0.85,85.75,False
2026-08-11 09:08:00+00:00,cell_002,74.33,13.06,5.01,0.76,69.25,False
2026-08-11 09:09:00+00:00,cell_002,71.0,13.66,5.48,1.03,86.68,False
2026-08-11 09:10:00+00:00,cell_002,76.49,12.38,4.51,0.82,75.48,False
2026-08-11 09:11:00+00:00,cell_002,69.75,12.6,5.19,0.61,84.82,False
2026-08-11 09:12:00+00:00,cell_002,69.79,14.82,5.3,0.87,94.09,False
2026-08-11 09:13:00+00:00,cell_002,76.96,15.44,5.6,0.62,75.82,False
2026-08-11 09:14:00+00:00,cell_002,73.54,13.66,4.63,0.55,83.21,False
2026-08-11 09:15:00+00:00,cell_002,72.18,14.6,4.7,0.74,83.13,False
2026-08-11 09:16:00+00:00,cell_002,69.8,13.44,4.81,0.32,84.55,False
2026-08-11 09:17:00+00:00,cell_002,74.77,13.95,4.63,0.87,77.49,False
2026-08-11 09:18:00+00:00,cell_002,75.73,14.47,5.39,0.69,83.44,False
2026-08-11 09:19:00+00:00,cell_002,74.32,14.57,5.17,0.81,87.18,False
2026-08-11 09:20:00+00:00,cell_002,67.67,13.63,5.08,1.06,86.97,False
2026-08-11 09:21:00+00:00,cell_002,76.3,14.9,5.2,0.96,80.36,False
2026-08-11 09:22:00+00:00,cell_002,73.82,12.89,5.41,0.73,78.27,False
2026-08-11 09:23:00+00:00,cell_002,71.31,15.58,4.31,0.71,86.07,False
2026-08-11 09:24:00+00:00,cell_002,73.02,13.23,5.2,1.01,86.47,False
2026-08-11 09:25:00+00:00,cell_002,69.34,14.67,5.18,0.53,91.25,False
2026-08-11 09:26:00+00:00,cell_002,74.37,12.6,5.26,0.77,89.63,False
2026-08-11 09:27:00+00:00,cell_002,71.79,12.93,4.61,1.09,94.38,False
2026-08-11 09:28:00+00:00,cell_002,74.9,12.45,5.05,0.78,84.07,False
2026-08-11 09:29:00+00:00,cell_002,73.65,12.83,4.79,0.87,85.06,False
2026-08-11 09:30:00+00:00,cell_002,73.13,15.34,5.48,0.8,85.06,False
2026-08-11 09:31:00+00:00,cell_002,73.91,13.82,5.13,0.7,81.78,False
2026-08-11 09:32:00+00:00,cell_002,74.65,14.78,5.04,0.62,91.65,False
2026-08-11 09:33:00+00:00,cell_002,68.41,14.75,5.2,0.65,91.36,False
2026-08-11 09:34:00+00:00,cell_002,75.02,14.83,4.74,0.66,85.94,False
2026-08-11 09:35:00+00:00,cell_002,66.59,15.39,5.51,0.71,92.79,False
2026-08-11 09:36:00+00:00,cell_002,71.43,13.98,5.51,0.93,84.49,False
2026-08-11 09:37:00+00:00,cell_002,75.97,13.8,4.71,0.78,83.12,False
2026-08-11 09:38:00+00:00,cell_002,72.37,12.75,5.48,0.51,94.73,False
2026-08-11 09:39:00+00:00,cell_002,70.9,14.32,5.63,0.9,90.13,False
2026-08-11 09:40:00+00:00,cell_002,70.17,14.18,4.9,0.66,92.82,False
2026-08-11 09:41:00+00:00,cell_002,68.18,13.22,4.85,0.61,88.51,False
2026-08-11 09:42:00+00:00,cell_002,76.79,13.57,4.86,0.57,88.55,False
2026-08-11 09:43:00+00:00,cell_002,66.91,13.45,5.37,0.56,92.1,False
2026-08-11 09:44:00+00:00,cell_002,67.78,12.99,5.68,0.82,86.2,False
2026-08-11 09:45:00+00:00,cell_002,66.16,15.81,4.98,1.23,89.84,False
2026-08-11 09:46:00+00:00,cell_002,75.98,14.89,5.3,0.73,97.79,False
2026-08-11 09:47:00+00:00,cell_002,70.36,15.84,5.33,0.55,90.33,False
2026-08-11 09:48:00+00:00,cell_002,73.07,15.2,4.98,0.7,80.17,False
2026-08-11 09:49:00+00:00,cell_002,72.86,15.43,4.99,0.47,87.47,False
2026-08-11 09:50:00+00:00,cell_002,72.61,12.57,5.16,0.57,86.88,False
2026-08-11 09:51:00+00:00,cell_002,71.31,13.66,5.21,1.01,87.87,False
2026-08-11 09:52:00+00:00,cell_002,71.42,15.49,4.93,0.75,87.15,False
2026-08-11 09:53:00+00:00,cell_002,74.61,15.19,5.08,0.99,91.69,False
2026-08-11 09:54:00+00:00,cell_002,70.79,15.23,5.27,0.83,84.46,False
2026-08-11 09:55:00+00:00,cell_002,68.69,13.41,5.21,0.55,88.88,False
2026-08-11 09:56:00+00:00,cell_002,74.36,14.96,5.85,0.5,90.15,False
2026-08-11 09:57:00+00:00,cell_002,72.01,13.11,4.93,0.97,100.0,False
2026-08-11 09:58:00+00:00,cell_002,63.88,14.24,5.69,0.62,90.78,False
2026-08-11 09:59:00+00:00,cell_002,69.02,14.9,5.34,0.62,84.14,False
2026-08-11 10:00:00+00:00,cell_002,69.72,13.38,5.16,0.59,83.41,False
2026-08-11 10:01:00+00:00,cell_002,74.64,14.51,6.0,0.86,94.11,False
2026-08-11 10:02:00+00:00,cell_002,70.39,14.13,5.29,0.79,98.5,False
2026-08-11 10:03:00+00:00,cell_002,67.98,14.16,4.84,0.73,82.94,False
2026-08-11 10:04:00+00:00,cell_002,66.88,14.03,5.27,0.93,93.19,False
2026-08-11 10:05:00+00:00,cell_002,70.12,13.4,5.59,0.57,85.01,False
2026-08-11 10:06:00+00:00,cell_002,72.93,13.57,5.37,0.72,89.97,False
2026-08-11 10:07:00+00:00,cell_002,75.2,14.73,5.42,0.78,96.93,False
2026-08-11 10:08:00+00:00,cell_002,65.8,13.17,5.13,0.84,89.88,False
2026-08-11 10:09:00+00:00,cell_002,70.41,13.92,5.2,0.92,88.16,False
2026-08-11 10:10:00+00:00,cell_002,68.51,14.75,4.99,0.44,100.0,False
2026-08-11 10:11:00+00:00,cell_002,69.36,14.5,4.99,0.86,100.0,False
2026-08-11 10:12:00+00:00,cell_002,67.4,13.73,5.37,0.69,90.91,False
2026-08-11 10:13:00+00:00,cell_002,65.2,14.96,5.48,0.68,91.96,False
2026-08-11 10:14:00+00:00,cell_002,70.65,15.03,5.05,0.55,89.23,False
2026-08-11 10:15:00+00:00,cell_002,68.33,15.27,5.1,0.5,93.65,False
2026-08-11 10:16:00+00:00,cell_002,71.79,14.35,5.69,0.78,84.49,False
2026-08-11 10:17:00+00:00,cell_002,69.69,15.72,4.95,0.65,95.57,False
2026-08-11 10:18:00+00:00,cell_002,74.21,14.1,5.03,0.7,80.44,False
2026-08-11 10:19:00+00:00,cell_002,73.08,13.21,4.74,0.66,96.36,False
2026-08-11 10:20:00+00:00,cell_002,75.29,13.4,5.09,0.59,93.39,False
2026-08-11 10:21:00+00:00,cell_002,66.48,14.66,5.23,0.38,85.59,False
2026-08-11 10:22:00+00:00,cell_002,72.96,13.43,5.52,0.73,98.34,False
2026-08-11 10:23:00+00:00,cell_002,69.42,15.49,5.21,0.71,89.3,False
2026-08-11 10:24:00+00:00,cell_002,70.74,15.48,5.47,0.85,97.99,False
2026-08-11 10:25:00+00:00,cell_002,68.99,16.06,4.93,0.57,82.37,False
2026-08-11 10:26:00+00:00,cell_002,69.42,15.09,4.96,0.96,86.17,False
2026-08-11 10:27:00+00:00,cell_002,67.73,12.95,4.82,1.3,87.84,False
2026-08-11 10:28:00+00:00,cell_002,72.65,14.5,5.48,0.86,92.2,False
2026-08-11 10:29:00+00:00,cell_002,66.38,14.47,5.11,0.43,93.9,False
2026-08-11 10:30:00+00:00,cell_002,68.79,15.05,5.93,0.64,94.06,False
2026-08-11 10:31:00+00:00,cell_002,70.75,14.51,5.9,0.39,85.17,False
2026-08-11 10:32:00+00:00,cell_002,67.59,15.64,5.49,0.38,88.21,False
2026-08-11 10:33:00+00:00,cell_002,71.55,14.35,4.77,0.87,89.49,False
2026-08-11 10:34:00+00:00,cell_002,67.49,14.8,5.26,0.78,84.51,False
2026-08-11 10:35:00+00:00,cell_002,67.91,14.82,5.34,0.92,91.86,False
2026-08-11 10:36:00+00:00,cell_002,72.16,14.73,5.35,1.23,86.95,False
2026-08-11 10:37:00+00:00,cell_002,66.94,14.67,4.65,0.61,90.7,False
2026-08-11 10:38:00+00:00,cell_002,71.45,14.31,5.0,0.87,92.92,False
2026-08-11 10:39:00+00:00,cell_002,70.32,14.72,4.97,0.65,94.69,False
2026-08-11 10:40:00+00:00,cell_002,74.32,14.08,5.25,0.76,91.88,False
2026-08-11 10:41:00+00:00,cell_002,66.54,14.01,5.41,1.2,92.94,False
2026-08-11 10:42:00+00:00,cell_002,67.24,13.88,5.44,0.65,93.69,False
2026-08-11 10:43:00+00:00,cell_002,68.93,14.6,5.1,0.8,94.95,False
2026-08-11 10:44:00+00:00,cell_002,67.17,14.05,5.37,1.15,76.66,False
2026-08-11 10:45:00+00:00,cell_002,69.34,13.07,5.36,0.8,90.78,False
2026-08-11 10:46:00+00:00,cell_002,68.45,16.15,5.15,0.76,97.5,False
2026-08-11 10:47:00+00:00,cell_002,64.32,14.27,5.49,0.88,85.11,False
2026-08-11 10:48:00+00:00,cell_002,65.55,14.1,5.68,1.15,99.83,False
2026-08-11 10:49:00+00:00,cell_002,72.98,14.05,5.05,0.89,94.95,False
2026-08-11 10:50:00+00:00,cell_002,66.52,14.05,5.11,0.93,95.71,False
2026-08-11 10:51:00+00:00,cell_002,69.0,14.08,5.31,0.79,97.51,False
2026-08-11 10:52:00+00:00,cell_002,65.81,14.17,5.65,0.68,96.88,False
2026-08-11 10:53:00+00:00,cell_002,65.37,15.55,5.2,0.86,99.37,False
2026-08-11 10:54:00+00:00,cell_002,70.82,14.45,5.82,0.59,98.18,False
2026-08-11 10:55:00+00:00,cell_002,68.32,15.82,5.75,0.73,91.3,False
2026-08-11 10:56:00+00:00,cell_002,64.71,15.78,4.85,0.72,92.09,False
2026-08-11 10:57:00+00:00,cell_002,68.06,12.72,5.44,1.04,100.0,False
2026-08-11 10:58:00+00:00,cell_002,68.61,15.27,5.36,0.66,99.0,False
2026-08-11 10:59:00+00:00,cell_002,72.48,13.8,5.11,1.01,100.0,False
2026-08-11 11:00:00+00:00,cell_002,61.22,15.93,5.32,0.78,92.21,False
2026-08-11 11:01:00+00:00,cell_002,70.55,14.3,5.53,0.77,91.5,False
2026-08-11 11:02:00+00:00,cell_002,66.09,14.32,5.27,1.04,97.45,False
2026-08-11 11:03:00+00:00,cell_002,73.06,14.76,5.71,0.67,96.75,False
2026-08-11 11:04:00+00:00,cell_002,72.08,15.4,5.07,0.9,99.94,False
2026-08-11 11:05:00+00:00,cell_002,72.58,13.49,5.38,0.63,99.29,False
2026-08-11 11:06:00+00:00,cell_002,65.84,15.03,5.36,1.19,94.64,False
2026-08-11 11:07:00+00:00,cell_002,63.23,16.05,5.08,0.69,100.0,False
2026-08-11 11:08:00+00:00,cell_002,67.03,15.03,4.91,1.03,97.51,False
2026-08-11 11:09:00+00:00,cell_002,64.32,14.9,5.48,0.65,97.64,False
2026-08-11 11:10:00+00:00,cell_002,66.73,13.91,5.19,0.95,83.39,False
2026-08-11 11:11:00+00:00,cell_002,62.94,14.99,4.92,1.09,94.26,False
2026-08-11 11:12:00+00:00,cell_002,65.62,15.46,5.37,0.89,86.35,False
2026-08-11 11:13:00+00:00,cell_002,71.05,15.01,5.24,0.89,86.97,False
2026-08-11 11:14:00+00:00,cell_002,67.48,15.04,5.39,0.6,98.37,False
2026-08-11 11:15:00+00:00,cell_002,63.53,15.54,5.69,0.5,97.05,False
2026-08-11 11:16:00+00:00,cell_002,68.42,15.04,5.3,0.83,100.0,False
2026-08-11 11:17:00+00:00,cell_002,64.71,14.21,5.79,1.07,100.0,False
2026-08-11 11:18:00+00:00,cell_002,70.13,15.2,5.49,0.67,97.71,False
2026-08-11 11:19:00+00:00,cell_002,69.46,14.04,5.48,0.69,100.0,False
2026-08-11 11:20:00+00:00,cell_002,68.48,15.1,4.8,0.88,96.64,False
2026-08-11 11:21:00+00:00,cell_002,71.7,14.16,5.25,0.62,100.0,False
2026-08-11 11:22:00+00:00,cell_002,65.85,17.39,5.55,0.86,97.81,False
2026-08-11 11:23:00+00:00,cell_002,72.33,16.3,5.4,0.89,100.0,False
2026-08-11 11:24:00+00:00,cell_002,67.85,15.81,5.07,0.7,100.0,False
2026-08-11 11:25:00+00:00,cell_002,68.72,15.27,5.22,0.46,96.35,False
2026-08-11 11:26:00+00:00,cell_002,59.81,14.92,5.78,0.89,100.0,False
2026-08-11 11:27:00+00:00,cell_002,65.82,13.31,5.44,0.77,96.94,False
2026-08-11 11:28:00+00:00,cell_002,65.46,15.33,5.58,0.74,100.0,False
2026-08-11 11:29:00+00:00,cell_002,62.79,13.95,5.71,0.88,97.69,False
2026-08-11 11:30:00+00:00,cell_002,63.34,14.43,5.51,0.84,91.87,False
2026-08-11 11:31:00+00:00,cell_002,69.75,13.8,5.51,0.56,97.91,False
2026-08-11 11:32:00+00:00,cell_002,68.04,12.75,5.24,0.78,98.16,False
2026-08-11 11:33:00+00:00,cell_002,68.15,14.07,5.74,0.71,100.0,False
2026-08-11 11:34:00+00:00,cell_002,72.33,15.02,5.25,1.11,99.01,False
2026-08-11 11:35:00+00:00,cell_002,67.55,12.31,5.64,0.75,98.95,False
2026-08-11 11:36:00+00:00,cell_002,70.17,14.98,5.71,1.04,100.0,False
2026-08-11 11:37:00+00:00,cell_002,66.86,16.83,5.63,1.13,98.27,False
2026-08-11 11:38:00+00:00,cell_002,64.09,14.48,5.52,0.85,84.1,False
2026-08-11 11:39:00+00:00,cell_002,65.93,15.78,5.07,0.46,95.97,False
2026-08-11 11:40:00+00:00,cell_002,67.91,14.17,5.87,0.99,98.01,False
2026-08-11 11:41:00+00:00,cell_002,61.11,17.72,5.62,0.43,100.0,False
2026-08-11 11:42:00+00:00,cell_002,66.57,15.31,5.08,0.82,99.75,False
2026-08-11 11:43:00+00:00,cell_002,67.24,14.89,5.35,0.92,98.82,False
2026-08-11 11:44:00+00:00,cell_002,63.58,14.05,5.44,0.67,99.06,False
2026-08-11 11:45:00+00:00,cell_002,61.69,14.76,5.69,1.08,93.44,False
2026-08-11 11:46:00+00:00,cell_002,67.3,14.79,4.9,1.19,94.3,False
2026-08-11 11:47:00+00:00,cell_002,65.99,14.67,5.48,0.95,100.0,False
2026-08-11 11:48:00+00:00,cell_002,69.2,13.53,5.48,0.37,96.94,False
2026-08-11 11:49:00+00:00,cell_002,66.09,14.17,5.18,0.8,100.0,False
2026-08-11 11:50:00+00:00,cell_002,59.04,15.84,5.66,0.5,100.0,False
2026-08-11 11:51:00+00:00,cell_002,65.61,14.2,5.45,0.87,99.38,False
2026-08-11 11:52:00+00:00,cell_002,67.82,16.75,5.63,0.93,99.25,False
2026-08-11 11:53:00+00:00,cell_002,61.51,16.7,5.21,0.88,98.4,False
2026-08-11 11:54:00+00:00,cell_002,60.64,13.91,5.59,0.41,90.17,False
2026-08-11 11:55:00+00:00,cell_002,67.46,13.91,5.63,0.63,100.0,False
2026-08-11 11:56:00+00:00,cell_002,68.74,12.83,5.27,0.73,97.5,False
2026-08-11 11:57:00+00:00,cell_002,64.65,17.56,5.29,0.77,98.96,False
2026-08-11 11:58:00+00:00,cell_002,66.49,14.9,5.12,0.86,98.07,False
2026-08-11 11:59:00+00:00,cell_002,62.51,14.75,5.17,0.77,100.0,False
2026-08-11 12:00:00+00:00,cell_002,63.63,14.97,5.28,0.63,94.05,False
2026-08-11 12:01:00+00:00,cell_002,66.67,15.55,5.46,0.59,97.21,False
2026-08-11 12:02:00+00:00,cell_002,65.84,13.27,5.62,0.65,100.0,False
2026-08-11 12:03:00+00:00,cell_002,66.41,15.61,5.57,0.82,100.0,False
2026-08-11 12:04:00+00:00,cell_002,66.67,16.3,5.72,1.1,97.62,False
2026-08-11 12:05:00+00:00,cell_002,72.23,15.3,5.31,0.78,97.56,False
2026-08-11 12:06:00+00:00,cell_002,56.54,15.28,5.08,0.53,100.0,False
2026-08-11 12:07:00+00:00,cell_002,67.1,14.0,5.14,1.32,100.0,False
2026-08-11 12:08:00+00:00,cell_002,63.49,16.41,5.79,0.83,100.0,False
2026-08-11 12:09:00+00:00,cell_002,62.65,15.48,4.86,1.01,95.81,False
2026-08-11 12:10:00+00:00,cell_002,66.37,14.19,5.78,0.73,98.54,False
2026-08-11 12:11:00+00:00,cell_002,65.85,15.49,5.09,0.82,98.72,False
2026-08-11 12:12:00+00:00,cell_002,67.45,16.22,5.54,0.68,100.0,False
2026-08-11 12:13:00+00:00,cell_002,65.4,13.64,5.88,1.07,100.0,False
2026-08-11 12:14:00+00:00,cell_002,62.49,16.34,5.51,0.75,97.84,False
2026-08-11 12:15:00+00:00,cell_002,61.3,15.07,5.54,0.55,90.12,False
2026-08-11 12:16:00+00:00,cell_002,63.25,15.38,5.21,0.78,89.66,False
2026-08-11 12:17:00+00:00,cell_002,67.1,14.17,5.57,1.03,98.82,False
2026-08-11 12:18:00+00:00,cell_002,67.92,12.98,5.66,0.56,96.36,False
2026-08-11 12:19:00+00:00,cell_002,59.7,15.44,6.09,0.87,100.0,False
2026-08-11 12:20:00+00:00,cell_002,64.18,13.95,5.44,0.71,100.0,False
2026-08-11 12:21:00+00:00,cell_002,63.96,13.43,6.3,0.9,100.0,False
2026-08-11 12:22:00+00:00,cell_002,65.8,14.01,5.14,0.87,100.0,False
2026-08-11 12:23:00+00:00,cell_002,62.84,15.96,5.6,0.88,87.51,False
2026-08-11 12:24:00+00:00,cell_002,60.37,16.22,5.38,0.47,97.34,False
2026-08-11 12:25:00+00:00,cell_002,63.72,16.52,5.42,0.77,93.41,False
2026-08-11 12:26:00+00:00,cell_002,68.52,16.33,5.11,1.41,100.0,False
2026-08-11 12:27:00+00:00,cell_002,58.44,14.28,5.74,0.36,94.98,False
2026-08-11 12:28:00+00:00,cell_002,61.29,14.0,5.87,0.61,100.0,False
2026-08-11 12:29:00+00:00,cell_002,64.44,15.76,5.59,1.0,97.85,False
2026-08-11 12:30:00+00:00,cell_002,62.99,15.58,5.7,0.94,96.87,False
2026-08-11 12:31:00+00:00,cell_002,61.33,15.95,5.22,0.85,100.0,False
2026-08-11 12:32:00+00:00,cell_002,62.65,15.83,5.16,0.37,100.0,False
2026-08-11 12:33:00+00:00,cell_002,65.72,15.15,5.73,1.1,97.76,False
2026-08-11 12:34:00+00:00,cell_002,65.48,16.18,5.57,0.79,97.5,False
2026-08-11 12:35:00+00:00,cell_002,67.33,15.24,5.9,0.87,100.0,False
2026-08-11 12:36:00+00:00,cell_002,66.64,16.37,5.63,0.61,100.0,False
2026-08-11 12:37:00+00:00,cell_002,60.59,14.33,4.91,0.94,100.0,False
2026-08-11 12:38:00+00:00,cell_002,66.34,13.5,5.37,0.7,97.92,False
2026-08-11 12:39:00+00:00,cell_002,66.74,14.92,5.83,0.64,96.76,False
2026-08-11 12:40:00+00:00,cell_002,63.2,14.96,5.28,0.99,100.0,False
2026-08-11 12:41:00+00:00,cell_002,68.41,14.68,5.51,0.91,100.0,False
2026-08-11 12:42:00+00:00,cell_002,62.8,13.9,5.21,0.82,94.91,False
2026-08-11 12:43:00+00:00,cell_002,67.87,14.89,5.8,0.95,91.67,False
2026-08-11 12:44:00+00:00,cell_002,66.47,14.13,5.46,1.22,93.66,False
2026-08-11 12:45:00+00:00,cell_002,64.15,14.2,5.54,0.86,97.68,False
2026-08-11 12:46:00+00:00,cell_002,61.69,14.3,5.55,0.61,100.0,False
2026-08-11 12:47:00+00:00,cell_002,62.95,13.2,5.6,0.93,92.39,False
2026-08-11 12:48:00+00:00,cell_002,62.65,14.87,5.23,0.84,100.0,False
2026-08-11 12:49:00+00:00,cell_002,70.09,15.6,5.81,0.89,100.0,False
2026-08-11 12:50:00+00:00,cell_002,67.89,14.02,5.64,0.72,100.0,False
2026-08-11 12:51:00+00:00,cell_002,67.65,16.35,5.61,1.08,94.26,False
2026-08-11 12:52:00+00:00,cell_002,65.62,14.28,5.68,1.01,96.61,False
2026-08-11 12:53:00+00:00,cell_002,63.17,15.07,5.52,0.75,100.0,False
2026-08-11 12:54:00+00:00,cell_002,66.85,14.37,5.66,0.51,100.0,False
2026-08-11 12:55:00+00:00,cell_002,61.86,13.75,5.36,0.94,100.0,False
2026-08-11 12:56:00+00:00,cell_002,69.2,14.59,5.9,0.84,100.0,False
2026-08-11 12:57:00+00:00,cell_002,60.07,14.39,4.77,0.58,100.0,False
2026-08-11 12:58:00+00:00,cell_002,61.43,14.99,5.62,0.76,91.28,False
2026-08-11 12:59:00+00:00,cell_002,66.53,15.41,5.38,0.68,97.28,False
2026-08-11 13:00:00+00:00,cell_002,63.73,17.08,6.13,0.94,95.95,False
2026-08-11 13:01:00+00:00,cell_002,68.3,15.44,5.52,0.57,100.0,False
2026-08-11 13:02:00+00:00,cell_002,68.35,15.25,5.73,1.02,93.3,False
2026-08-11 13:03:00+00:00,cell_002,57.29,14.88,5.01,1.07,97.29,False
2026-08-11 13:04:00+00:00,cell_002,62.11,13.68,5.22,0.66,98.55,False
2026-08-11 13:05:00+00:00,cell_002,62.05,15.44,5.51,0.78,100.0,False
2026-08-11 13:06:00+00:00,cell_002,67.29,14.43,5.75,0.75,100.0,False
2026-08-11 13:07:00+00:00,cell_002,60.45,15.13,5.42,0.7,100.0,False
2026-08-11 13:08:00+00:00,cell_002,57.38,14.72,5.88,1.07,100.0,False
2026-08-11 13:09:00+00:00,cell_002,61.55,12.35,5.54,0.76,94.45,False
2026-08-11 13:10:00+00:00,cell_002,66.28,14.81,6.2,0.76,100.0,False
2026-08-11 13:11:00+00:00,cell_002,70.47,14.72,5.37,0.73,99.55,False
2026-08-11 13:12:00+00:00,cell_002,59.64,15.76,5.89,0.52,100.0,False
2026-08-11 13:13:00+00:00,cell_002,62.02,15.97,5.65,0.91,100.0,False
2026-08-11 13:14:00+00:00,cell_002,65.06,15.61,5.56,1.19,95.17,False
2026-08-11 13:15:00+00:00,cell_002,67.87,14.65,5.34,0.87,100.0,False
2026-08-11 13:16:00+00:00,cell_002,70.87,15.57,5.61,0.65,100.0,False
2026-08-11 13:17:00+00:00,cell_002,65.69,14.67,5.24,0.8,100.0,False
2026-08-11 13:18:00+00:00,cell_002,66.94,15.22,5.49,0.93,100.0,False
2026-08-11 13:19:00+00:00,cell_002,64.92,16.3,5.11,0.98,100.0,False
2026-08-11 13:20:00+00:00,cell_002,69.06,15.38,5.77,0.77,94.74,False
2026-08-11 13:21:00+00:00,cell_002,63.03,17.18,5.4,0.87,100.0,False
2026-08-11 13:22:00+00:00,cell_002,64.75,16.09,5.78,0.48,99.84,False
2026-08-11 13:23:00+00:00,cell_002,58.13,14.23,5.75,0.65,100.0,False
2026-08-11 13:24:00+00:00,cell_002,66.96,14.76,5.81,0.96,98.68,False
2026-08-11 13:25:00+00:00,cell_002,69.54,14.71,5.31,0.7,98.7,False
2026-08-11 13:26:00+00:00,cell_002,66.76,14.83,5.94,0.57,100.0,False
2026-08-11 13:27:00+00:00,cell_002,62.5,15.4,5.7,0.79,100.0,False
2026-08-11 13:28:00+00:00,cell_002,60.54,14.01,5.13,0.75,91.81,False
2026-08-11 13:29:00+00:00,cell_002,69.87,14.71,5.45,0.9,100.0,False
2026-08-11 13:30:00+00:00,cell_002,61.84,14.59,5.55,0.84,100.0,False
2026-08-11 13:31:00+00:00,cell_002,63.81,14.88,5.56,1.01,100.0,False
2026-08-11 13:32:00+00:00,cell_002,60.46,16.69,6.13,0.51,99.89,False
2026-08-11 13:33:00+00:00,cell_002,66.22,14.54,5.25,1.0,99.75,False
2026-08-11 13:34:00+00:00,cell_002,70.25,13.96,5.47,0.85,99.32,False
2026-08-11 13:35:00+00:00,cell_002,65.23,16.25,5.39,1.05,100.0,False
2026-08-11 13:36:00+00:00,cell_002,68.89,15.43,5.41,0.99,99.16,False
2026-08-11 13:37:00+00:00,cell_002,62.15,16.68,6.05,0.89,95.28,False
2026-08-11 13:38:00+00:00,cell_002,64.62,14.29,5.53,0.92,99.66,False
2026-08-11 13:39:00+00:00,cell_002,65.48,15.09,5.73,0.99,95.16,False
2026-08-11 13:40:00+00:00,cell_002,62.52,15.27,5.7,0.62,100.0,False
2026-08-11 13:41:00+00:00,cell_002,62.08,15.7,5.6,0.84,94.87,False
2026-08-11 13:42:00+00:00,cell_002,63.02,16.23,5.8,0.65,100.0,False
2026-08-11 13:43:00+00:00,cell_002,64.21,14.42,5.69,0.67,100.0,False
2026-08-11 13:44:00+00:00,cell_002,63.42,14.78,5.55,0.8,93.43,False
2026-08-11 13:45:00+00:00,cell_002,68.89,13.77,5.39,0.6,99.48,False
2026-08-11 13:46:00+00:00,cell_002,58.56,14.64,5.54,0.96,92.54,False
2026-08-11 13:47:00+00:00,cell_002,65.34,18.69,5.65,0.77,97.56,False
2026-08-11 13:48:00+00:00,cell_002,60.35,14.55,5.31,0.93,100.0,False
2026-08-11 13:49:00+00:00,cell_002,68.13,14.63,5.52,0.82,91.61,False
2026-08-11 13:50:00+00:00,cell_002,62.76,16.29,5.37,0.73,93.26,False
2026-08-11 13:51:00+00:00,cell_002,64.95,15.88,5.39,1.11,97.51,False
2026-08-11 13:52:00+00:00,cell_002,69.11,14.36,5.52,0.79,99.1,False
2026-08-11 13:53:00+00:00,cell_002,60.16,15.39,5.87,0.94,98.43,False
2026-08-11 13:54:00+00:00,cell_002,69.23,16.7,5.56,0.64,92.66,False
2026-08-11 13:55:00+00:00,cell_002,66.68,17.03,5.75,0.67,86.73,False
2026-08-11 13:56:00+00:00,cell_002,63.85,15.92,5.73,0.67,100.0,False
2026-08-11 13:57:00+00:00,cell_002,58.13,14.17,5.91,0.33,99.98,False
2026-08-11 13:58:00+00:00,cell_002,70.88,15.0,5.31,0.48,92.27,False
2026-08-11 13:59:00+00:00,cell_002,64.24,14.77,5.39,0.75,97.52,False
2026-08-11 14:00:00+00:00,cell_002,67.19,16.67,5.68,0.86,96.59,False
2026-08-11 14:01:00+00:00,cell_002,65.78,14.08,5.7,0.63,92.11,False
2026-08-11 14:02:00+00:00,cell_002,71.56,13.96,5.71,0.73,95.09,False
2026-08-11 14:03:00+00:00,cell_002,62.11,13.84,5.48,0.87,89.86,False
2026-08-11 14:04:00+00:00,cell_002,68.53,13.57,6.11,0.48,96.19,False
2026-08-11 14:05:00+00:00,cell_002,70.95,14.99,5.73,0.74,97.55,False
2026-08-11 14:06:00+00:00,cell_002,61.86,14.38,5.71,0.86,87.67,False
2026-08-11 14:07:00+00:00,cell_002,64.85,13.34,5.09,1.03,96.01,False
2026-08-11 14:08:00+00:00,cell_002,66.51,14.17,5.27,0.38,97.35,False
2026-08-11 14:09:00+00:00,cell_002,67.7,15.17,4.97,0.78,88.32,False
2026-08-11 14:10:00+00:00,cell_002,67.25,15.45,5.23,0.69,100.0,False
2026-08-11 14:11:00+00:00,cell_002,68.75,14.05,5.76,0.75,100.0,False
2026-08-11 14:12:00+00:00,cell_002,65.62,13.66,5.19,0.49,100.0,False
2026-08-11 14:13:00+00:00,cell_002,66.81,16.16,5.55,0.67,92.16,False
2026-08-11 14:14:00+00:00,cell_002,61.99,14.34,5.26,1.2,100.0,False
2026-08-11 14:15:00+00:00,cell_002,62.6,16.86,5.55,1.03,95.13,False
2026-08-11 14:16:00+00:00,cell_002,65.41,15.14,5.26,1.09,100.0,False
2026-08-11 14:17:00+00:00,cell_002,64.67,12.96,5.56,0.89,97.08,False
2026-08-11 14:18:00+00:00,cell_002,67.78,14.17,5.16,0.71,93.76,False
2026-08-11 14:19:00+00:00,cell_002,60.2,14.87,5.3,0.52,93.8,False
2026-08-11 14:20:00+00:00,cell_002,67.21,15.61,5.05,0.79,100.0,False
2026-08-11 14:21:00+00:00,cell_002,68.12,13.71,5.09,0.94,100.0,False
2026-08-11 14:22:00+00:00,cell_002,59.22,14.75,5.41,1.44,91.33,False
2026-08-11 14:23:00+00:00,cell_002,70.91,14.05,5.29,0.77,96.59,False
2026-08-11 14:24:00+00:00,cell_002,71.81,15.6,5.1,1.08,91.22,False
2026-08-11 14:25:00+00:00,cell_002,69.26,13.59,5.28,0.59,99.62,False
2026-08-11 14:26:00+00:00,cell_002,65.32,14.9,4.85,0.84,92.37,False
2026-08-11 14:27:00+00:00,cell_002,65.17,14.47,5.21,0.63,95.49,False
2026-08-11 14:28:00+00:00,cell_002,64.3,15.08,5.44,0.86,95.94,False
2026-08-11 14:29:00+00:00,cell_002,66.06,14.53,5.26,1.07,100.0,False
2026-08-11 14:30:00+00:00,cell_002,64.75,13.7,5.19,1.1,89.95,False
2026-08-11 14:31:00+00:00,cell_002,67.17,14.56,5.19,0.99,94.86,False
2026-08-11 14:32:00+00:00,cell_002,66.28,13.51,5.65,0.52,100.0,False
2026-08-11 14:33:00+00:00,cell_002,68.01,13.75,5.0,0.87,100.0,False
2026-08-11 14:34:00+00:00,cell_002,65.1,14.69,5.13,1.05,92.62,False
2026-08-11 14:35:00+00:00,cell_002,63.22,12.93,5.16,0.61,99.25,False
2026-08-11 14:36:00+00:00,cell_002,69.86,15.7,5.72,0.76,100.0,False
2026-08-11 14:37:00+00:00,cell_002,63.34,15.08,5.89,0.99,100.0,False
2026-08-11 14:38:00+00:00,cell_002,65.85,16.73,5.69,0.12,93.24,False
2026-08-11 14:39:00+00:00,cell_002,65.93,16.91,5.27,0.65,94.69,False
2026-08-11 14:40:00+00:00,cell_002,66.75,13.66,5.57,1.2,90.31,False
2026-08-11 14:41:00+00:00,cell_002,66.12,15.49,5.43,1.29,94.31,False
2026-08-11 14:42:00+00:00,cell_002,65.46,14.96,5.3,1.07,95.1,False
2026-08-11 14:43:00+00:00,cell_002,67.15,15.86,5.67,0.3,95.55,False
2026-08-11 14:44:00+00:00,cell_002,63.79,14.43,4.9,0.98,97.72,False
2026-08-11 14:45:00+00:00,cell_002,65.99,14.46,5.62,1.0,96.23,False
2026-08-11 14:46:00+00:00,cell_002,66.92,14.66,5.58,0.72,94.35,False
2026-08-11 14:47:00+00:00,cell_002,61.36,14.98,5.14,1.3,87.15,False
2026-08-11 14:48:00+00:00,cell_002,70.6,14.66,5.18,0.52,95.33,False
2026-08-11 14:49:00+00:00,cell_002,73.03,15.3,5.19,1.0,100.0,False
2026-08-11 14:50:00+00:00,cell_002,68.67,14.18,5.67,0.64,99.77,False
2026-08-11 14:51:00+00:00,cell_002,65.72,13.2,5.45,1.02,88.1,False
2026-08-11 14:52:00+00:00,cell_002,65.9,14.27,5.08,1.05,94.29,False
2026-08-11 14:53:00+00:00,cell_002,63.83,14.22,5.55,0.88,94.34,False
2026-08-11 14:54:00+00:00,cell_002,71.66,16.97,5.21,0.37,97.05,False
2026-08-11 14:55:00+00:00,cell_002,63.01,14.71,5.04,0.69,93.76,False
2026-08-11 14:56:00+00:00,cell_002,69.88,15.53,5.62,1.02,100.0,False
2026-08-11 14:57:00+00:00,cell_002,65.7,14.57,5.48,0.64,94.74,False
2026-08-11 14:58:00+00:00,cell_002,71.18,13.56,5.35,0.56,85.66,False
2026-08-11 14:59:00+00:00,cell_002,69.18,13.71,5.87,0.85,98.89,False
2026-08-11 15:00:00+00:00,cell_002,69.89,15.05,5.28,0.71,97.43,False
2026-08-11 15:01:00+00:00,cell_002,67.8,15.56,5.02,0.56,91.7,False
2026-08-11 15:02:00+00:00,cell_002,72.3,15.39,5.5,0.6,94.63,False
2026-08-11 15:03:00+00:00,cell_002,62.5,14.99,5.7,0.82,96.83,False
2026-08-11 15:04:00+00:00,cell_002,62.2,15.29,5.6,0.91,89.05,False
2026-08-11 15:05:00+00:00,cell_002,62.83,15.19,5.51,0.54,97.52,False
2026-08-11 15:06:00+00:00,cell_002,66.09,15.08,5.09,0.91,92.98,False
2026-08-11 15:07:00+00:00,cell_002,65.37,15.23,4.92,0.66,89.25,False
2026-08-11 15:08:00+00:00,cell_002,65.97,14.98,5.33,1.02,95.21,False
2026-08-11 15:09:00+00:00,cell_002,72.6,14.2,5.03,0.95,89.86,False
2026-08-11 15:10:00+00:00,cell_002,65.83,14.73,5.18,0.83,100.0,False
2026-08-11 15:11:00+00:00,cell_002,70.47,16.84,5.26,0.8,95.8,False
2026-08-11 15:12:00+00:00,cell_002,68.01,15.14,5.64,1.17,98.18,False
2026-08-11 15:13:00+00:00,cell_002,71.1,15.85,5.61,0.84,80.1,False
2026-08-11 15:14:00+00:00,cell_002,68.98,14.21,4.84,0.91,94.11,False
2026-08-11 15:15:00+00:00,cell_002,68.99,14.53,5.61,1.24,100.0,False
2026-08-11 15:16:00+00:00,cell_002,67.11,13.69,5.28,0.85,87.67,False
2026-08-11 15:17:00+00:00,cell_002,65.23,14.03,5.14,0.86,99.31,False
2026-08-11 15:18:00+00:00,cell_002,63.31,15.32,5.35,0.69,90.13,False
2026-08-11 15:19:00+00:00,cell_002,69.95,13.53,5.18,0.44,92.66,False
2026-08-11 15:20:00+00:00,cell_002,73.78,16.46,5.09,0.77,89.13,False
2026-08-11 15:21:00+00:00,cell_002,66.55,14.82,5.41,0.66,96.14,False
2026-08-11 15:22:00+00:00,cell_002,68.18,16.37,5.48,0.76,94.76,False
2026-08-11 15:23:00+00:00,cell_002,65.2,15.88,5.55,1.04,96.37,False
2026-08-11 15:24:00+00:00,cell_002,67.95,14.84,5.26,0.6,86.81,False
2026-08-11 15:25:00+00:00,cell_002,67.37,13.73,5.94,0.39,97.87,False
2026-08-11 15:26:00+00:00,cell_002,66.41,14.2,5.45,0.42,87.73,False
2026-08-11 15:27:00+00:00,cell_002,65.45,14.6,5.22,0.57,96.21,False
2026-08-11 15:28:00+00:00,cell_002,71.59,14.49,5.62,0.49,98.57,False
2026-08-11 15:29:00+00:00,cell_002,71.65,14.82,4.97,0.74,90.0,False
2026-08-11 15:30:00+00:00,cell_002,72.87,16.53,4.95,0.4,93.56,False
2026-08-11 15:31:00+00:00,cell_002,71.21,14.08,5.34,0.63,91.35,False
2026-08-11 15:32:00+00:00,cell_002,66.06,13.61,4.65,0.54,79.98,False
2026-08-11 15:33:00+00:00,cell_002,66.93,15.06,5.15,0.64,96.6,False
2026-08-11 15:34:00+00:00,cell_002,69.87,14.9,5.4,1.11,90.28,False
2026-08-11 15:35:00+00:00,cell_002,66.52,13.58,5.64,0.88,91.39,False
2026-08-11 15:36:00+00:00,cell_002,73.43,15.65,5.23,1.08,97.49,False
2026-08-11 15:37:00+00:00,cell_002,68.96,12.81,5.64,0.91,91.05,False
2026-08-11 15:38:00+00:00,cell_002,66.34,15.57,4.86,1.0,92.61,False
2026-08-11 15:39:00+00:00,cell_002,71.07,15.71,5.32,0.58,100.0,False
2026-08-11 15:40:00+00:00,cell_002,71.55,16.61,5.55,0.68,95.6,False
2026-08-11 15:41:00+00:00,cell_002,70.56,14.2,5.69,0.86,94.51,False
2026-08-11 15:42:00+00:00,cell_002,71.82,14.63,5.09,0.66,91.09,False
2026-08-11 15:43:00+00:00,cell_002,70.49,14.67,5.54,0.61,94.71,False
2026-08-11 15:44:00+00:00,cell_002,74.19,13.9,5.75,1.0,96.68,False
2026-08-11 15:45:00+00:00,cell_002,72.63,14.7,5.02,0.81,91.25,False
2026-08-11 15:46:00+00:00,cell_002,67.55,14.87,5.46,0.86,85.1,False
2026-08-11 15:47:00+00:00,cell_002,67.49,14.85,5.05,0.42,93.3,False
2026-08-11 15:48:00+00:00,cell_002,69.26,15.36,5.19,0.54,95.34,False
2026-08-11 15:49:00+00:00,cell_002,69.63,15.18,5.66,0.7,88.87,False
2026-08-11 15:50:00+00:00,cell_002,67.69,14.39,4.9,0.65,89.3,False
2026-08-11 15:51:00+00:00,cell_002,66.82,12.94,5.31,0.61,86.73,False
2026-08-11 15:52:00+00:00,cell_002,69.17,16.05,4.96,0.58,94.87,False
2026-08-11 15:53:00+00:00,cell_002,67.91,13.28,5.94,0.76,88.72,False
2026-08-11 15:54:00+00:00,cell_002,70.13,14.77,5.12,0.79,88.3,False
2026-08-11 15:55:00+00:00,cell_002,63.13,12.99,5.25,0.4,88.65,False
2026-08-11 15:56:00+00:00,cell_002,73.33,13.94,5.47,0.7,93.52,False
2026-08-11 15:57:00+00:00,cell_002,69.14,14.57,5.07,0.94,94.11,False
2026-08-11 15:58:00+00:00,cell_002,71.14,14.67,5.04,0.8,91.8,False
2026-08-11 15:59:00+00:00,cell_002,63.08,13.32,5.36,0.96,89.39,False
2026-08-11 16:00:00+00:00,cell_002,70.56,15.97,5.49,0.62,86.86,False
2026-08-11 16:01:00+00:00,cell_002,69.94,13.92,5.0,0.7,90.37,False
2026-08-11 16:02:00+00:00,cell_002,70.26,15.48,5.15,0.45,89.07,False
2026-08-11 16:03:00+00:00,cell_002,71.07,13.93,5.26,0.72,93.76,False
2026-08-11 16:04:00+00:00,cell_002,68.86,14.05,5.43,0.65,93.15,False
2026-08-11 16:05:00+00:00,cell_002,71.74,16.48,5.14,0.66,92.54,False
2026-08-11 16:06:00+00:00,cell_002,62.63,14.5,4.92,0.53,98.18,False
2026-08-11 16:07:00+00:00,cell_002,71.55,12.49,4.77,0.84,100.0,False
2026-08-11 16:08:00+00:00,cell_002,71.35,14.43,4.94,0.74,90.98,False
2026-08-11 16:09:00+00:00,cell_002,75.49,14.26,5.33,0.91,90.71,False
2026-08-11 16:10:00+00:00,cell_002,71.76,13.87,5.18,0.45,92.55,False
2026-08-11 16:11:00+00:00,cell_002,64.04,13.05,5.13,0.86,97.08,False
2026-08-11 16:12:00+00:00,cell_002,69.64,13.62,5.13,0.84,85.88,False
2026-08-11 16:13:00+00:00,cell_002,69.73,15.99,5.23,0.37,85.68,False
2026-08-11 16:14:00+00:00,cell_002,70.88,13.68,5.34,0.98,86.12,False
2026-08-11 16:15:00+00:00,cell_002,70.21,14.55,4.84,0.92,94.45,False
2026-08-11 16:16:00+00:00,cell_002,71.51,13.69,4.51,0.98,95.85,False
2026-08-11 16:17:00+00:00,cell_002,68.51,13.08,5.02,0.81,85.17,False
2026-08-11 16:18:00+00:00,cell_002,76.22,13.71,4.86,0.67,88.59,False
2026-08-11 16:19:00+00:00,cell_002,71.14,15.06,4.74,0.83,97.01,False
2026-08-11 16:20:00+00:00,cell_002,78.09,15.3,5.08,0.58,89.41,False
2026-08-11 16:21:00+00:00,cell_002,67.58,13.79,4.76,0.99,87.76,False
2026-08-11 16:22:00+00:00,cell_002,70.42,13.76,5.68,0.55,93.14,False
2026-08-11 16:23:00+00:00,cell_002,73.97,16.48,4.99,0.85,84.73,False
2026-08-11 16:24:00+00:00,cell_002,67.36,14.71,4.98,0.62,98.67,False
2026-08-11 16:25:00+00:00,cell_002,75.52,15.25,5.73,0.6,95.53,False
2026-08-11 16:26:00+00:00,cell_002,72.4,14.85,5.4,0.83,78.07,False
2026-08-11 16:27:00+00:00,cell_002,72.42,15.69,5.11,0.98,82.32,False
2026-08-11 16:28:00+00:00,cell_002,76.03,14.13,4.9,0.58,85.31,False
2026-08-11 16:29:00+00:00,cell_002,70.78,14.43,5.03,0.84,82.82,False
2026-08-11 16:30:00+00:00,cell_002,70.53,13.84,5.47,0.98,79.8,False
2026-08-11 16:31:00+00:00,cell_002,71.06,12.94,4.99,0.8,80.41,False
2026-08-11 16:32:00+00:00,cell_002,71.42,13.74,5.22,0.94,84.24,False
2026-08-11 16:33:00+00:00,cell_002,68.67,12.07,5.21,0.66,83.47,False
2026-08-11 16:34:00+00:00,cell_002,73.64,13.28,5.34,0.78,91.85,False
2026-08-11 16:35:00+00:00,cell_002,71.5,14.54,4.95,0.75,90.86,False
2026-08-11 16:36:00+00:00,cell_002,72.05,15.43,5.54,0.96,86.12,False
2026-08-11 16:37:00+00:00,cell_002,72.18,12.94,4.9,0.6,85.77,False
2026-08-11 16:38:00+00:00,cell_002,75.18,14.87,5.48,0.78,81.68,False
2026-08-11 16:39:00+00:00,cell_002,73.77,13.83,5.14,0.49,89.72,False
2026-08-11 16:40:00+00:00,cell_002,74.31,13.94,5.08,0.59,78.71,False
2026-08-11 16:41:00+00:00,cell_002,72.47,15.07,5.12,1.06,83.85,False
2026-08-11 16:42:00+00:00,cell_002,74.51,14.6,5.21,1.14,81.4,False
2026-08-11 16:43:00+00:00,cell_002,79.02,12.78,5.31,0.66,97.86,False
2026-08-11 16:44:00+00:00,cell_002,76.72,13.8,5.68,0.58,85.94,False
2026-08-11 16:45:00+00:00,cell_002,70.43,13.64,4.66,1.04,92.86,False
2026-08-11 16:46:00+00:00,cell_002,76.75,14.83,5.0,0.55,85.96,False
2026-08-11 16:47:00+00:00,cell_002,74.78,15.03,5.06,0.74,89.41,False
2026-08-11 16:48:00+00:00,cell_002,73.54,14.65,5.42,0.85,84.42,False
2026-08-11 16:49:00+00:00,cell_002,75.98,13.89,4.86,1.04,81.16,False
2026-08-11 16:50:00+00:00,cell_002,75.61,13.04,5.0,0.48,78.08,False
2026-08-11 16:51:00+00:00,cell_002,74.3,13.35,5.54,0.58,76.25,False
2026-08-11 16:52:00+00:00,cell_002,72.68,13.94,4.93,0.67,85.73,False
2026-08-11 16:53:00+00:00,cell_002,71.59,14.26,4.7,0.62,94.82,False
2026-08-11 16:54:00+00:00,cell_002,76.39,13.68,5.62,1.02,76.81,False
2026-08-11 16:55:00+00:00,cell_002,75.02,15.24,4.38,0.61,81.26,False
2026-08-11 16:56:00+00:00,cell_002,73.25,14.78,4.84,0.54,87.48,False
2026-08-11 16:57:00+00:00,cell_002,74.05,15.7,5.24,0.46,82.32,False
2026-08-11 16:58:00+00:00,cell_002,73.08,12.74,5.1,0.42,90.76,False
2026-08-11 16:59:00+00:00,cell_002,71.21,14.74,4.93,0.69,86.25,False
2026-08-11 17:00:00+00:00,cell_002,78.03,15.08,4.56,0.79,70.17,False
2026-08-11 17:01:00+00:00,cell_002,74.81,13.01,5.02,0.33,82.7,False
2026-08-11 17:02:00+00:00,cell_002,68.81,14.2,4.68,0.68,86.43,False
2026-08-11 17:03:00+00:00,cell_002,76.82,13.91,4.93,0.55,82.46,False
2026-08-11 17:04:00+00:00,cell_002,75.55,13.71,4.78,0.64,84.74,False
2026-08-11 17:05:00+00:00,cell_002,76.38,12.81,4.86,0.56,79.26,False
2026-08-11 17:06:00+00:00,cell_002,78.0,13.47,4.83,0.68,86.93,False
2026-08-11 17:07:00+00:00,cell_002,74.4,13.16,5.38,0.42,78.88,False
2026-08-11 17:08:00+00:00,cell_002,75.37,14.76,5.69,0.78,68.72,False
2026-08-11 17:09:00+00:00,cell_002,71.04,15.3,4.81,0.63,76.7,False
2026-08-11 17:10:00+00:00,cell_002,73.5,12.89,5.38,0.91,79.66,False
2026-08-11 17:11:00+00:00,cell_002,77.97,14.59,4.59,0.76,81.54,False
2026-08-11 17:12:00+00:00,cell_002,75.12,13.92,5.25,0.55,74.51,False
2026-08-11 17:13:00+00:00,cell_002,74.18,14.13,5.05,0.77,80.44,False
2026-08-11 17:14:00+00:00,cell_002,76.19,13.39,4.45,0.91,83.22,False
2026-08-11 17:15:00+00:00,cell_002,72.75,13.03,4.69,0.64,87.39,False
2026-08-11 17:16:00+00:00,cell_002,73.86,15.22,4.78,0.77,68.99,False
2026-08-11 17:17:00+00:00,cell_002,77.98,13.26,5.0,0.75,75.35,False
2026-08-11 17:18:00+00:00,cell_002,70.55,14.57,4.98,0.77,88.06,False
2026-08-11 17:19:00+00:00,cell_002,74.21,14.47,4.76,0.74,80.12,False
2026-08-11 17:20:00+00:00,cell_002,76.16,13.57,4.56,0.42,74.89,False
2026-08-11 17:21:00+00:00,cell_002,77.1,14.32,4.31,0.45,82.62,False
2026-08-11 17:22:00+00:00,cell_002,73.45,13.3,4.74,0.37,82.19,False
2026-08-11 17:23:00+00:00,cell_002,77.56,14.14,4.84,0.46,66.23,False
2026-08-11 17:24:00+00:00,cell_002,76.27,11.95,5.37,0.73,80.37,False
2026-08-11 17:25:00+00:00,cell_002,79.96,13.12,4.91,0.79,75.63,False
2026-08-11 17:26:00+00:00,cell_002,78.24,13.72,4.68,0.5,79.19,False
2026-08-11 17:27:00+00:00,cell_002,75.65,12.1,5.3,0.45,79.83,False
2026-08-11 17:28:00+00:00,cell_002,79.75,12.49,5.02,0.78,83.67,False
2026-08-11 17:29:00+00:00,cell_002,76.65,12.08,4.82,0.63,83.68,False
2026-08-11 17:30:00+00:00,cell_002,77.87,14.19,4.32,0.4,85.63,False
2026-08-11 17:31:00+00:00,cell_002,75.0,12.3,4.61,1.13,81.76,False
2026-08-11 17:32:00+00:00,cell_002,73.99,12.51,4.86,0.74,84.04,False
2026-08-11 17:33:00+00:00,cell_002,72.32,13.07,4.73,0.75,71.73,False
2026-08-11 17:34:00+00:00,cell_002,75.28,14.38,5.0,0.52,84.43,False
2026-08-11 17:35:00+00:00,cell_002,77.01,10.72,4.92,0.96,81.14,False
2026-08-11 17:36:00+00:00,cell_002,75.29,13.09,4.13,0.78,87.69,False
2026-08-11 17:37:00+00:00,cell_002,77.92,14.62,4.76,1.0,82.57,False
2026-08-11 17:38:00+00:00,cell_002,76.7,12.63,4.93,0.51,73.3,False
2026-08-11 17:39:00+00:00,cell_002,77.33,13.82,5.25,0.64,80.69,False
2026-08-11 17:40:00+00:00,cell_002,80.99,14.03,4.35,0.24,80.31,False
2026-08-11 17:41:00+00:00,cell_002,81.86,11.94,4.55,0.84,79.29,False
2026-08-11 17:42:00+00:00,cell_002,73.15,13.16,4.9,0.76,86.19,False
2026-08-11 17:43:00+00:00,cell_002,74.27,12.84,4.49,0.97,80.48,False
2026-08-11 17:44:00+00:00,cell_002,78.22,13.63,4.96,0.54,75.62,False
2026-08-11 17:45:00+00:00,cell_002,76.63,13.98,4.84,0.77,75.83,False
2026-08-11 17:46:00+00:00,cell_002,73.44,13.74,5.0,0.65,77.39,False
2026-08-11 17:47:00+00:00,cell_002,79.12,14.02,5.51,0.72,77.63,False
2026-08-11 17:48:00+00:00,cell_002,74.73,12.57,4.69,0.61,72.55,False
2026-08-11 17:49:00+00:00,cell_002,80.1,13.12,4.65,0.31,77.11,False
2026-08-11 17:50:00+00:00,cell_002,81.09,14.1,5.08,0.7,72.22,False
2026-08-11 17:51:00+00:00,cell_002,81.68,13.88,5.34,0.69,68.93,False
2026-08-11 17:52:00+00:00,cell_002,76.21,11.71,5.0,0.89,75.77,False
2026-08-11 17:53:00+00:00,cell_002,78.52,13.65,5.11,0.6,68.77,False
2026-08-11 17:54:00+00:00,cell_002,81.84,12.0,4.71,0.82,76.16,False
2026-08-11 17:55:00+00:00,cell_002,72.31,12.13,4.89,0.52,69.83,False
2026-08-11 17:56:00+00:00,cell_002,75.31,14.37,4.67,0.48,73.33,False
2026-08-11 17:57:00+00:00,cell_002,80.37,14.12,4.32,0.73,69.95,False
2026-08-11 17:58:00+00:00,cell_002,83.41,12.61,4.73,0.53,73.59,False
2026-08-11 17:59:00+00:00,cell_002,71.57,13.42,4.78,1.09,79.16,False
2026-08-11 18:00:00+00:00,cell_002,75.54,13.75,4.67,0.43,69.44,False
2026-08-11 18:01:00+00:00,cell_002,78.06,12.42,5.06,0.95,75.81,False
2026-08-11 18:02:00+00:00,cell_002,79.51,11.01,4.93,0.34,76.8,False
2026-08-11 18:03:00+00:00,cell_002,84.94,13.55,4.87,0.82,67.83,False
2026-08-11 18:04:00+00:00,cell_002,82.29,14.73,4.52,0.9,78.55,False
2026-08-11 18:05:00+00:00,cell_002,80.79,12.59,4.72,0.75,76.26,False
2026-08-11 18:06:00+00:00,cell_002,75.26,13.18,4.56,0.85,76.77,False
2026-08-11 18:07:00+00:00,cell_002,79.6,14.27,4.61,0.74,75.26,False
2026-08-11 18:08:00+00:00,cell_002,82.14,14.62,4.62,0.71,72.87,False
2026-08-11 18:09:00+00:00,cell_002,76.39,13.59,4.78,0.71,76.76,False
2026-08-11 18:10:00+00:00,cell_002,78.6,12.7,4.71,0.52,73.68,False
2026-08-11 18:11:00+00:00,cell_002,79.48,13.31,4.41,0.62,70.91,False
2026-08-11 18:12:00+00:00,cell_002,77.97,12.82,4.69,0.66,68.89,False
2026-08-11 18:13:00+00:00,cell_002,82.22,12.79,4.85,0.26,67.34,False
2026-08-11 18:14:00+00:00,cell_002,82.77,13.73,4.87,0.67,65.06,False
2026-08-11 18:15:00+00:00,cell_002,77.75,13.54,4.34,0.86,75.13,False
2026-08-11 18:16:00+00:00,cell_002,77.16,13.55,4.66,0.85,79.18,False
2026-08-11 18:17:00+00:00,cell_002,80.19,12.84,4.19,0.32,71.74,False
2026-08-11 18:18:00+00:00,cell_002,81.54,14.57,4.48,0.53,76.0,False
2026-08-11 18:19:00+00:00,cell_002,86.25,12.3,4.64,0.86,66.7,False
2026-08-11 18:20:00+00:00,cell_002,80.72,11.32,4.84,0.4,81.03,False
2026-08-11 18:21:00+00:00,cell_002,79.64,12.44,4.9,0.86,80.16,False
2026-08-11 18:22:00+00:00,cell_002,78.48,13.45,4.4,0.46,63.96,False
2026-08-11 18:23:00+00:00,cell_002,81.43,12.86,4.74,0.65,68.29,False
2026-08-11 18:24:00+00:00,cell_002,80.19,12.0,4.51,0.3,67.6,False
2026-08-11 18:25:00+00:00,cell_002,83.42,14.34,4.69,0.97,72.07,False
2026-08-11 18:26:00+00:00,cell_002,81.8,11.03,4.48,0.31,74.94,False
2026-08-11 18:27:00+00:00,cell_002,80.96,12.85,4.35,0.55,72.81,False
2026-08-11 18:28:00+00:00,cell_002,78.52,12.92,4.95,0.63,64.18,False
2026-08-11 18:29:00+00:00,cell_002,82.72,15.33,4.77,0.37,68.0,False
2026-08-11 18:30:00+00:00,cell_002,81.04,13.9,4.83,0.68,71.12,False
2026-08-11 18:31:00+00:00,cell_002,83.64,13.49,4.86,0.74,77.99,False
2026-08-11 18:32:00+00:00,cell_002,77.36,15.18,4.47,0.53,61.64,False
2026-08-11 18:33:00+00:00,cell_002,82.66,13.65,4.61,0.82,68.16,False
2026-08-11 18:34:00+00:00,cell_002,84.12,13.84,4.39,0.46,63.0,False
2026-08-11 18:35:00+00:00,cell_002,82.06,12.44,4.81,0.54,69.9,False
2026-08-11 18:36:00+00:00,cell_002,84.51,14.25,5.06,0.39,65.63,False
2026-08-11 18:37:00+00:00,cell_002,83.33,11.94,4.87,0.55,66.46,False
2026-08-11 18:38:00+00:00,cell_002,80.32,12.28,4.66,0.82,58.77,False
2026-08-11 18:39:00+00:00,cell_002,78.79,14.53,4.26,0.59,69.92,False
2026-08-11 18:40:00+00:00,cell_002,85.29,12.84,4.42,0.47,70.0,False
2026-08-11 18:41:00+00:00,cell_002,80.71,13.06,4.65,0.44,69.19,False
2026-08-11 18:42:00+00:00,cell_002,82.13,14.69,4.94,0.62,69.28,False
2026-08-11 18:43:00+00:00,cell_002,81.0,12.19,4.64,0.73,69.48,False
2026-08-11 18:44:00+00:00,cell_002,85.85,12.9,4.54,0.8,55.06,False
2026-08-11 18:45:00+00:00,cell_002,75.95,11.39,4.3,0.88,65.62,False
2026-08-11 18:46:00+00:00,cell_002,85.51,13.63,4.53,0.87,65.05,False
2026-08-11 18:47:00+00:00,cell_002,81.32,13.63,4.69,0.83,66.1,False
2026-08-11 18:48:00+00:00,cell_002,89.34,13.15,4.73,0.59,65.83,False
2026-08-11 18:49:00+00:00,cell_002,85.84,12.01,4.54,0.63,60.63,False
2026-08-11 18:50:00+00:00,cell_002,80.76,13.25,4.21,0.76,68.13,False
2026-08-11 18:51:00+00:00,cell_002,87.95,12.03,4.9,0.71,61.26,False
2026-08-11 18:52:00+00:00,cell_002,81.44,11.36,4.72,0.79,65.23,False
2026-08-11 18:53:00+00:00,cell_002,85.2,13.74,4.34,0.13,57.99,False
2026-08-11 18:54:00+00:00,cell_002,84.87,12.91,4.92,0.68,57.47,False
2026-08-11 18:55:00+00:00,cell_002,90.17,12.35,4.87,0.48,69.99,False
2026-08-11 18:56:00+00:00,cell_002,80.85,13.33,4.57,0.63,61.87,False
2026-08-11 18:57:00+00:00,cell_002,76.6,11.45,4.36,0.78,71.35,False
2026-08-11 18:58:00+00:00,cell_002,80.34,13.64,4.36,0.29,55.4,False
2026-08-11 18:59:00+00:00,cell_002,83.98,13.3,4.47,0.85,61.94,False
2026-08-11 19:00:00+00:00,cell_002,80.85,11.17,3.85,0.55,60.3,False
2026-08-11 19:01:00+00:00,cell_002,79.91,13.88,4.6,0.37,59.47,False
2026-08-11 19:02:00+00:00,cell_002,83.2,15.04,4.48,0.25,80.21,False
2026-08-11 19:03:00+00:00,cell_002,87.09,14.08,4.36,0.98,62.03,False
2026-08-11 19:04:00+00:00,cell_002,75.67,13.94,4.27,0.45,75.58,False
2026-08-11 19:05:00+00:00,cell_002,84.97,12.53,4.69,0.61,76.77,False
2026-08-11 19:06:00+00:00,cell_002,85.04,10.74,4.15,0.67,65.34,False
2026-08-11 19:07:00+00:00,cell_002,87.0,12.48,4.64,0.53,73.08,False
2026-08-11 19:08:00+00:00,cell_002,81.55,12.43,4.37,0.23,59.89,False
2026-08-11 19:09:00+00:00,cell_002,89.96,12.36,4.66,0.65,60.48,False
2026-08-11 19:10:00+00:00,cell_002,85.42,12.09,4.16,0.86,62.89,False
2026-08-11 19:11:00+00:00,cell_002,86.21,12.88,4.78,0.53,68.27,False
2026-08-11 19:12:00+00:00,cell_002,83.46,11.92,4.36,0.79,66.39,False
2026-08-11 19:13:00+00:00,cell_002,88.51,11.71,4.48,0.92,60.28,False
2026-08-11 19:14:00+00:00,cell_002,92.6,12.31,4.02,0.21,68.36,False
2026-08-11 19:15:00+00:00,cell_002,84.33,12.41,4.66,0.89,60.52,False
2026-08-11 19:16:00+00:00,cell_002,86.17,11.99,4.35,0.95,67.59,False
2026-08-11 19:17:00+00:00,cell_002,87.29,13.83,4.17,0.69,71.37,False
2026-08-11 19:18:00+00:00,cell_002,89.81,12.96,5.19,0.71,58.9,False
2026-08-11 19:19:00+00:00,cell_002,88.68,13.2,4.91,1.04,60.44,False
2026-08-11 19:20:00+00:00,cell_002,87.27,13.41,3.86,0.67,61.14,False
2026-08-11 19:21:00+00:00,cell_002,87.57,12.02,4.31,1.03,56.13,False
2026-08-11 19:22:00+00:00,cell_002,88.56,14.2,3.78,0.8,65.94,False
2026-08-11 19:23:00+00:00,cell_002,89.05,13.18,4.13,0.42,61.67,False
2026-08-11 19:24:00+00:00,cell_002,89.23,12.94,3.91,0.48,62.59,False
2026-08-11 19:25:00+00:00,cell_002,84.49,11.23,4.35,0.76,55.69,False
2026-08-11 19:26:00+00:00,cell_002,94.62,11.47,3.85,0.38,59.18,False
2026-08-11 19:27:00+00:00,cell_002,87.28,12.92,4.68,0.85,56.6,False
2026-08-11 19:28:00+00:00,cell_002,88.07,11.33,4.12,0.75,65.72,False
2026-08-11 19:29:00+00:00,cell_002,89.43,11.88,4.63,0.7,61.16,False
2026-08-11 19:30:00+00:00,cell_002,88.34,12.52,4.63,0.25,64.43,False
2026-08-11 19:31:00+00:00,cell_002,89.5,12.0,5.07,0.68,54.07,False
2026-08-11 19:32:00+00:00,cell_002,84.94,13.1,4.44,0.55,59.63,False
2026-08-11 19:33:00+00:00,cell_002,87.04,13.28,4.37,0.65,57.92,False
2026-08-11 19:34:00+00:00,cell_002,86.98,11.27,3.96,0.52,57.32,False
2026-08-11 19:35:00+00:00,cell_002,89.89,11.88,4.34,0.34,68.79,False
2026-08-11 19:36:00+00:00,cell_002,87.41,12.0,4.13,0.57,59.4,False
2026-08-11 19:37:00+00:00,cell_002,87.86,12.06,4.38,0.48,50.87,False
2026-08-11 19:38:00+00:00,cell_002,88.07,12.61,4.3,0.23,41.17,False
2026-08-11 19:39:00+00:00,cell_002,91.5,9.72,4.25,0.97,63.51,False
2026-08-11 19:40:00+00:00,cell_002,79.44,12.22,3.83,0.48,59.3,False
2026-08-11 19:41:00+00:00,cell_002,88.81,9.79,4.64,0.44,62.2,False
2026-08-11 19:42:00+00:00,cell_002,86.48,12.76,4.54,0.45,68.14,False
2026-08-11 19:43:00+00:00,cell_002,82.33,11.75,4.39,0.63,62.41,False
2026-08-11 19:44:00+00:00,cell_002,84.55,12.36,4.27,0.62,59.36,False
2026-08-11 19:45:00+00:00,cell_002,84.59,11.93,4.51,0.39,56.9,False
2026-08-11 19:46:00+00:00,cell_002,86.66,13.11,4.25,0.3,60.96,False
2026-08-11 19:47:00+00:00,cell_002,85.49,11.45,4.77,0.84,55.88,False
2026-08-11 19:48:00+00:00,cell_002,88.24,11.89,4.29,0.3,55.67,False
2026-08-11 19:49:00+00:00,cell_002,90.5,12.75,4.51,0.52,59.49,False
2026-08-11 19:50:00+00:00,cell_002,88.73,14.23,4.24,0.74,64.28,False
2026-08-11 19:51:00+00:00,cell_002,86.24,11.38,4.17,0.37,56.15,False
2026-08-11 19:52:00+00:00,cell_002,88.99,13.23,4.26,0.63,50.1,False
2026-08-11 19:53:00+00:00,cell_002,90.34,10.88,4.27,0.47,53.61,False
2026-08-11 19:54:00+00:00,cell_002,92.11,11.34,3.77,0.47,58.55,False
2026-08-11 19:55:00+00:00,cell_002,86.17,13.72,4.55,0.55,53.64,False
2026-08-11 19:56:00+00:00,cell_002,93.84,12.27,3.98,0.84,58.44,False
2026-08-11 19:57:00+00:00,cell_002,89.31,12.09,3.96,0.23,52.96,False
2026-08-11 19:58:00+00:00,cell_002,89.31,11.67,4.07,0.74,56.67,False
2026-08-11 19:59:00+00:00,cell_002,86.86,11.49,4.25,0.95,58.0,False
2026-08-11 20:00:00+00:00,cell_002,85.08,11.54,4.17,0.66,49.04,False
2026-08-11 20:01:00+00:00,cell_002,84.9,13.22,4.3,0.62,62.29,False
2026-08-11 20:02:00+00:00,cell_002,94.58,11.02,4.06,0.75,64.5,False
2026-08-11 20:03:00+00:00,cell_002,93.59,10.86,4.66,0.54,53.1,False
2026-08-11 20:04:00+00:00,cell_002,91.25,11.13,4.1,0.0,59.62,False
2026-08-11 20:05:00+00:00,cell_002,86.14,11.64,4.32,0.99,58.82,False
2026-08-11 20:06:00+00:00,cell_002,89.22,9.99,3.59,0.32,57.4,False
2026-08-11 20:07:00+00:00,cell_002,85.18,10.9,3.72,0.63,49.89,False
2026-08-11 20:08:00+00:00,cell_002,87.88,12.27,3.89,0.5,59.11,False
2026-08-11 20:09:00+00:00,cell_002,85.04,12.3,3.97,0.53,58.18,False
2026-08-11 20:10:00+00:00,cell_002,88.65,13.22,4.11,0.5,49.53,False
2026-08-11 20:11:00+00:00,cell_002,88.88,12.18,4.47,0.8,45.24,False
2026-08-11 20:12:00+00:00,cell_002,88.08,12.54,3.55,0.61,53.77,False
2026-08-11 20:13:00+00:00,cell_002,87.32,13.16,4.3,0.58,49.2,False
2026-08-11 20:14:00+00:00,cell_002,89.7,11.51,3.94,0.51,57.08,False
2026-08-11 20:15:00+00:00,cell_002,91.85,12.93,3.97,0.51,50.26,False
2026-08-11 20:16:00+00:00,cell_002,94.18,12.42,4.76,0.75,52.35,False
2026-08-11 20:17:00+00:00,cell_002,88.32,11.67,4.14,0.51,53.16,False
2026-08-11 20:18:00+00:00,cell_002,92.27,12.66,3.98,0.39,43.89,False
2026-08-11 20:19:00+00:00,cell_002,92.3,10.4,3.79,0.49,52.85,False
2026-08-11 20:20:00+00:00,cell_002,91.72,11.74,4.3,0.47,44.89,False
